-- phpMyAdmin SQL Dump
-- version 4.8.5
-- https://www.phpmyadmin.net/
--
-- Host: localhost
-- Generation Time: Aug 12, 2021 at 07:59 AM
-- Server version: 10.1.38-MariaDB
-- PHP Version: 5.6.40

SET SQL_MODE = "NO_AUTO_VALUE_ON_ZERO";
SET AUTOCOMMIT = 0;
START TRANSACTION;
SET time_zone = "+00:00";


/*!40101 SET @OLD_CHARACTER_SET_CLIENT=@@CHARACTER_SET_CLIENT */;
/*!40101 SET @OLD_CHARACTER_SET_RESULTS=@@CHARACTER_SET_RESULTS */;
/*!40101 SET @OLD_COLLATION_CONNECTION=@@COLLATION_CONNECTION */;
/*!40101 SET NAMES utf8mb4 */;

--
-- Database: `dbsibening`
--

-- --------------------------------------------------------

--
-- Table structure for table `aauth_groups`
--

CREATE TABLE `aauth_groups` (
  `id` int(11) UNSIGNED NOT NULL,
  `name` varchar(100) DEFAULT NULL,
  `definition` text
) ENGINE=InnoDB DEFAULT CHARSET=utf8;

--
-- Dumping data for table `aauth_groups`
--

INSERT INTO `aauth_groups` (`id`, `name`, `definition`) VALUES
(1, 'Admin', 'Super Admin Group'),
(3, 'Default', 'Default Access Group'),
(13, 'Loket Matraman', 'Administrasi loket pendaftaran'),
(14, 'Loket Palmeriam', 'Administrasi loket pendaftaran'),
(15, 'Loket Kayumanis', 'Administrasi loket pendaftaran'),
(16, 'Loket Kebon Manggis', 'Administrasi loket pendaftaran'),
(17, 'Loket UKS 1', 'Administrasi loket pendaftaran'),
(18, 'Loket UKS 2', 'Administrasi loket pendaftaran'),
(19, 'Loket UKUT', 'Administrasi loket pendaftaran'),
(20, 'Kepegawaian', 'Admin Kepegawaian'),
(21, 'User Non PNS', 'User Non PNS Umum'),
(22, 'User PNS', 'User PNS Umum'),
(23, 'User Koordinator', 'User Koordinator dan Penanggung jawab'),
(24, 'Caten', 'Caten'),
(25, 'Surveilens', 'Surveilens');

-- --------------------------------------------------------

--
-- Table structure for table `aauth_login_attempts`
--

CREATE TABLE `aauth_login_attempts` (
  `id` int(11) NOT NULL,
  `ip_address` varchar(39) DEFAULT '0',
  `timestamp` datetime DEFAULT NULL,
  `login_attempts` tinyint(2) DEFAULT '0'
) ENGINE=InnoDB DEFAULT CHARSET=latin1;

--
-- Dumping data for table `aauth_login_attempts`
--

INSERT INTO `aauth_login_attempts` (`id`, `ip_address`, `timestamp`, `login_attempts`) VALUES
(3, '180.244.217.57', '2019-06-24 08:04:18', 2),
(31, '180.244.217.57', '2019-06-24 09:06:58', 1),
(49, '36.70.234.43', '2019-06-24 09:53:53', 1),
(50, '180.244.217.57', '2019-06-24 09:57:15', 3),
(56, '110.138.172.49', '2019-06-24 10:32:10', 1),
(57, '36.70.121.41', '2019-06-24 10:37:04', 2),
(85, '141.0.8.153', '2019-06-24 13:17:48', 1),
(123, '36.70.121.41', '2019-06-24 15:37:12', 3),
(125, '36.70.121.41', '2019-06-24 15:58:29', 11),
(183, '182.253.14.31', '2019-06-25 11:25:48', 2),
(363, '120.188.93.138', '2019-06-27 06:26:28', 2),
(441, '36.70.121.41', '2019-06-27 14:18:11', 2),
(745, '182.0.179.29', '2019-06-28 19:21:31', 2),
(751, '36.70.121.41', '2019-06-28 19:42:36', 1),
(819, '36.70.121.41', '2019-06-29 15:23:43', 4),
(1283, '182.0.201.36', '2019-07-04 08:09:11', 3),
(1302, '182.0.202.83', '2019-07-04 11:52:59', 8),
(1304, '182.0.202.83', '2019-07-04 12:08:21', 10),
(1332, '182.0.232.123', '2019-07-04 18:25:22', 2),
(1478, '180.244.219.80', '2019-07-08 07:37:30', 1),
(1589, '36.70.181.109', '2019-07-13 20:46:37', 1),
(1657, '61.5.95.35', '2019-07-15 14:17:29', 1),
(1996, '202.80.212.252', '2019-07-20 17:10:12', 1),
(2105, '182.0.238.171', '2019-07-23 00:27:54', 4),
(2132, '36.69.103.235', '2019-07-23 08:41:51', 4),
(2445, '36.69.103.235', '2019-07-26 09:35:19', 1),
(2608, '110.138.88.5', '2019-07-29 07:47:20', 1),
(3134, '36.69.231.152', '2019-08-01 08:04:11', 1),
(3248, '140.213.41.113', '2019-08-01 16:38:49', 4),
(3283, '125.160.112.49', '2019-08-05 12:16:24', 1),
(3284, '114.124.172.170', '2019-08-05 12:22:15', 1),
(3286, '182.0.183.52', '2019-08-05 12:46:42', 1),
(3287, '119.252.171.202', '2019-08-05 13:01:31', 3),
(3365, '125.160.112.49', '2019-08-06 14:45:14', 1),
(3577, '180.242.169.227', '2019-08-12 13:49:14', 1),
(4072, '36.71.223.192', '2019-08-20 07:56:04', 2),
(4101, '36.71.223.192', '2019-08-20 12:01:12', 1),
(4301, '114.5.215.196', '2019-08-23 08:41:14', 2),
(4308, '36.84.141.135', '2019-08-23 09:38:32', 1),
(4579, '125.160.114.96', '2019-08-27 14:15:17', 2),
(4618, '125.166.215.34', '2019-08-27 18:53:47', 1),
(4658, '125.161.215.44', '2019-08-28 11:13:57', 1),
(4826, '180.252.203.98', '2019-08-29 16:16:47', 1),
(4870, '125.160.234.38', '2019-08-30 07:02:29', 1),
(5172, '36.84.139.147', '2019-08-30 18:47:43', 4),
(5232, '120.188.67.45', '2019-08-31 11:08:53', 2),
(5233, '120.188.67.45', '2019-08-31 11:20:50', 3),
(5258, '36.70.135.236', '2019-09-02 12:24:45', 4),
(5465, '153.164.106.167', '2019-09-15 23:30:31', 1),
(5818, '110.138.85.245', '2019-09-19 15:49:46', 1),
(5864, '110.138.85.245', '2019-09-20 10:34:18', 4),
(5954, '110.138.85.245', '2019-09-22 07:47:05', 1),
(5960, '180.252.204.209', '2019-09-22 09:29:57', 1),
(5975, '118.96.23.124', '2019-09-22 19:27:38', 2),
(6582, '202.80.213.156', '2019-09-29 20:05:15', 1),
(7014, '139.5.149.190', '2019-10-02 08:53:44', 3),
(7187, '36.70.176.70', '2019-10-04 11:10:58', 1),
(7367, '180.242.115.46', '2019-10-07 15:16:35', 1),
(7418, '61.5.72.136', '2019-10-10 15:06:21', 1),
(7482, '180.251.226.5', '2019-10-11 11:27:04', 3),
(7633, '103.22.251.179', '2019-10-14 13:50:55', 1),
(7676, '36.70.209.124', '2019-10-17 13:34:05', 2),
(8366, '180.242.172.27', '2019-10-30 14:14:44', 2),
(8538, '139.0.197.232', '2019-11-03 18:24:47', 1),
(8750, '36.84.148.163', '2019-11-06 13:00:08', 1),
(8752, '36.84.153.108', '2019-11-11 13:33:29', 1),
(8759, '36.84.153.108', '2019-11-11 14:20:00', 1),
(8805, '118.96.72.120', '2019-11-12 13:26:01', 1),
(8827, '36.71.212.102', '2019-11-13 15:58:07', 1),
(8961, '125.160.247.138', '2019-11-15 11:55:25', 1),
(9025, '120.188.94.39', '2019-11-16 11:42:48', 3),
(9026, '120.188.94.39', '2019-11-16 11:54:09', 6),
(9076, '125.166.90.180', '2019-11-18 10:19:02', 1),
(9312, '110.138.38.184', '2019-11-23 09:36:06', 11),
(9495, '110.138.39.19', '2019-11-26 09:08:39', 2),
(9503, '110.138.39.19', '2019-11-26 10:28:37', 3),
(9592, '103.10.66.65', '2019-11-27 09:17:45', 2),
(10108, '110.138.91.149', '2019-11-30 11:52:35', 1),
(10118, '36.70.116.128', '2019-11-30 16:12:38', 1),
(10164, '114.124.165.234', '2019-12-01 20:10:50', 1),
(10711, '114.5.211.128', '2019-12-09 18:54:35', 2),
(10838, '45.33.141.20', '2019-12-11 22:19:49', 4),
(10867, '36.70.90.79', '2019-12-12 09:33:44', 1),
(11270, '125.166.89.84', '2019-12-23 08:00:23', 1),
(11361, '125.166.89.84', '2019-12-23 18:47:01', 2),
(11372, '125.166.89.84', '2019-12-25 08:01:58', 1),
(11645, '182.0.206.24', '2019-12-28 11:47:37', 1),
(11740, '36.77.209.18', '2019-12-30 10:15:17', 1),
(12240, '110.138.152.65', '2020-01-03 11:36:56', 2),
(12300, '125.166.92.199', '2020-01-06 07:48:55', 4),
(12310, '125.166.92.199', '2020-01-06 08:41:01', 7),
(12344, '10.15.32.219', '2020-01-15 12:10:42', 10),
(12359, '10.15.32.219', '2020-01-15 13:14:38', 1),
(12365, '10.15.32.219', '2020-01-15 14:39:43', 2),
(12375, '10.15.32.219', '2020-01-15 15:38:44', 2),
(12409, '10.15.32.218', '2020-01-16 11:34:46', 1),
(12414, '10.15.32.218', '2020-01-16 11:54:46', 1),
(12423, '10.15.32.218', '2020-01-16 12:52:24', 1),
(12459, '10.15.32.218', '2020-01-16 15:03:32', 1),
(12487, '10.15.32.219', '2020-01-16 20:10:10', 3),
(12522, '10.15.32.219', '2020-01-17 14:08:39', 2),
(12537, '10.15.32.219', '2020-01-17 14:27:59', 2),
(12544, '10.15.32.218', '2020-01-17 14:36:43', 2),
(12545, '10.15.32.219', '2020-01-17 14:36:29', 1),
(12579, '10.15.32.218', '2020-01-17 15:45:20', 5),
(12583, '10.15.32.218', '2020-01-17 15:52:35', 1),
(12691, '10.15.32.219', '2020-01-18 10:01:08', 1),
(12692, '10.15.32.218', '2020-01-18 10:01:22', 1),
(12700, '10.15.32.218', '2020-01-18 11:33:00', 1),
(12705, '10.15.32.218', '2020-01-18 11:51:00', 1),
(12740, '10.15.32.218', '2020-01-18 17:40:31', 1),
(12762, '10.15.32.219', '2020-01-19 11:56:16', 1),
(12822, '10.15.32.219', '2020-01-20 09:28:28', 2),
(12908, '10.15.32.219', '2020-01-20 15:20:56', 1),
(12923, '10.15.32.218', '2020-01-20 19:18:23', 4),
(12929, '10.15.32.218', '2020-01-20 19:47:16', 1),
(12932, '10.15.32.218', '2020-01-20 20:24:38', 1),
(12935, '10.15.32.218', '2020-01-21 10:29:40', 1),
(12953, '10.15.32.219', '2020-01-21 13:05:23', 2),
(13068, '10.15.32.218', '2020-01-22 10:28:04', 1),
(13077, '10.15.32.218', '2020-01-22 11:33:07', 1),
(13096, '10.15.32.218', '2020-01-22 14:05:16', 4),
(13097, '10.15.32.219', '2020-01-22 14:05:02', 2),
(13111, '10.15.32.219', '2020-01-22 14:46:51', 15),
(13170, '10.15.32.218', '2020-01-23 09:07:39', 1),
(13190, '10.15.32.219', '2020-01-23 13:00:17', 2),
(13236, '10.15.32.218', '2020-01-23 15:17:50', 1),
(13274, '10.15.32.219', '2020-01-24 07:43:35', 1),
(13317, '10.15.32.219', '2020-01-24 10:52:01', 1),
(13352, '10.15.32.219', '2020-01-24 14:03:38', 1),
(13354, '10.15.32.219', '2020-01-24 14:13:47', 1),
(13355, '10.15.32.218', '2020-01-24 14:14:22', 1),
(13415, '10.15.32.218', '2020-01-24 17:17:24', 1),
(13432, '10.15.32.219', '2020-01-24 19:58:08', 1),
(13446, '10.15.32.218', '2020-01-25 07:37:19', 1),
(13449, '10.15.32.218', '2020-01-25 08:23:12', 4),
(13450, '10.15.32.219', '2020-01-25 08:23:34', 4),
(13464, '10.15.32.219', '2020-01-25 13:54:58', 1),
(13476, '10.15.32.219', '2020-01-25 18:48:56', 1),
(13479, '10.15.32.218', '2020-01-25 21:26:36', 1),
(13509, '10.15.32.219', '2020-01-27 06:56:59', 2),
(13543, '10.15.32.219', '2020-01-27 09:18:08', 1),
(13547, '10.15.32.218', '2020-01-27 09:51:43', 1),
(13654, '10.15.32.219', '2020-01-27 15:37:34', 1),
(13767, '10.15.32.218', '2020-01-28 11:39:14', 1),
(13829, '10.15.32.219', '2020-01-28 15:13:26', 1),
(13853, '10.15.32.218', '2020-01-28 15:52:32', 1),
(13868, '10.15.32.219', '2020-01-28 17:07:17', 1),
(13972, '10.15.32.218', '2020-01-29 13:01:33', 1),
(13989, '10.15.32.219', '2020-01-29 14:11:00', 1),
(13997, '10.15.32.218', '2020-01-29 14:30:47', 1),
(14034, '10.15.32.218', '2020-01-29 17:51:39', 1),
(14047, '10.15.32.219', '2020-01-30 05:11:27', 1),
(14049, '10.15.32.219', '2020-01-30 05:38:19', 1),
(14094, '10.15.32.218', '2020-01-30 09:42:59', 2),
(14116, '10.15.32.219', '2020-01-30 10:24:19', 1),
(14145, '10.15.32.219', '2020-01-30 13:23:19', 2),
(14199, '10.15.32.219', '2020-01-30 17:24:31', 1),
(14325, '10.15.32.218', '2020-01-31 10:17:13', 1),
(14326, '10.15.32.219', '2020-01-31 10:17:45', 1),
(14333, '10.15.32.219', '2020-01-31 10:42:07', 1),
(14341, '10.15.32.219', '2020-01-31 11:06:13', 1),
(14355, '10.15.32.219', '2020-01-31 12:05:10', 1),
(14427, '10.15.32.219', '2020-01-31 15:17:26', 1),
(14483, '10.15.32.219', '2020-01-31 17:00:27', 1),
(14627, '10.15.32.218', '2020-02-03 09:16:10', 1),
(14793, '10.15.32.218', '2020-02-06 13:07:34', 1),
(14891, '10.15.32.219', '2020-02-08 19:02:19', 1),
(14977, '10.15.32.219', '2020-02-10 15:29:55', 1),
(15026, '10.15.32.219', '2020-02-11 14:13:54', 1),
(15050, '10.15.32.219', '2020-02-11 16:13:54', 1),
(15087, '10.15.32.218', '2020-02-12 09:03:23', 1),
(15104, '10.15.32.218', '2020-02-12 12:47:31', 1),
(15105, '10.15.32.219', '2020-02-12 12:48:59', 1),
(15171, '10.15.32.219', '2020-02-13 10:17:08', 1),
(15175, '10.15.32.219', '2020-02-13 10:57:47', 2),
(15183, '10.15.32.219', '2020-02-13 13:02:39', 1),
(15223, '10.15.32.218', '2020-02-13 15:55:53', 1),
(15230, '10.15.32.219', '2020-02-13 17:14:44', 2),
(15290, '10.15.32.218', '2020-02-14 14:20:07', 1),
(15313, '10.15.32.219', '2020-02-14 16:14:57', 1),
(15317, '10.15.32.218', '2020-02-14 16:38:53', 1),
(15413, '10.15.32.219', '2020-02-17 13:19:27', 1),
(15457, '10.15.32.218', '2020-02-18 08:47:38', 1),
(15550, '10.15.32.219', '2020-02-19 14:15:54', 1),
(15627, '10.15.32.218', '2020-02-20 21:21:13', 1),
(15751, '10.15.32.218', '2020-02-23 16:06:32', 1),
(15774, '10.15.32.218', '2020-02-24 08:03:10', 1),
(15820, '10.15.32.219', '2020-02-24 13:53:09', 1),
(15880, '10.15.32.218', '2020-02-25 09:17:41', 1),
(15940, '10.15.32.218', '2020-02-26 07:23:20', 1),
(16058, '10.15.32.219', '2020-02-27 08:33:49', 1),
(16064, '10.15.32.218', '2020-02-27 09:18:33', 1),
(16132, '10.15.32.219', '2020-02-27 17:05:38', 1),
(16344, '10.15.32.219', '2020-02-28 17:03:03', 1),
(16428, '10.15.32.219', '2020-02-29 11:12:12', 1),
(16436, '10.15.32.219', '2020-02-29 12:01:33', 1),
(16438, '10.15.32.218', '2020-02-29 12:02:27', 1),
(16441, '10.15.32.218', '2020-02-29 12:56:34', 1),
(16443, '10.15.32.218', '2020-02-29 13:05:14', 3),
(16463, '10.15.32.219', '2020-02-29 18:16:52', 1),
(16530, '10.15.32.219', '2020-03-01 22:48:22', 1),
(16550, '10.15.32.219', '2020-03-02 07:46:39', 1),
(16578, '10.15.32.219', '2020-03-02 10:06:36', 1),
(16613, '10.15.32.218', '2020-03-02 16:24:24', 1),
(16614, '10.15.32.219', '2020-03-02 16:40:10', 1),
(16622, '10.15.32.218', '2020-03-02 22:28:09', 1),
(16751, '10.15.32.218', '2020-03-05 09:29:11', 1),
(16786, '10.15.32.218', '2020-03-05 17:23:32', 1),
(16813, '10.15.32.218', '2020-03-06 10:59:47', 1),
(16849, '10.15.32.219', '2020-03-06 16:21:52', 2),
(16866, '10.15.32.219', '2020-03-07 08:00:27', 1),
(16942, '10.15.32.218', '2020-03-09 14:12:04', 4),
(16943, '10.15.32.219', '2020-03-09 14:11:52', 3),
(16992, '10.15.32.219', '2020-03-10 11:16:19', 1),
(17181, '10.15.32.218', '2020-03-13 14:54:07', 1),
(17214, '10.15.32.219', '2020-03-13 16:08:10', 1),
(17227, '10.15.32.218', '2020-03-13 18:51:51', 1),
(17239, '10.15.32.218', '2020-03-14 08:34:14', 1),
(17250, '10.15.32.218', '2020-03-14 14:29:48', 1),
(17251, '10.15.32.219', '2020-03-14 14:31:06', 1),
(17268, '10.15.32.219', '2020-03-15 14:21:54', 1),
(17327, '10.15.32.219', '2020-03-16 12:45:26', 1),
(17462, '10.15.32.218', '2020-03-18 11:51:44', 1),
(17469, '10.15.32.219', '2020-03-18 13:42:39', 1),
(17488, '10.15.32.218', '2020-03-18 19:49:35', 2),
(17555, '10.15.32.218', '2020-03-19 16:29:18', 1),
(17559, '10.15.32.219', '2020-03-19 19:02:14', 1),
(17575, '10.15.32.218', '2020-03-20 09:04:54', 1),
(17744, '10.15.32.219', '2020-03-23 10:44:09', 1),
(17775, '10.15.32.218', '2020-03-23 13:57:11', 1),
(17810, '10.15.32.218', '2020-03-23 17:35:16', 1),
(17836, '10.15.32.218', '2020-03-24 08:55:17', 2),
(17864, '10.15.32.219', '2020-03-24 14:23:24', 1),
(17928, '10.15.32.218', '2020-03-26 08:41:46', 1),
(17932, '10.15.32.218', '2020-03-26 08:50:45', 3),
(17940, '10.15.32.218', '2020-03-26 09:14:59', 1),
(17943, '10.15.32.219', '2020-03-26 09:28:59', 1),
(18049, '10.15.32.218', '2020-03-27 08:58:56', 1),
(18067, '10.15.32.218', '2020-03-27 11:25:59', 1),
(18140, '10.15.32.218', '2020-03-27 20:14:13', 1),
(18148, '10.15.32.219', '2020-03-28 01:57:17', 1),
(18152, '10.15.32.218', '2020-03-28 07:50:15', 2),
(18154, '10.15.32.219', '2020-03-28 07:50:27', 1),
(18156, '10.15.32.219', '2020-03-28 08:11:00', 3),
(18165, '10.15.32.218', '2020-03-28 09:34:29', 1),
(18187, '10.15.32.218', '2020-03-29 00:54:30', 1),
(18212, '10.15.32.219', '2020-03-30 02:05:44', 5),
(18213, '10.15.32.218', '2020-03-30 02:05:18', 8),
(18228, '10.15.32.218', '2020-03-30 07:32:56', 1),
(18329, '10.15.32.219', '2020-03-30 14:34:03', 1),
(18359, '10.15.32.219', '2020-03-30 15:37:40', 1),
(18387, '10.15.32.219', '2020-03-30 18:59:29', 1),
(18410, '10.15.32.218', '2020-03-31 07:11:49', 1),
(18497, '10.15.32.219', '2020-03-31 11:03:27', 2),
(18591, '10.15.32.218', '2020-03-31 15:09:12', 1),
(18601, '10.15.32.219', '2020-03-31 15:25:13', 1),
(18653, '10.15.32.219', '2020-03-31 16:31:12', 2),
(18676, '10.15.32.218', '2020-03-31 21:26:35', 1),
(18682, '10.15.32.218', '2020-03-31 21:53:23', 1),
(18701, '10.15.32.219', '2020-04-01 05:32:58', 1),
(18710, '10.15.32.218', '2020-04-01 07:05:21', 1),
(18784, '10.15.32.218', '2020-04-01 10:58:58', 3),
(18835, '10.15.32.219', '2020-04-01 13:23:51', 3),
(19021, '10.15.32.218', '2020-04-01 17:03:59', 1),
(19156, '10.15.32.219', '2020-04-02 11:52:46', 1),
(19251, '10.15.32.218', '2020-04-02 14:58:16', 1),
(19380, '10.15.32.219', '2020-04-03 07:46:55', 1),
(19436, '10.15.32.218', '2020-04-03 10:39:48', 1),
(19615, '10.15.32.218', '2020-04-03 16:35:12', 1),
(19650, '10.15.32.218', '2020-04-03 21:12:24', 1),
(19665, '10.15.32.218', '2020-04-04 09:43:08', 1),
(19680, '10.15.32.219', '2020-04-04 22:24:40', 1),
(19694, '10.15.32.219', '2020-04-06 05:59:19', 1),
(19718, '10.15.32.218', '2020-04-06 09:05:33', 1),
(19889, '10.15.32.218', '2020-04-06 16:53:09', 1),
(19996, '10.15.32.219', '2020-04-07 13:47:40', 1),
(20340, '10.15.32.219', '2020-04-08 18:40:16', 1),
(20606, '10.15.32.218', '2020-04-10 12:34:49', 1),
(20649, '10.15.32.219', '2020-04-12 16:05:01', 1),
(20688, '10.15.32.218', '2020-04-13 09:57:14', 1),
(20699, '10.15.32.218', '2020-04-13 10:43:02', 1),
(20877, '10.15.32.219', '2020-04-13 17:52:08', 1),
(20887, '10.15.32.218', '2020-04-13 19:13:44', 1),
(20956, '10.15.32.219', '2020-04-14 14:07:56', 13),
(21370, '10.15.32.218', '2020-04-15 16:23:49', 1),
(21421, '10.15.32.218', '2020-04-16 09:34:49', 1),
(21900, '10.15.32.218', '2020-04-18 15:17:28', 1),
(21930, '10.15.32.218', '2020-04-20 07:16:35', 1),
(21934, '10.15.32.219', '2020-04-20 07:33:53', 2),
(21973, '10.15.32.218', '2020-04-20 11:14:58', 1),
(21988, '10.15.32.218', '2020-04-20 12:54:54', 1),
(22230, '10.15.32.219', '2020-04-21 13:15:30', 1),
(22384, '10.15.32.219', '2020-04-21 20:28:07', 4),
(22426, '10.15.32.219', '2020-04-22 10:29:53', 1),
(23151, '10.15.32.219', '2020-04-27 07:23:26', 1),
(23202, '10.15.32.218', '2020-04-27 11:17:07', 1),
(23224, '10.15.32.218', '2020-04-27 12:27:30', 1),
(23229, '10.15.32.218', '2020-04-27 12:54:41', 1),
(23373, '10.15.32.219', '2020-04-27 19:17:35', 1),
(23376, '10.15.32.218', '2020-04-27 20:38:39', 1),
(23379, '10.15.32.218', '2020-04-27 22:55:02', 1),
(23395, '10.15.32.219', '2020-04-28 10:10:15', 2),
(23868, '10.15.32.218', '2020-04-30 07:40:11', 2),
(24100, '10.15.32.218', '2020-04-30 20:31:20', 1),
(24130, '10.15.32.218', '2020-05-01 11:54:44', 1),
(24226, '10.15.32.218', '2020-05-04 07:52:59', 1),
(24253, '10.15.32.218', '2020-05-04 10:38:51', 1),
(24389, '10.15.32.218', '2020-05-04 15:00:24', 1),
(24481, '10.15.32.219', '2020-05-05 09:06:13', 1),
(24498, '10.15.32.218', '2020-05-05 10:52:51', 1),
(24500, '10.15.32.219', '2020-05-05 10:54:26', 2),
(24900, '10.15.32.218', '2020-05-08 06:22:27', 1),
(24965, '10.15.32.218', '2020-05-08 12:42:45', 1),
(25150, '10.15.32.218', '2020-05-10 21:18:28', 6),
(25153, '10.15.32.219', '2020-05-11 02:26:28', 1),
(25532, '10.15.32.218', '2020-05-12 14:48:16', 1),
(25597, '10.15.32.219', '2020-05-13 09:18:01', 2),
(25922, '10.15.32.218', '2020-05-14 16:06:31', 1),
(25930, '10.15.32.219', '2020-05-14 20:39:44', 1),
(25945, '10.15.32.219', '2020-05-15 06:51:26', 1),
(26173, '10.15.32.218', '2020-05-16 23:16:54', 1),
(26191, '10.15.32.218', '2020-05-17 20:33:09', 2),
(26271, '10.15.32.219', '2020-05-18 13:13:44', 1),
(26400, '10.15.32.218', '2020-05-19 08:31:09', 1),
(26420, '10.15.32.219', '2020-05-19 11:45:55', 1),
(26551, '10.15.32.219', '2020-05-19 17:14:47', 1),
(26772, '10.15.32.219', '2020-05-21 08:59:38', 1),
(26778, '10.15.32.219', '2020-05-21 15:37:42', 1),
(26780, '10.15.32.218', '2020-05-21 16:08:37', 1),
(26840, '10.15.32.218', '2020-05-22 09:40:58', 2),
(27012, '10.15.32.219', '2020-05-23 11:34:24', 1),
(27044, '10.15.32.218', '2020-05-24 22:50:38', 1),
(27053, '10.15.32.218', '2020-05-25 09:07:46', 1),
(27070, '10.15.32.218', '2020-05-26 08:02:15', 1),
(27078, '10.15.32.219', '2020-05-26 08:35:38', 1),
(27252, '10.15.32.218', '2020-05-27 01:03:14', 3),
(27296, '10.15.32.218', '2020-05-27 11:27:07', 1),
(27318, '10.15.32.219', '2020-05-27 13:55:54', 1),
(27447, '10.15.32.219', '2020-05-27 20:38:50', 1),
(27622, '10.15.32.218', '2020-05-28 16:51:17', 1),
(27696, '10.15.32.218', '2020-05-29 13:06:41', 1),
(27975, '10.15.32.218', '2020-05-30 17:36:51', 6),
(28000, '10.15.32.218', '2020-05-31 07:56:59', 1),
(28003, '10.15.32.219', '2020-05-31 08:23:32', 2),
(28017, '10.15.32.218', '2020-05-31 13:27:19', 1),
(28025, '10.15.32.218', '2020-05-31 14:21:12', 1),
(28046, '10.15.32.219', '2020-05-31 17:55:50', 1),
(28085, '10.15.32.218', '2020-05-31 23:13:09', 1),
(28168, '10.15.32.218', '2020-06-02 13:27:46', 2),
(28169, '10.15.32.219', '2020-06-02 13:25:41', 1),
(28182, '10.15.32.219', '2020-06-02 14:51:15', 1),
(28185, '10.15.32.218', '2020-06-02 14:55:28', 1),
(28268, '10.15.32.219', '2020-06-02 18:21:33', 1),
(28288, '10.15.32.218', '2020-06-03 07:57:57', 1),
(28494, '10.15.32.218', '2020-06-04 11:40:07', 1),
(28653, '10.15.32.219', '2020-06-05 08:42:41', 1),
(28677, '10.15.32.219', '2020-06-05 11:30:26', 1),
(28797, '10.15.32.218', '2020-06-06 19:42:20', 2),
(28968, '10.15.32.218', '2020-06-09 03:18:16', 1),
(29023, '10.15.32.219', '2020-06-09 13:26:43', 3),
(29025, '10.15.32.218', '2020-06-09 13:36:56', 1),
(29042, '10.15.32.219', '2020-06-09 14:34:09', 1),
(29047, '10.15.32.218', '2020-06-09 14:42:30', 1),
(29182, '10.15.32.219', '2020-06-10 13:56:00', 1),
(29335, '10.15.32.218', '2020-06-11 14:26:02', 1),
(29456, '10.15.32.218', '2020-06-12 09:34:27', 1),
(29598, '10.15.32.218', '2020-06-12 17:04:01', 1),
(29607, '10.15.32.219', '2020-06-12 19:51:20', 1),
(29624, '10.15.32.218', '2020-06-14 13:55:26', 1),
(29813, '10.15.32.219', '2020-06-16 12:46:18', 3),
(30358, '10.15.32.219', '2020-06-21 19:14:31', 1),
(30359, '10.15.32.218', '2020-06-21 19:15:28', 1),
(30386, '10.15.32.218', '2020-06-22 08:47:35', 1),
(30423, '10.15.32.219', '2020-06-22 14:14:11', 1),
(30494, '10.15.32.219', '2020-06-22 20:32:15', 1),
(30593, '10.15.32.218', '2020-06-23 15:11:28', 1),
(30708, '10.15.32.218', '2020-06-24 13:58:48', 1),
(30804, '10.15.32.219', '2020-06-25 08:57:28', 1),
(30887, '10.15.32.218', '2020-06-25 17:14:14', 1),
(31097, '10.15.32.219', '2020-06-28 21:09:51', 1),
(31135, '10.15.32.219', '2020-06-29 09:08:25', 1),
(31148, '10.15.32.218', '2020-06-29 11:26:02', 1),
(31151, '10.15.32.219', '2020-06-29 12:06:31', 1),
(31307, '10.15.32.219', '2020-06-30 10:14:52', 1),
(31749, '10.15.32.219', '2020-07-02 12:02:13', 1),
(31865, '10.15.32.218', '2020-07-03 07:53:22', 1),
(32054, '10.15.32.218', '2020-07-06 11:33:28', 1),
(32160, '10.15.32.219', '2020-07-07 11:50:21', 10),
(32162, '10.15.32.218', '2020-07-07 11:49:56', 7),
(32377, '10.15.32.219', '2020-07-09 15:45:09', 1),
(32566, '10.15.32.218', '2020-07-10 18:40:28', 1),
(32628, '10.15.32.219', '2020-07-13 08:28:20', 2),
(32716, '10.15.32.219', '2020-07-13 16:10:36', 4),
(32886, '10.15.32.219', '2020-07-15 10:42:04', 2),
(32923, '10.15.32.218', '2020-07-15 15:19:50', 1),
(32964, '10.15.32.218', '2020-07-15 20:10:14', 1),
(32965, '10.15.32.219', '2020-07-15 20:10:20', 1),
(32997, '10.15.32.219', '2020-07-16 08:43:18', 1),
(33026, '10.15.32.219', '2020-07-16 11:00:46', 2),
(33027, '10.15.32.218', '2020-07-16 11:00:01', 1),
(33040, '10.15.32.219', '2020-07-16 12:15:41', 3),
(33071, '10.15.32.219', '2020-07-16 14:57:44', 1),
(33124, '10.15.32.218', '2020-07-16 20:34:46', 1),
(33186, '10.15.32.218', '2020-07-17 14:24:27', 1),
(33190, '10.15.32.219', '2020-07-17 14:43:20', 1),
(33247, '10.15.32.219', '2020-07-17 16:41:27', 2),
(33263, '10.15.32.218', '2020-07-18 09:15:30', 5),
(33264, '10.15.32.219', '2020-07-18 09:12:30', 1),
(33317, '10.15.32.218', '2020-07-20 08:14:18', 1),
(33335, '10.15.32.219', '2020-07-20 10:00:00', 1),
(33507, '10.15.32.219', '2020-07-21 09:54:12', 6),
(33510, '10.15.32.218', '2020-07-21 10:01:49', 6),
(33515, '10.15.32.218', '2020-07-21 10:36:42', 3),
(33588, '10.15.32.218', '2020-07-21 22:01:37', 1),
(33704, '10.15.32.219', '2020-07-22 16:24:48', 1),
(33766, '10.15.32.218', '2020-07-23 13:43:08', 1),
(33886, '10.15.32.218', '2020-07-24 13:15:13', 1),
(33904, '10.15.32.218', '2020-07-24 14:37:56', 2),
(34000, '10.15.32.218', '2020-07-26 01:11:35', 1),
(34103, '10.15.32.218', '2020-07-27 15:34:09', 2),
(34158, '10.15.32.219', '2020-07-28 08:22:40', 3),
(34160, '10.15.32.219', '2020-07-28 08:31:03', 2),
(34163, '10.15.32.218', '2020-07-28 08:39:11', 1),
(34535, '10.15.32.218', '2020-07-30 11:49:27', 1),
(34540, '10.15.32.219', '2020-07-30 12:32:43', 1),
(34759, '10.15.32.218', '2020-07-31 15:37:11', 1),
(34786, '10.15.32.218', '2020-08-01 03:25:31', 2),
(34806, '10.15.32.218', '2020-08-01 19:09:14', 1),
(34815, '10.15.32.218', '2020-08-01 20:45:14', 1),
(34878, '10.15.32.218', '2020-08-03 09:05:25', 1),
(34894, '10.15.32.219', '2020-08-03 11:26:30', 2),
(34954, '10.15.32.219', '2020-08-03 19:25:47', 4),
(35080, '10.15.32.218', '2020-08-05 07:17:25', 2),
(35220, '10.15.32.218', '2020-08-06 11:01:13', 1),
(35418, '10.15.32.219', '2020-08-09 08:50:21', 1),
(35500, '10.15.32.218', '2020-08-10 13:36:16', 1),
(35694, '10.15.32.219', '2020-08-12 08:02:28', 1),
(35970, '10.15.32.218', '2020-08-14 15:03:40', 1),
(35994, '10.15.32.218', '2020-08-14 15:55:14', 1),
(36093, '10.15.32.219', '2020-08-17 11:21:22', 1),
(36094, '10.15.32.219', '2020-08-17 11:26:52', 2),
(36096, '10.15.32.218', '2020-08-17 11:44:23', 2),
(36111, '10.15.32.218', '2020-08-17 17:49:15', 1),
(36118, '10.15.32.218', '2020-08-17 19:56:25', 1),
(36229, '10.15.32.218', '2020-08-19 07:25:34', 1),
(36242, '10.15.32.218', '2020-08-19 08:32:12', 1),
(36260, '10.15.32.219', '2020-08-19 10:25:50', 2),
(36357, '10.15.32.218', '2020-08-23 09:50:17', 1),
(36362, '10.15.32.219', '2020-08-23 12:49:31', 1),
(36425, '10.15.32.219', '2020-08-24 13:08:28', 1),
(36474, '10.15.32.219', '2020-08-24 23:14:30', 1),
(36506, '10.15.32.218', '2020-08-25 09:19:02', 1),
(36521, '10.15.32.219', '2020-08-25 12:02:05', 2),
(36554, '10.15.32.219', '2020-08-25 15:08:56', 1),
(36680, '10.15.32.218', '2020-08-26 21:51:02', 1),
(36700, '10.15.32.219', '2020-08-27 08:23:32', 1),
(36809, '10.15.32.218', '2020-08-28 08:32:19', 1),
(36914, '10.15.32.218', '2020-08-28 18:49:42', 1),
(36919, '10.15.32.219', '2020-08-28 19:38:26', 1),
(36960, '10.15.32.218', '2020-08-30 14:54:33', 1),
(37029, '10.15.32.218', '2020-08-31 08:28:25', 1),
(37210, '10.15.32.219', '2020-09-01 05:18:47', 3),
(37212, '10.15.32.219', '2020-09-01 05:24:42', 3),
(37394, '10.15.32.218', '2020-09-02 12:53:21', 1),
(37446, '10.15.32.219', '2020-09-02 21:04:13', 1),
(37558, '10.15.32.219', '2020-09-04 09:56:47', 1),
(37578, '10.15.32.219', '2020-09-04 13:28:08', 1),
(37626, '10.15.32.219', '2020-09-05 04:24:02', 1),
(37657, '10.15.32.218', '2020-09-07 07:48:04', 1),
(37673, '10.15.32.218', '2020-09-07 09:29:32', 1),
(37743, '10.15.32.219', '2020-09-08 10:27:19', 2),
(37780, '10.15.32.219', '2020-09-08 16:17:14', 1),
(37927, '10.15.32.218', '2020-09-11 09:35:33', 1),
(38022, '10.15.32.219', '2020-09-12 07:31:46', 1),
(38063, '10.15.32.218', '2020-09-14 08:44:23', 1),
(38075, '10.15.32.218', '2020-09-14 10:05:48', 1),
(38097, '10.15.32.219', '2020-09-14 13:49:45', 1),
(38142, '10.15.32.218', '2020-09-14 20:03:47', 1),
(38251, '10.15.32.218', '2020-09-16 08:39:08', 2),
(38403, '10.15.32.219', '2020-09-17 16:58:14', 1),
(38411, '10.15.32.219', '2020-09-17 21:35:19', 1),
(38649, '10.15.32.218', '2020-09-22 07:21:45', 1),
(38666, '10.15.32.219', '2020-09-22 08:34:21', 1),
(38766, '10.15.32.219', '2020-09-22 23:50:11', 1),
(38869, '10.15.32.219', '2020-09-24 07:31:03', 1),
(39049, '10.15.32.218', '2020-09-25 15:22:19', 1),
(39112, '10.15.32.218', '2020-09-26 16:20:51', 2),
(39203, '10.15.32.218', '2020-09-28 12:45:45', 1),
(39204, '10.15.32.219', '2020-09-28 12:46:35', 1),
(39342, '10.15.32.219', '2020-09-29 15:12:34', 2),
(39411, '10.15.32.219', '2020-09-30 08:05:03', 1),
(39621, '10.15.32.219', '2020-10-01 08:42:40', 1),
(39701, '10.15.32.219', '2020-10-01 20:17:47', 1),
(39705, '10.15.32.219', '2020-10-01 23:44:18', 1),
(39730, '10.15.32.218', '2020-10-02 08:24:34', 1),
(39781, '10.15.32.218', '2020-10-02 16:01:59', 4),
(40115, '10.15.32.218', '2020-10-07 09:34:50', 2),
(40173, '10.15.32.218', '2020-10-07 16:18:42', 1),
(40232, '10.15.32.219', '2020-10-08 11:04:03', 1),
(40251, '10.15.32.219', '2020-10-08 15:02:56', 1),
(40278, '10.15.32.219', '2020-10-08 19:47:17', 1),
(40394, '10.15.32.219', '2020-10-09 16:34:54', 1),
(40435, '10.15.32.218', '2020-10-11 11:59:47', 1),
(40498, '10.15.32.218', '2020-10-12 13:31:58', 1),
(40512, '10.15.32.218', '2020-10-12 14:29:14', 1),
(40595, '10.15.32.219', '2020-10-13 11:27:55', 1),
(40596, '10.15.32.218', '2020-10-13 11:28:20', 1),
(40739, '10.15.32.219', '2020-10-14 16:41:55', 1),
(40741, '10.15.32.219', '2020-10-14 16:51:03', 1),
(40767, '10.15.32.219', '2020-10-15 07:54:47', 1),
(40810, '10.15.32.218', '2020-10-15 14:01:30', 1),
(40984, '10.15.32.219', '2020-10-17 08:49:27', 1),
(40995, '10.15.32.219', '2020-10-17 19:39:42', 1),
(41026, '10.15.32.218', '2020-10-19 08:02:49', 1),
(41201, '10.15.32.218', '2020-10-20 19:29:37', 2),
(41278, '10.15.32.218', '2020-10-21 11:53:07', 1),
(41303, '10.15.32.219', '2020-10-21 14:23:48', 1),
(41340, '10.15.32.218', '2020-10-21 17:23:22', 1),
(41362, '10.15.32.218', '2020-10-22 07:53:38', 1),
(41435, '10.15.32.219', '2020-10-22 16:02:12', 1),
(41492, '10.15.32.219', '2020-10-23 12:36:30', 1),
(41545, '10.15.32.219', '2020-10-23 16:14:55', 1),
(41602, '10.15.32.219', '2020-10-24 12:09:06', 1),
(41681, '10.15.32.218', '2020-10-26 10:04:05', 2),
(41809, '10.15.32.219', '2020-10-27 12:22:06', 1),
(41817, '10.15.32.218', '2020-10-27 12:58:37', 1),
(41861, '10.15.32.219', '2020-10-27 14:42:03', 1),
(41972, '10.15.32.219', '2020-10-28 14:35:35', 1),
(42013, '10.15.32.218', '2020-10-30 07:06:26', 1),
(42037, '10.15.32.219', '2020-10-30 08:37:54', 4),
(42042, '10.15.32.219', '2020-10-30 08:47:37', 1),
(42105, '10.15.32.218', '2020-10-30 12:48:51', 1),
(42136, '10.15.32.218', '2020-10-30 22:15:06', 1),
(42148, '10.15.32.218', '2020-10-31 08:18:52', 1),
(42180, '10.15.32.219', '2020-10-31 21:06:30', 1),
(42183, '10.15.32.219', '2020-10-31 21:30:21', 1),
(42367, '10.15.32.218', '2020-11-03 12:33:27', 1),
(42416, '10.15.32.218', '2020-11-04 06:33:32', 1),
(42518, '10.15.32.219', '2020-11-04 18:31:00', 2),
(42520, '10.15.32.218', '2020-11-04 18:41:04', 1),
(42551, '10.15.32.219', '2020-11-05 09:24:36', 1),
(42576, '10.15.32.219', '2020-11-05 12:36:52', 1),
(42606, '10.15.32.219', '2020-11-05 15:32:42', 3),
(42610, '10.15.32.218', '2020-11-05 15:39:09', 3),
(42617, '10.15.32.219', '2020-11-05 15:55:43', 1),
(42672, '10.15.32.219', '2020-11-06 14:10:06', 1),
(42814, '10.15.32.219', '2020-11-09 14:16:46', 3),
(42824, '10.15.32.219', '2020-11-09 14:47:05', 2),
(42832, '10.15.32.218', '2020-11-09 15:13:04', 1),
(42843, '10.15.32.218', '2020-11-09 15:52:17', 4),
(43008, '10.15.32.219', '2020-11-11 13:04:40', 1),
(43043, '10.15.32.218', '2020-11-11 15:48:03', 1),
(43115, '10.15.32.219', '2020-11-12 15:30:33', 1),
(43152, '10.15.32.218', '2020-11-13 08:40:34', 1),
(43192, '10.15.32.219', '2020-11-13 14:53:28', 1),
(43234, '10.15.32.219', '2020-11-14 08:49:31', 1),
(43380, '10.15.32.219', '2020-11-17 10:19:45', 1),
(43389, '10.15.32.219', '2020-11-17 12:16:59', 7),
(43390, '10.15.32.218', '2020-11-17 12:16:27', 5),
(43396, '10.15.32.219', '2020-11-17 13:40:38', 1),
(43490, '10.15.32.218', '2020-11-18 14:33:16', 1),
(43507, '10.15.32.218', '2020-11-18 15:41:37', 1),
(43647, '10.15.32.219', '2020-11-20 10:33:44', 1),
(43650, '10.15.32.219', '2020-11-20 10:41:08', 1),
(43906, '10.15.32.219', '2020-11-25 07:19:15', 1),
(44199, '10.15.32.218', '2020-11-29 12:19:55', 1),
(44212, '10.15.32.218', '2020-11-29 23:47:42', 3),
(44409, '10.15.32.218', '2020-11-30 22:15:28', 6),
(44426, '10.15.32.218', '2020-12-01 07:16:05', 1),
(44443, '10.15.32.219', '2020-12-01 07:47:54', 1),
(44461, '10.15.32.218', '2020-12-01 08:24:41', 1),
(44481, '10.15.32.219', '2020-12-01 10:21:05', 2),
(44514, '10.15.32.218', '2020-12-01 14:44:23', 1),
(44537, '10.15.32.218', '2020-12-01 17:21:09', 1),
(44555, '10.15.32.218', '2020-12-02 06:40:12', 1),
(44646, '10.15.32.219', '2020-12-03 05:49:00', 2),
(44702, '10.15.32.218', '2020-12-03 14:21:27', 1),
(44713, '10.15.32.218', '2020-12-03 15:03:39', 1),
(44714, '10.15.32.219', '2020-12-03 15:04:03', 3),
(44950, '10.15.32.218', '2020-12-07 22:20:27', 1),
(44977, '10.15.32.219', '2020-12-08 11:59:58', 1),
(45043, '10.15.32.219', '2020-12-10 13:34:26', 1),
(45062, '10.15.32.219', '2020-12-10 15:38:55', 2),
(45077, '10.15.32.219', '2020-12-10 23:01:25', 1),
(45182, '10.15.32.219', '2020-12-12 07:08:57', 1),
(45183, '10.15.32.218', '2020-12-12 07:09:13', 1),
(45305, '10.15.32.219', '2020-12-15 08:41:33', 1),
(45313, '10.15.32.219', '2020-12-15 09:43:34', 1),
(45316, '10.15.32.218', '2020-12-15 10:03:02', 1),
(45423, '10.15.32.218', '2020-12-16 14:21:25', 1),
(45524, '10.15.32.218', '2020-12-18 07:59:31', 1),
(45547, '10.15.32.218', '2020-12-18 09:13:52', 1),
(45621, '10.15.32.219', '2020-12-18 16:59:29', 1),
(45635, '10.15.32.218', '2020-12-19 09:18:25', 2),
(45778, '10.15.32.219', '2020-12-22 08:50:50', 1),
(45811, '10.15.32.218', '2020-12-22 15:09:19', 1),
(45866, '10.15.32.219', '2020-12-23 10:00:36', 1),
(45901, '10.15.32.219', '2020-12-23 15:02:31', 1),
(45971, '10.15.32.218', '2020-12-25 13:18:23', 1),
(46321, '10.15.32.219', '2020-12-30 09:31:43', 1),
(46513, '10.15.32.218', '2020-12-31 13:08:43', 1),
(46530, '10.15.32.219', '2020-12-31 15:12:17', 1),
(46535, '10.15.32.219', '2020-12-31 16:30:35', 1),
(46578, '10.15.32.219', '2021-01-01 06:30:38', 1),
(46796, '10.15.32.219', '2021-01-05 10:14:31', 3),
(46802, '10.15.32.219', '2021-01-05 11:06:05', 1),
(46853, '10.15.32.218', '2021-01-06 09:18:50', 1),
(46901, '10.15.32.219', '2021-01-07 11:05:19', 1),
(46982, '10.15.32.218', '2021-01-07 15:45:09', 1),
(46986, '10.15.32.219', '2021-01-07 15:54:05', 1),
(47059, '10.15.32.218', '2021-01-08 09:55:15', 3),
(47104, '10.15.32.219', '2021-01-08 15:18:08', 1),
(47140, '10.15.32.218', '2021-01-09 19:06:18', 1),
(47141, '10.15.32.219', '2021-01-09 19:09:22', 3),
(47142, '10.15.32.219', '2021-01-09 19:17:01', 1),
(47143, '10.15.32.218', '2021-01-09 19:17:19', 1),
(47354, '10.15.32.219', '2021-01-12 14:02:45', 1),
(47410, '10.15.32.219', '2021-01-13 08:23:37', 1),
(47421, '10.15.32.219', '2021-01-13 08:59:29', 1),
(47547, '10.15.32.218', '2021-01-14 14:52:42', 1),
(47557, '10.15.32.218', '2021-01-14 16:01:20', 1),
(47620, '10.15.32.219', '2021-01-15 13:48:32', 3),
(47621, '10.15.32.218', '2021-01-15 13:47:56', 1),
(47687, '10.15.32.219', '2021-01-17 08:19:13', 1),
(47751, '10.15.32.219', '2021-01-18 10:31:58', 1),
(47765, '10.15.32.218', '2021-01-18 12:16:48', 1),
(47777, '10.15.32.219', '2021-01-18 14:36:33', 3),
(47812, '10.15.32.218', '2021-01-18 16:25:41', 1),
(47890, '10.15.32.219', '2021-01-19 16:16:33', 1),
(47891, '10.15.32.218', '2021-01-19 16:17:52', 1),
(48003, '10.15.32.218', '2021-01-20 17:27:13', 2),
(48065, '10.15.32.219', '2021-01-21 12:50:11', 1),
(48227, '10.15.32.219', '2021-01-24 16:09:10', 1),
(48262, '10.15.32.218', '2021-01-25 08:46:22', 1),
(48283, '10.15.32.218', '2021-01-25 11:03:15', 1),
(48304, '10.15.32.218', '2021-01-25 13:59:18', 1),
(48353, '10.15.32.218', '2021-01-26 08:14:00', 2),
(48467, '10.15.32.219', '2021-01-27 10:55:14', 1),
(48471, '10.15.32.219', '2021-01-27 11:36:43', 2),
(48517, '10.15.32.219', '2021-01-27 18:07:26', 2),
(48526, '10.15.32.219', '2021-01-28 07:06:37', 2),
(48568, '10.15.32.219', '2021-01-28 14:10:03', 1),
(48697, '10.15.32.219', '2021-01-29 12:36:48', 1),
(48703, '10.15.32.218', '2021-01-29 12:57:53', 1),
(48704, '10.15.32.219', '2021-01-29 12:58:44', 1),
(48843, '10.15.32.219', '2021-01-29 21:03:27', 1),
(48844, '10.15.32.218', '2021-01-29 21:08:06', 3),
(48908, '10.15.32.218', '2021-01-30 16:35:08', 1),
(49019, '10.15.32.219', '2021-01-31 22:56:33', 2),
(49165, '10.15.32.219', '2021-02-02 08:29:36', 1),
(49258, '10.15.32.219', '2021-02-03 08:41:15', 1),
(49259, '10.15.32.218', '2021-02-03 08:41:25', 1),
(49488, '10.15.32.218', '2021-02-08 07:28:56', 2),
(49489, '10.15.32.218', '2021-02-08 07:54:35', 1),
(49519, '10.15.32.218', '2021-02-08 11:43:41', 1),
(49541, '10.15.32.218', '2021-02-08 14:22:09', 1),
(49572, '10.15.32.218', '2021-02-09 08:24:03', 1),
(49598, '10.15.32.218', '2021-02-09 11:15:27', 1),
(49770, '10.15.32.219', '2021-02-11 15:49:43', 1),
(49804, '10.15.32.219', '2021-02-12 20:09:29', 1),
(49949, '10.15.32.219', '2021-02-16 09:05:25', 1),
(50085, '10.15.32.219', '2021-02-18 09:59:58', 1),
(50128, '10.15.32.219', '2021-02-18 15:25:12', 1),
(50291, '10.15.32.219', '2021-02-22 09:14:01', 1),
(50445, '10.15.32.219', '2021-02-24 08:01:56', 1),
(50569, '10.15.32.218', '2021-02-25 14:49:14', 1),
(50588, '10.15.32.219', '2021-02-25 16:37:55', 1),
(50689, '10.15.32.218', '2021-02-26 15:09:35', 2),
(50990, '10.15.32.219', '2021-03-01 11:21:14', 1),
(51006, '10.15.32.219', '2021-03-01 14:37:18', 1),
(51008, '10.15.32.219', '2021-03-01 14:46:51', 2),
(51017, '10.15.32.218', '2021-03-01 15:29:35', 1),
(51057, '10.15.32.218', '2021-03-02 09:22:40', 1),
(51190, '10.15.32.219', '2021-03-03 18:50:02', 1),
(51208, '10.15.32.218', '2021-03-04 08:00:42', 1),
(51228, '10.15.32.218', '2021-03-04 09:44:12', 15),
(51395, '10.15.32.218', '2021-03-06 06:54:02', 1),
(51413, '10.15.32.219', '2021-03-07 09:23:14', 1),
(51420, '10.15.32.219', '2021-03-07 15:10:35', 1),
(51439, '10.15.32.218', '2021-03-08 08:01:36', 1),
(51570, '10.15.32.218', '2021-03-09 19:02:25', 1),
(51605, '10.15.32.218', '2021-03-10 11:38:51', 1),
(51646, '10.15.32.218', '2021-03-11 06:32:57', 1),
(51707, '10.15.32.219', '2021-03-12 11:23:28', 1),
(51725, '10.15.32.219', '2021-03-12 14:10:00', 1),
(51756, '10.15.32.219', '2021-03-12 16:38:40', 1),
(51990, '10.15.32.218', '2021-03-17 13:10:31', 1),
(52047, '10.15.32.219', '2021-03-18 08:40:24', 1),
(52089, '10.15.32.218', '2021-03-19 00:30:32', 3),
(52090, '10.15.32.219', '2021-03-19 00:30:40', 1),
(52108, '10.15.32.219', '2021-03-19 08:32:41', 1),
(52216, '10.15.32.218', '2021-03-21 15:29:12', 1),
(52296, '10.15.32.218', '2021-03-22 17:38:36', 1),
(52357, '10.15.32.218', '2021-03-23 14:40:56', 2),
(52402, '10.15.32.218', '2021-03-24 10:23:59', 1),
(52607, '10.15.32.219', '2021-03-26 19:27:11', 1),
(52722, '10.15.32.219', '2021-03-29 13:20:27', 1),
(52755, '10.15.32.218', '2021-03-29 16:35:15', 1),
(52919, '10.15.32.218', '2021-03-31 08:49:24', 1),
(52962, '10.15.32.219', '2021-03-31 13:38:13', 1),
(53077, '10.15.32.219', '2021-03-31 20:33:11', 1),
(53130, '10.15.32.219', '2021-04-01 08:47:58', 1),
(53279, '10.15.32.218', '2021-04-05 10:54:27', 2),
(53289, '10.15.32.218', '2021-04-05 11:44:15', 4),
(53419, '10.15.32.218', '2021-04-07 08:29:43', 1),
(53424, '10.15.32.219', '2021-04-07 09:46:09', 2),
(53433, '10.15.32.219', '2021-04-07 11:19:13', 1),
(53484, '10.15.32.218', '2021-04-08 13:22:17', 1),
(53513, '10.15.32.219', '2021-04-08 16:38:07', 1),
(53556, '10.15.32.218', '2021-04-09 14:32:39', 1),
(53579, '10.15.32.219', '2021-04-09 15:54:46', 1),
(53611, '10.15.32.219', '2021-04-10 15:05:58', 2),
(53670, '10.15.32.218', '2021-04-12 15:25:44', 1),
(53701, '10.15.32.218', '2021-04-13 07:51:48', 1),
(53717, '10.15.32.219', '2021-04-13 08:29:36', 1),
(53719, '10.15.32.218', '2021-04-13 08:34:24', 2),
(53781, '10.15.32.218', '2021-04-14 07:02:15', 1),
(53882, '10.15.32.218', '2021-04-15 10:11:24', 1),
(53886, '10.15.32.219', '2021-04-15 10:36:34', 1),
(53964, '10.15.32.218', '2021-04-16 10:32:51', 1),
(54025, '10.15.32.219', '2021-04-17 16:15:42', 1),
(54034, '10.15.32.219', '2021-04-18 11:34:08', 1),
(54060, '10.15.32.219', '2021-04-19 08:08:53', 1),
(54105, '10.15.32.219', '2021-04-19 17:38:39', 2),
(54137, '10.15.32.219', '2021-04-20 09:59:45', 1),
(54285, '10.15.32.219', '2021-04-22 13:07:05', 1),
(54300, '10.15.32.218', '2021-04-23 14:09:51', 1),
(54333, '10.15.32.219', '2021-04-26 07:18:33', 3),
(54358, '10.15.32.218', '2021-04-26 12:43:25', 2),
(54454, '10.15.32.218', '2021-04-27 08:30:29', 1),
(54641, '10.15.32.218', '2021-04-28 15:46:23', 1),
(54652, '10.15.32.218', '2021-04-28 20:43:18', 1),
(54757, '10.15.32.218', '2021-04-29 15:57:34', 1),
(54776, '10.15.32.218', '2021-04-30 02:58:31', 1),
(54841, '10.15.32.218', '2021-04-30 10:23:06', 3),
(54872, '10.15.32.219', '2021-04-30 12:06:17', 1),
(54898, '10.15.32.219', '2021-04-30 13:11:13', 1),
(54962, '10.15.32.218', '2021-04-30 15:14:50', 1),
(54992, '10.15.32.218', '2021-04-30 20:22:39', 1),
(55015, '10.15.32.218', '2021-05-01 04:21:56', 1),
(55052, '10.15.32.219', '2021-05-01 11:01:42', 1),
(55070, '10.15.32.219', '2021-05-01 20:26:22', 1),
(55082, '10.15.32.219', '2021-05-01 22:38:50', 1),
(55111, '10.15.32.219', '2021-05-02 14:11:46', 1),
(55207, '10.15.32.218', '2021-05-03 19:17:53', 1),
(55345, '10.15.32.219', '2021-05-05 12:40:52', 1),
(55368, '10.15.32.218', '2021-05-05 20:13:13', 1),
(55377, '10.15.32.218', '2021-05-06 07:39:51', 1),
(55396, '10.15.32.219', '2021-05-06 09:05:55', 1),
(55519, '10.15.32.219', '2021-05-09 07:38:48', 1),
(55562, '10.15.32.218', '2021-05-10 09:12:33', 1),
(55582, '10.15.32.219', '2021-05-14 10:46:45', 1),
(55602, '10.15.32.218', '2021-05-15 14:04:36', 1),
(55620, '10.15.32.219', '2021-05-16 21:14:49', 1),
(55707, '10.15.32.218', '2021-05-18 07:03:08', 1),
(55744, '10.15.32.218', '2021-05-18 11:34:16', 1),
(55787, '10.15.32.218', '2021-05-19 07:30:33', 1),
(55934, '10.15.32.219', '2021-05-20 21:13:39', 1),
(55956, '10.15.32.218', '2021-05-21 09:57:22', 2),
(56067, '10.15.32.219', '2021-05-24 08:23:45', 2),
(56142, '10.15.32.219', '2021-05-24 18:26:33', 1),
(56258, '10.15.32.218', '2021-05-27 08:25:52', 1),
(56267, '10.15.32.218', '2021-05-27 09:04:31', 1),
(56268, '10.15.32.219', '2021-05-27 09:05:28', 1),
(56273, '10.15.32.219', '2021-05-27 09:36:24', 1),
(56281, '10.15.32.218', '2021-05-27 10:50:10', 1),
(56346, '10.15.32.218', '2021-05-28 04:22:46', 1),
(56361, '10.15.32.218', '2021-05-28 08:45:24', 2),
(56435, '10.15.32.218', '2021-05-28 14:32:43', 2),
(56458, '10.15.32.218', '2021-05-28 15:36:37', 1),
(56504, '10.15.32.219', '2021-05-29 17:06:51', 1),
(56607, '10.15.32.219', '2021-05-31 09:19:21', 1),
(56620, '10.15.32.219', '2021-05-31 10:02:02', 1),
(56753, '10.15.32.218', '2021-05-31 17:12:25', 1),
(56765, '10.15.32.219', '2021-05-31 18:23:05', 3),
(56766, '10.15.32.218', '2021-05-31 18:22:29', 1),
(56767, '10.15.32.219', '2021-05-31 18:28:53', 2),
(56768, '10.15.32.218', '2021-05-31 18:31:05', 5),
(56769, '10.15.32.218', '2021-05-31 18:39:39', 1),
(56813, '10.15.32.218', '2021-06-01 00:28:46', 1),
(56820, '10.15.32.218', '2021-06-01 05:26:24', 2),
(56823, '10.15.32.218', '2021-06-01 06:40:45', 2),
(56839, '10.15.32.218', '2021-06-01 10:11:57', 1),
(56892, '10.15.32.219', '2021-06-01 19:08:25', 2),
(56961, '10.15.32.219', '2021-06-02 13:08:17', 1),
(57112, '10.15.32.218', '2021-06-04 12:26:03', 1),
(57145, '10.15.32.219', '2021-06-04 15:37:51', 1),
(57149, '10.15.32.218', '2021-06-04 16:21:16', 1),
(57186, '10.15.32.219', '2021-06-06 21:14:27', 1),
(57281, '10.15.32.219', '2021-06-08 09:03:49', 1),
(57299, '10.15.32.218', '2021-06-08 12:57:09', 1),
(57332, '10.15.32.218', '2021-06-08 22:10:27', 1),
(57337, '10.15.32.219', '2021-06-09 07:21:58', 1),
(57406, '10.15.32.218', '2021-06-10 07:25:39', 1),
(57430, '10.15.32.218', '2021-06-10 09:52:24', 1),
(57436, '10.15.32.219', '2021-06-10 11:12:41', 1),
(57453, '10.15.32.219', '2021-06-10 14:52:09', 1),
(57465, '10.15.32.219', '2021-06-10 21:33:11', 1),
(57531, '10.15.32.219', '2021-06-11 16:14:13', 2),
(57533, '10.15.32.218', '2021-06-11 16:30:13', 1),
(57534, '10.15.32.219', '2021-06-11 16:30:22', 1),
(57726, '10.15.32.218', '2021-06-16 12:29:54', 1),
(57772, '10.15.32.219', '2021-06-17 08:49:25', 2),
(57816, '10.15.32.218', '2021-06-17 15:27:01', 1),
(57822, '10.15.32.219', '2021-06-17 21:12:17', 1),
(57911, '10.15.32.218', '2021-06-20 16:20:20', 2),
(57937, '10.15.32.219', '2021-06-21 11:16:57', 1),
(57938, '10.15.32.218', '2021-06-21 11:17:21', 2),
(57946, '10.15.32.218', '2021-06-21 13:11:13', 1),
(57997, '10.15.32.219', '2021-06-22 08:15:31', 1),
(58046, '10.15.32.219', '2021-06-23 07:53:06', 1),
(58128, '10.15.32.219', '2021-06-24 07:18:46', 1),
(58192, '10.15.32.219', '2021-06-24 19:37:05', 1),
(58251, '10.15.32.218', '2021-06-25 15:27:19', 1),
(58262, '10.15.32.218', '2021-06-26 06:20:10', 1),
(58295, '10.15.32.218', '2021-06-27 19:06:55', 1),
(58315, '10.15.32.218', '2021-06-28 08:45:30', 1),
(58391, '10.15.32.219', '2021-06-29 07:51:20', 2),
(58613, '10.15.32.218', '2021-06-30 16:08:21', 1),
(58636, '10.15.32.219', '2021-06-30 17:46:20', 1),
(58640, '10.15.32.218', '2021-06-30 17:53:14', 1),
(58654, '10.15.32.218', '2021-06-30 19:31:26', 1),
(58659, '10.15.32.218', '2021-06-30 19:54:08', 1),
(58714, '10.15.32.218', '2021-07-01 09:53:00', 1),
(58743, '10.15.32.219', '2021-07-01 15:35:57', 1),
(58772, '10.15.32.219', '2021-07-02 07:40:44', 1),
(58800, '10.15.32.219', '2021-07-02 15:19:24', 1),
(58803, '10.15.32.218', '2021-07-02 15:33:24', 1),
(58867, '10.15.32.219', '2021-07-05 14:45:23', 1),
(58870, '10.15.32.219', '2021-07-05 14:56:02', 2),
(58871, '10.15.32.218', '2021-07-05 14:56:58', 2),
(58881, '10.15.32.219', '2021-07-06 08:33:07', 1),
(58895, '10.15.32.218', '2021-07-06 12:59:18', 1),
(58897, '10.15.32.219', '2021-07-06 13:04:30', 2),
(58900, '192.168.101.54', '2021-08-05 05:48:07', 2);

-- --------------------------------------------------------

--
-- Table structure for table `aauth_perms`
--

CREATE TABLE `aauth_perms` (
  `id` int(11) UNSIGNED NOT NULL,
  `name` varchar(100) DEFAULT NULL,
  `definition` text,
  `parent_id` int(11) NOT NULL DEFAULT '0',
  `url` varchar(250) DEFAULT NULL,
  `icon` varchar(100) DEFAULT NULL,
  `module_id` int(11) DEFAULT '0',
  `urutan_menu` int(11) NOT NULL
) ENGINE=InnoDB DEFAULT CHARSET=utf8;

--
-- Dumping data for table `aauth_perms`
--

INSERT INTO `aauth_perms` (`id`, `name`, `definition`, `parent_id`, `url`, `icon`, `module_id`, `urutan_menu`) VALUES
(1, 'dashboard_sys_admin', 'Dashboard', 0, 'sistem_admin', 'fa fa-dashboard', 1, 1),
(2, 'dashboard_loket', 'Dashboard', 0, 'loket', 'fa fa-dashboard', 2, 1),
(3, 'group_management_perm', 'Group Management', 0, 'sistem_admin/group', 'fa fa-table', 1, 2),
(4, 'module_management_perm', 'Module Management', 0, 'sistem_admin/module', 'fa fa-table', 1, 3),
(5, 'permission_management_perm', 'Permission Management', 0, 'sistem_admin/permission', 'fa fa-key', 1, 4),
(6, 'user_to_group_perm', 'User to Group', 0, 'sistem_admin/user_group', 'fa fa-users', 1, 5),
(7, 'userlogs_perm', 'Log User', 0, 'sistem_admin/userlogs', 'fa fa-history', 1, 6),
(9, 'rm_matraman_loket_perm', 'RM PKC Matraman', 0, 'loket/rm_matraman', 'fa fa-book', 2, 2),
(10, 'dashboard_kepegawaian', 'Dashboard', 0, 'kepegawaian', 'fa fa-dashboard', 4, 1),
(11, 'dashboard_ekinerja', 'Dashboard', 0, 'ekinerja', 'fa fa-dashboard', 5, 1),
(12, 'dashboard_ecuti', 'Dashboard', 0, 'ecuti', 'fa fa-dashboard', 6, 1),
(13, 'dashboard_gudang_umum', 'Dashboard', 0, 'gudang_umum', 'fa fa-dashboard', 7, 1),
(14, 'dashboard_perencanaan', 'Dashboard', 0, 'perencanaan', 'fa fa-dashboard', 8, 1),
(15, 'dashboard_farmasi', 'Dashboard', 0, 'farmasi', 'fa fa-dashboard', 9, 1),
(16, 'rm_kayumanis_loket_perm', 'RM PKL Kayumanis', 0, 'loket/rm_kayumanis', 'fa fa-book', 2, 3),
(17, 'rm_palmeriam_loket_perm', 'RM PKL Palmeriam', 0, 'loket/rm_palmeriam', 'fa fa-book', 2, 4),
(18, 'rm_kbm_loket_perm', 'RM PKL Kebon Manggis', 0, 'loket/rm_kbm', 'fa fa-book', 2, 5),
(19, 'rm_uks1_loket_perm', 'RM PKL UKS 1', 0, 'loket/rm_uks1', 'fa fa-book', 2, 6),
(20, 'rm_uks2_loket_perm', 'RM PKL UKS 2', 0, 'loket/rm_uks2', 'fa fa-book', 2, 7),
(21, 'rm_ukut_loket_perm', 'RM PKL UKUT', 0, 'loket/rm_ukut', 'fa fa-book', 2, 8),
(22, 'pegawai_kepegawaian_perm', 'Pegawai', 0, 'kepegawaian/pegawai', 'fa  fa-user', 4, 2),
(23, 'master_kepegawaian_perm', 'Master Data', 0, '#', 'fa fa-database', 4, 3),
(24, 'bagian_master_kepegawaian_perm', 'Bagian / Unit', 23, 'kepegawaian/bagian', 'fa fa-sitemap', 4, 4),
(25, 'agama_master_kepegawaian_perm', 'Agama', 23, 'kepegawaian/agama', 'fa fa-circle-o', 4, 5),
(26, 'jabatan_master_kepegawaian_perm', 'Jabatan', 23, 'kepegawaian/jabatan', 'fa fa-circle-o', 4, 6),
(27, 'pendidikan_master_kepegawaian_perm', 'Pendidikan', 23, 'kepegawaian/pendidikan', 'fa fa-circle-o', 4, 7),
(28, 'status_kawin_kepegawaian_perm', 'Status Kawin', 23, 'kepegawaian/status_kawin', 'fa fa-circle-o', 4, 8),
(29, 'rumpun_master_kepegawaian_perm', 'Rumpun Jabatan', 23, 'kepegawaian/rumpun_jabatan', 'fa fa-circle-o', 4, 9),
(30, 'master_ekinerja_perm', 'Master Data', 0, '#', 'fa fa-database', 5, 2),
(31, 'skp_master_ekinerja_perm', 'Master SKP', 30, 'ekinerja/master_skp', 'fa fa-circle-o', 5, 3),
(32, 'waktukerja_master_ekinerja_perm', 'Waktu Kerja', 30, 'ekinerja/waktu_kerja', 'fa fa-circle-o', 5, 4),
(33, 'penyerapan_master_ekinerja_perm', 'Penyerapan', 30, 'ekinerja/penyerapan', 'fa fa-circle-o', 5, 5),
(34, 'gaji_master_ekinerja_perm', 'Gaji', 30, 'ekinerja/gaji', 'fa fa-circle-o', 5, 6),
(35, 'skptahunan_ekinerja_perm', 'SKP Tahunan', 0, 'ekinerja/skp_tahunan', 'fa fa-circle-o', 5, 7),
(36, 'input_aktifitas_ekinerja_perm', 'Input Aktifitas', 0, 'ekinerja/input_aktifitas', 'fa fa-circle-o', 5, 8),
(37, 'capaian_kinerja_ekinerja_perm', 'Capaian Kinerja', 0, 'ekinerja/capaian_kinerja', 'fa fa-circle-o', 5, 9),
(38, 'validasi_skp_ekinerja_perm', 'Validasi SKP Tahunan', 0, 'ekinerja/validasi_skp', 'fa fa-circle-o', 5, 10),
(39, 'validasi_kinerja_ekinerja_perm', 'Validasi Kinerja', 0, 'ekinerja/validasi_kinerja', 'fa fa-circle-o', 5, 11),
(40, 'prestasi_pegawai_ekinerja_perm', 'Prestasi Pegawai', 0, 'ekinerja/prestasi_pegawai', 'fa fa-circle-o', 5, 12),
(41, 'absensi_ekinerja_perm', 'Absensi', 0, 'ekinerja/absensi', 'fa fa-circle-o', 5, 13),
(42, 'gaji_pegawai_ekinerja_perm', 'Gaji Pegawai', 0, 'ekinerja/gaji_pegawai', 'fa fa-circle-o', 5, 15),
(43, 'tunjangan_pegawai_ekinerja_perm', 'Tunjangan Pegawai', 0, 'ekinerja/tunjangan_pegawai', 'fa fa-circle-o', 5, 16),
(44, 'pengajuan_cuti_perm', 'Pengajuan Cuti', 0, 'ecuti/pengajuan_cuti', 'fa fa-circle-o', 6, 2),
(45, 'review_cuti_perm', 'Review Cuti', 0, 'ecuti/review_cuti', 'fa fa-circle-o', 6, 3),
(46, 'persetujuan_pj_perm', 'Persetujuan PJ', 0, 'ecuti/persetujuan_pj', 'fa fa-circle-o', 6, 4),
(47, 'persetujuan_katu_perm', 'Persetujuan Ka. TU', 0, 'ecuti/persetujuan_tu', 'fa fa-circle-o', 6, 5),
(48, 'persetujuan_kapus_perm', 'Persetujuan Ka. Puskesmas', 0, 'ecuti/persetujuan_kapus', 'fa fa-circle-o', 6, 6),
(49, 'laporan_cuti_perm', 'Laporan Cuti', 0, '#', 'fa fa-circle-o', 6, 7),
(50, 'kalender_cuti_perm', 'Kalender Cuti', 49, 'ecuti/kalender_cuti', 'fa fa-circle-o', 6, 1),
(51, 'cuti_diterima_perm', 'Cuti Diterima', 49, 'ecuti/cuti_diterima', 'fa fa-circle-o', 6, 2),
(52, 'cuti_ditolak_perm', 'Cuti Ditolak', 49, 'ecuti/cuti_ditolak', 'fa fa-circle-o', 6, 3),
(53, 'sisa_cuti_pegawai_perm', 'Sisa Cuti Pegawai', 49, 'ecuti/cuti_pegawai', 'fa fa-circle-o', 6, 4),
(54, 'master_data_perencanaan', 'Master Data', 0, '#', 'fa fa-database', 8, 2),
(55, 'program_master_perencanaan', 'Program', 54, 'perencanaan/program', 'fa fa-circle-o', 8, 3),
(56, 'indikator_program_master_perencanaan', 'Indikator Program', 54, 'perencanaan/indikator_program', 'fa fa-circle-o', 8, 4),
(57, 'kegiatan_master_perencanaan', 'Kegiatan', 54, 'perencanaan/kegiatan', 'fa fa-circle-o', 8, 5),
(58, 'renstra_master_perencanaan', 'Indikator Kegiatan Renstra', 54, 'perencanaan/renstra', 'fa fa-circle-o', 8, 6),
(59, 'satuan_master_perencanaan', 'Satuan', 54, 'perencanaan/satuan', 'fa fa-circle-o', 8, 7),
(60, 'lokasi_master_perencanaan', 'Lokasi', 54, 'perencanaan/lokasi', 'fa fa-circle-o', 8, 8),
(61, 'jenis_barang_master_perencanaan', 'Jenis Barang', 54, 'perencanaan/jenis_barang', 'fa fa-circle-o', 8, 9),
(62, 'lvl1_master_perencanaan', 'Pemb. Level 1', 54, 'perencanaan/level1', 'fa fa-circle-o', 8, 10),
(63, 'lvl2_master_perencanaan', 'Pemb. Level 2', 54, 'perencanaan/level2', 'fa fa-circle-o', 8, 11),
(64, 'lvl3_master_perencanaan', 'Pemb. Level 3', 54, 'perencanaan/level3', 'fa fa-circle-o', 8, 12),
(65, 'lvl4_master_perencanaan', 'Pembukuan', 54, 'perencanaan/level4', 'fa fa-circle-o', 8, 13),
(66, 'anggaran_master_perencanaan', 'Anggaran', 54, 'perencanaan/anggaran', 'fa fa-circle-o', 8, 14),
(67, 'jenisdokumen_master_kepegawaian_perm', 'Jenis Dokumen', 23, 'kepegawaian/jenisdokumen', 'fa fa-circle-o', 4, 10),
(68, 'dashboard_caten', 'Beranda', 0, 'caten', 'fa fa-dashboard', 10, 1),
(69, 'caten_pasiencaten_perm', 'Pasien', 0, 'caten/pasien', 'fa fa-dashboard', 10, 2),
(70, 'caten_pengumuman_perm', 'Pengumuman', 0, 'caten/pengumuman', 'fa fa-dashboard', 10, 3),
(71, 'rekap_absensi_ekinerja_perm', 'Rekap Absensi', 0, 'ekinerja/absensi_rekap', 'fa fa-circle-o', 5, 14),
(72, 'dashboard_covid', 'Dashboard', 0, 'covid', 'fa fa-dashboard', 11, 1),
(73, 'covid_pasiencovid_perm', 'Pasien Covid-19', 0, 'covid/pasien', 'fa fa-circle-o', 11, 2);

-- --------------------------------------------------------

--
-- Table structure for table `aauth_users`
--

CREATE TABLE `aauth_users` (
  `id` int(11) UNSIGNED NOT NULL,
  `email` varchar(100) NOT NULL,
  `pass` varchar(64) NOT NULL,
  `username` varchar(100) DEFAULT NULL,
  `banned` tinyint(1) DEFAULT '0',
  `last_login` datetime DEFAULT NULL,
  `last_activity` datetime DEFAULT NULL,
  `date_created` datetime DEFAULT NULL,
  `forgot_exp` text,
  `remember_time` datetime DEFAULT NULL,
  `remember_exp` text,
  `verification_code` text,
  `totp_secret` varchar(16) DEFAULT NULL,
  `ip_address` text,
  `nama_lengkap` varchar(250) DEFAULT NULL,
  `nip` varchar(100) DEFAULT NULL,
  `is_upd_username` int(11) DEFAULT NULL
) ENGINE=InnoDB DEFAULT CHARSET=utf8mb4;

--
-- Dumping data for table `aauth_users`
--

INSERT INTO `aauth_users` (`id`, `email`, `pass`, `username`, `banned`, `last_login`, `last_activity`, `date_created`, `forgot_exp`, `remember_time`, `remember_exp`, `verification_code`, `totp_secret`, `ip_address`, `nama_lengkap`, `nip`, `is_upd_username`) VALUES
(1, 'admin@example.com', 'dd5073c93fb477a167fd69072e95455834acd93df8fed41a2c468c45b394bfe3', 'Admin', 0, NULL, NULL, NULL, NULL, NULL, NULL, NULL, NULL, NULL, NULL, NULL, NULL),
(5, 'default@mail.com', '0ffdf1753b9bd00b67ace168ae3a66bda7a89e3e1fdf763b3e9fe256645e1d28', '197503162006042018', 1, NULL, NULL, NULL, NULL, NULL, NULL, NULL, NULL, NULL, 'dr.Herni Lestyaningsih, MARS', '197503162006042018', NULL),
(6, 'default@mail.com', 'ae2cd0b068a3daef8df321870e0f555ef5d165ee308d317ef01378242929923c', '196612111991031002', 1, NULL, NULL, NULL, NULL, NULL, NULL, NULL, NULL, NULL, 'Teguh Handoyo, S.AP', '196612111991031002', NULL),
(7, 'default@mail.com', '29f5dcb7bc6fc5b6245f683f6d4b9018fad6d08c7eb14773944132f4c0aac203', '196405181986032015', 0, NULL, NULL, NULL, NULL, NULL, NULL, NULL, NULL, NULL, 'A m z a n i . B', '196405181986032015', NULL),
(8, 'default@mail.com', '26b5e046568abbeba202264731d1b94b5f78634031c077336e0053593ff5f335', '196209161987032002', 1, NULL, NULL, NULL, NULL, NULL, NULL, NULL, NULL, NULL, 'Gati Purwari', '196209161987032002', NULL),
(9, 'default@mail.com', '3f711f6c7388a8025beb0996aedf44e2caf735b9854746dcb86157a68a81cd76', '196511081988032004', 0, NULL, NULL, NULL, NULL, NULL, NULL, NULL, NULL, NULL, 'Endah Wijiarti', '196511081988032004', NULL),
(10, 'default@mail.com', 'd126eff1f25d737e41f634d66600fcdaff4d3314fd6342c175e1cada8f01fbbf', '196102151986032013', 1, NULL, NULL, NULL, NULL, NULL, NULL, NULL, NULL, NULL, 'Dwiana Rachmianthi', '196102151986032013', NULL),
(11, 'default@mail.com', '8843cb38da9c0f16e9ccbaa9b7bd75b76cb371fcaa5cc398a855f3244f031d10', '196907111994032005', 0, NULL, NULL, NULL, NULL, NULL, NULL, NULL, NULL, NULL, 'Manne Matondang', '196907111994032005', NULL),
(12, 'default@mail.com', 'd21e0f285921bd4a7ed92e3956a66d6a12b137b60afbc541a5fa0b44eb6ac51b', '196705081987121002', 0, NULL, NULL, NULL, NULL, NULL, NULL, NULL, NULL, NULL, 'Ismadi Wibowo', '196705081987121002', NULL),
(13, 'default@mail.com', '0671ac83972347a006610e4e53398ef76a26e550b8374f3d29568821f9909785', '196304241987031007', 1, NULL, NULL, NULL, NULL, NULL, NULL, NULL, NULL, NULL, 'Djodi Sunarto', '196304241987031007', NULL),
(14, 'default@mail.com', '299db51828f3cae1e88d66894268976303bfb0eff18d12aa76c5d391afb8eb9b', '196601071987031006', 0, NULL, NULL, NULL, NULL, NULL, NULL, NULL, NULL, NULL, 'Yana Hidayana', '196601071987031006', NULL),
(15, 'default@mail.com', 'eb944c17939a9bf8eb2723797ae476800521fba64a1472bae8892793ddf88422', '196403101985111001', 0, NULL, NULL, NULL, NULL, NULL, NULL, NULL, NULL, NULL, 'Sodikin', '196403101985111001', NULL),
(16, 'default@mail.com', '02cb4f39474e84707658c59638d9498e38ac299bfc73867256c88c86c7b7371a', '196712241995031002', 0, NULL, NULL, NULL, NULL, NULL, NULL, NULL, NULL, NULL, 'Mulyono', '196712241995031002', NULL),
(17, 'default@mail.com', '50636e0a6d9a991868d8537cc324cf89f0f9fe90b587e55be9e2108a1fff895e', '196502261986102002', 0, NULL, NULL, NULL, NULL, NULL, NULL, NULL, NULL, NULL, 'Fenni Djamilah', '196502261986102002', NULL),
(18, 'default@mail.com', '370bf60edfc8f7e9cfd255994b4dd9b12cce6a1473541cf29ddda343d557d406', '196403061985011002', 0, NULL, NULL, NULL, NULL, NULL, NULL, NULL, NULL, NULL, 'Haryanto', '196403061985011002', NULL),
(19, 'default@mail.com', 'd03757a8af3fd5c96ebe704cafdb5df996f413d246f12cdafa90060039429063', '197203251996032003', 0, NULL, NULL, NULL, NULL, NULL, NULL, NULL, NULL, NULL, 'Tetty Muna Sumiwaty Simanjuntak', '197203251996032003', NULL),
(20, 'default@mail.com', 'b343393cbbbff9b01fddee0bf4c386d44f171d5fb98180e9e17041d4a3afb3c5', '196910041994032002', 0, NULL, NULL, NULL, NULL, NULL, NULL, NULL, NULL, NULL, 'Menna Ria Pasaribu', '196910041994032002', NULL),
(21, 'default@mail.com', '4814943bc3c1080d91af3fd371d0f4542f7c0f57186e749a6aba6883f54d40e1', '196210061989032004', 0, NULL, NULL, NULL, NULL, NULL, NULL, NULL, NULL, NULL, 'Rosmawati, AMG', '196210061989032004', NULL),
(22, 'default@mail.com', '4ecad8d041496fbf2b9ddaee1d6935c70567174fb8c895eb5fd17609dc9e70b1', '197305241993012001', 0, NULL, NULL, NULL, NULL, NULL, NULL, NULL, NULL, NULL, 'Sonya Paula Connie Fransesca', '197305241993012001', NULL),
(23, 'default@mail.com', 'b93e120e710088ac69de2d6ca9d948daabf4602887693bf6e46673dd188ed0f6', '196301021987031009', 1, NULL, NULL, NULL, NULL, NULL, NULL, NULL, NULL, NULL, 'Erlan Yudo Heriyanto', '196301021987031009', NULL),
(24, 'default@mail.com', '0a41917b0f5702a43c2ccdcaa530e1688b4fee11855a2ac1251b36b364bac53e', '197912022014122002', 0, NULL, NULL, NULL, NULL, NULL, NULL, NULL, NULL, NULL, 'Lina Nashrulloh Nurlaeni', '197912022014122002', NULL),
(25, 'default@mail.com', '5c72fb35d8520c78e072af946c0b4ff83d4194dae48c4460c2753393f3441dbf', '195806271987091002', 1, NULL, NULL, NULL, NULL, NULL, NULL, NULL, NULL, NULL, 'Mohammad Herry Zainal Mochlas', '195806271987091002', NULL),
(26, 'alfiah_koes@yahoo.com', 'c2c467c67a66b48db1ade34d342e33bba364a8358b4158864c1407d7fce86c2a', 'alfiah', 0, NULL, NULL, NULL, NULL, NULL, NULL, NULL, NULL, NULL, 'Alfiah Koes', '197608162003122015', NULL),
(27, 'default@mail.com', 'e95ef1066b98ce6efa4bf010a2f4e8675389291d94f4933cdd17483c51361fd1', '196712142007012025', 0, NULL, NULL, NULL, NULL, NULL, NULL, NULL, NULL, NULL, 'Heni Puspawati', '196712142007012025', NULL),
(28, 'default@mail.com', 'e5c873c3dd262f3f3f0eb489db14d68a06b6103ec9e8d0c1f3c18c7b89ad6c72', '197203182006042011', 0, NULL, NULL, NULL, NULL, NULL, NULL, NULL, NULL, NULL, 'Desty Darman', '197203182006042011', NULL),
(29, 'default@mail.com', 'd803af7c31b1f4a61519795b93ae4355265482e3b1926923f61b44b25e827060', '197702092006042020', 0, NULL, NULL, NULL, NULL, NULL, NULL, NULL, NULL, NULL, 'Neli Mayaferani', '197702092006042020', NULL),
(30, 'default@mail.com', '97caae6adf22a56e7f8b9df0a6d42188dbf5278bb46c6af780f29be46e47fd4a', '197112312008012071', 0, NULL, NULL, NULL, NULL, NULL, NULL, NULL, NULL, NULL, 'Desy Safitri', '197112312008012071', NULL),
(31, 'putudatika_02@yahoo.com', 'ce7380f43176c6b301625562e3efd2db33664a6e270b3acbb491ff0e7f64f1e8', '178458', 0, NULL, NULL, NULL, NULL, NULL, NULL, NULL, NULL, NULL, 'Putu Datika Puspitasari', '198412152010012031', NULL),
(32, 'default@mail.com', '98c04081beaa8bf275628db4f20e8b38cd0e3b89685009527972396296760160', '198306082010012037', 0, NULL, NULL, NULL, NULL, NULL, NULL, NULL, NULL, NULL, 'Nina Triana', '198306082010012037', NULL),
(33, 'default@mail.com', '07ddfa59bfca31880308ec6d08d17f555f7f6a01772b5fef524d74ce71ec4375', 'anitasari', 0, NULL, NULL, NULL, NULL, NULL, NULL, NULL, NULL, NULL, 'Anita Sari', '198206052010012044', NULL),
(34, 'default@mail.com', 'a057f63c16c8b30c27f4e3f542c7ec95f3edcb92d8f72ce518aea26b39388ac0', '198507242011012015', 0, NULL, NULL, NULL, NULL, NULL, NULL, NULL, NULL, NULL, 'Rahadhini Ayu Setyaningrum', '198507242011012015', NULL),
(35, 'tobingyosie@yahoo.com', '8e35eae57179c90161447b01ac20fcede159de25dd8cd8e171cd70be3dc3dcc4', '183768', 0, NULL, NULL, NULL, NULL, NULL, NULL, NULL, NULL, NULL, 'dr.Yosui Eka Karuniawati', '198609142014032002', NULL),
(36, 'default@mail.com', 'b1d14021de8d9c28e0640861ba41d215e1ed6e9a8c3bd56b493e191871551237', '195708081983112002', 0, NULL, NULL, NULL, NULL, NULL, NULL, NULL, NULL, NULL, 'Yuyut Indrawati', '195708081983112002', NULL),
(37, 'default@mail.com', 'c553a593a5c0c85043b30d55ba261983644a40cc98966b9cda9beeed78767fdd', '195810141987102001', 0, NULL, NULL, NULL, NULL, NULL, NULL, NULL, NULL, NULL, 'Homalessy Rosalina', '195810141987102001', NULL),
(38, 'budisuryoningsih@gamail.com', '4de812247f8d6b69bb8cbd3b803126f151669fe64deed692651fc77c40c8477a', '196512241993022001', 0, NULL, NULL, NULL, NULL, NULL, NULL, NULL, NULL, NULL, 'Budi Suryoningsih', '196512241993022001', NULL),
(39, 'default@mail.com', 'f5e061919f4618f82ad73166f73c1c0f0e9b8d8f764c5a1f8bcc5b5d395e5c78', '196610101993022003', 0, NULL, NULL, NULL, NULL, NULL, NULL, NULL, NULL, NULL, 'Henny Oktaria Aziz', '196610101993022003', NULL),
(40, 'default@mail.com', '9ae8ce1aa8668241895c3d5ba1b355876aea8c1b87793ec9dc8149f7c82e035c', '196410251992032004', 0, NULL, NULL, NULL, NULL, NULL, NULL, NULL, NULL, NULL, 'Katarina Dairi', '196410251992032004', NULL),
(41, 'default@mail.com', 'df6b27ab0b0dd2c3bea861b416550cf5142f389b655a513ae59041c2be880469', '195910301984032002', 1, NULL, NULL, NULL, NULL, NULL, NULL, NULL, NULL, NULL, 'Hajar Noer Hayati', '195910301984032002', NULL),
(42, 'default@mail.com', 'be97c154b2407af03e149f9723ed603133813ccb6bd50f79aa709648cf04cef3', 'agungtia', 0, NULL, NULL, NULL, NULL, NULL, NULL, NULL, NULL, NULL, 'Agung Setiayanti', '198508302011012015', NULL),
(43, 'default@mail.com', '3d91328a84bcf8da8e7cee5dc7fc72da149ab0a121ed02a37ed03588118fee2c', '199108042014032001', 0, NULL, NULL, NULL, NULL, NULL, NULL, NULL, NULL, NULL, 'Erni Engeline, A.Md. Farm', '199108042014032001', NULL),
(44, 'default@mail.com', '7bb4995fd65cb801ae42b6549bd6155854bf0620649f277b6bdaf1650790c3a7', '196601121986022004', 0, NULL, NULL, NULL, NULL, NULL, NULL, NULL, NULL, NULL, 'Delfina Mariany Purba', '196601121986022004', NULL),
(45, 'default@mail.com', '715edfc3a8abad9a494ac4e25435e2d2dcdda353e124fd160831f958b74d45d3', '197108131998032004', 0, NULL, NULL, NULL, NULL, NULL, NULL, NULL, NULL, NULL, 'Neny Agustini', '197108131998032004', NULL),
(46, 'default@mail.com', '8058b78357e1666de78ad8fc8507ed0817820d3482bdc6e696e67473a4ef7756', '197006021993032005', 0, NULL, NULL, NULL, NULL, NULL, NULL, NULL, NULL, NULL, 'Yuni Adriani', '197006021993032005', NULL),
(47, 'default@mail.com', '8306d71a257ec14298c45eccec36c11317a11064f2e8a728e792c927bc8fca12', '196905141991012001', 0, NULL, NULL, NULL, NULL, NULL, NULL, NULL, NULL, NULL, 'Ernawati', '196905141991012001', NULL),
(48, 'default@mail.com', '1a76d48f9fd5134027dd6c0719b727358d26ad124452a521c0031eff57e6afba', '196002291983012001', 1, NULL, NULL, NULL, NULL, NULL, NULL, NULL, NULL, NULL, 'Noorce Umboh', '196002291983012001', NULL),
(49, 'default@mail.com', '164d2c9dde0d67ff67c88fc2186531b1c3a044d2f5dad22fb2c098b0739428f7', '197505291996032004', 0, NULL, NULL, NULL, NULL, NULL, NULL, NULL, NULL, NULL, 'Sulastri Kusmala Dewi S', '197505291996032004', NULL),
(50, 'default@mail.com', 'c24b0ff6dd5df8ea3aa63437839020a987a2f726e0308e38f0d80f2c6691d811', '197905172007012022', 0, NULL, NULL, NULL, NULL, NULL, NULL, NULL, NULL, NULL, 'Eli Nurhayati', '197905172007012022', NULL),
(51, 'default@mail.com', '636ab7246d628a02fdfb3855fc48c456d12e9f7b7f3d3a874adcfd9ea4a1c22c', '197905202008012032', 0, NULL, NULL, NULL, NULL, NULL, NULL, NULL, NULL, NULL, 'Maysa Rachmawati', '197905202008012032', NULL),
(52, 'default@mail.com', '380d2c6aee00510dddf300d68a1daffd3902cc98caa630f066c1635f702e8443', '198212082011011009', 0, NULL, NULL, NULL, NULL, NULL, NULL, NULL, NULL, NULL, 'Herman Susilo', '198212082011011009', NULL),
(53, 'default@mail.com', '98920a85f1f1bbfc902b982350332f5c309f91a21d165cf1f6075b4abe2a70f7', '198205292007012006', 0, NULL, NULL, NULL, NULL, NULL, NULL, NULL, NULL, NULL, 'Sri Haryati', '198205292007012006', NULL),
(54, 'default@mail.com', 'fefc81348f2f338ddb02ec55a5f58e50fe7491106e7eb2870db13134a18c39cc', 'mellgomell', 0, NULL, NULL, NULL, NULL, NULL, NULL, NULL, NULL, NULL, 'Melisa Mustikawati, A.Md.Kep.', '199105062014032001', NULL),
(55, 'default@mail.com', '23783437e93c6548a4638c6336d539d08e6261b045140a26c08550513b73eb03', '199004192014031002', 1, NULL, NULL, NULL, NULL, NULL, NULL, NULL, NULL, NULL, 'Ade Ryandhono, A.Md.Kep.', '199004192014031002', NULL),
(56, 'n12hni@yahoo.com', 'c0548f931cc3f387130c2517c57716507df5022daae67b7781aa44c5c282489f', 'nui', 0, NULL, NULL, NULL, NULL, NULL, NULL, NULL, NULL, NULL, 'Nurhaeni', '198002122008012033', NULL),
(57, 'default@mail.com', 'e91329c693a57215abb60dc0d31c2a1735371f14f95594fa7b551197df548f93', '196110091983022001', 1, NULL, NULL, NULL, NULL, NULL, NULL, NULL, NULL, NULL, 'Puji Wahyuni', '196110091983022001', NULL),
(58, 'default@mail.com', 'd71196ef6d36110db2bc3cf134dedb48d08c62626adcbd0af435eecc576db4fc', '196003071980122004', 1, NULL, NULL, NULL, NULL, NULL, NULL, NULL, NULL, NULL, 'Sumarni Sebayang', '196003071980122004', NULL),
(59, 'default@mail.com', '6da20f5cb0d2c9904135657224d7c5e92ee22996b9f6fa64a5db067c3621ccfa', '197211171994032002', 0, NULL, NULL, NULL, NULL, NULL, NULL, NULL, NULL, NULL, 'Kunmaryani', '197211171994032002', NULL),
(60, 'default@mail.com', '67c749745501fa583c20e593d2036adc03c78f6b381e9ba5f8c8288f875309c9', '196912231990032005', 0, NULL, NULL, NULL, NULL, NULL, NULL, NULL, NULL, NULL, 'Yesni Syarbaini', '196912231990032005', NULL),
(61, 'default@mail.com', 'f81d958cd4318a5c5ee5ee08988cef397cf4ee1eff463d7ff021d4462cddd34e', '196501251990032006', 0, NULL, NULL, NULL, NULL, NULL, NULL, NULL, NULL, NULL, 'Moina Sihombing', '196501251990032006', NULL),
(62, 'default@mail.com', '7c7f136842f55bbc30e3652bc2e9dcdf81d8f7402aa87bc2ea40ff62e9f8ceae', '196202101983112002', 1, NULL, NULL, NULL, NULL, NULL, NULL, NULL, NULL, NULL, 'Zaerina', '196202101983112002', NULL),
(63, 'default@mail.com', '58ebe8fc399c78c3cbc94e31396fdb4704f1e02b7a41114e117b23b8e0e2f76b', '196809241991032006', 0, NULL, NULL, NULL, NULL, NULL, NULL, NULL, NULL, NULL, 'Wiwik Surtika Dewi', '196809241991032006', NULL),
(64, 'default@mail.com', '278721290bf5bf47d8dea5633682d3d2b39970e809debb435d2499e2b44b2ac3', '197210191993032003', 0, NULL, NULL, NULL, NULL, NULL, NULL, NULL, NULL, NULL, 'Romauli Sitompul', '197210191993032003', NULL),
(65, 'default@mail.com', '90da9651f7e95268f92cd3c017800082ade96ce72702b1d5360e6e05a461c174', '196701021990032004', 0, NULL, NULL, NULL, NULL, NULL, NULL, NULL, NULL, NULL, 'Siti Ruliyah', '196701021990032004', NULL),
(66, 'default@mail.com', '36f413a0d131a84189dc3bce47d27227a07e598f9aced8903c84ae6e22f91d04', '197211171993012001', 0, NULL, NULL, NULL, NULL, NULL, NULL, NULL, NULL, NULL, 'Yuli Marnis', '197211171993012001', NULL),
(67, 'default@mail.com', '62062a1dee167e7f6b94f46539d36b98a88e6e89577fc6805d07d9e77f4aa958', '198511092010012039', 0, NULL, NULL, NULL, NULL, NULL, NULL, NULL, NULL, NULL, 'Mutia Novinina', '198511092010012039', NULL),
(68, 'default@mail.com', '76f15dcdbaabbd3765de5cbe3c9b9b2a2240c8ff94938dafb975a00ee84cc0d6', '198501162010012026', 0, NULL, NULL, NULL, NULL, NULL, NULL, NULL, NULL, NULL, 'Silvia Oka Ayuphita, AM.Keb', '198501162010012026', NULL),
(69, 'default@mail.com', '51b5d8e561bb3ed5177c0057d6edefeeba0fc32c2eda7f0a0359d3a468a67470', '198204022008012030', 0, NULL, NULL, NULL, NULL, NULL, NULL, NULL, NULL, NULL, 'Maswah', '198204022008012030', NULL),
(70, 'default@mail.com', '8880394d79530222bea8eabae88fdbbb215b68489fecf67b6a7e0a2b2d2b6b24', '199001282014032003', 0, NULL, NULL, NULL, NULL, NULL, NULL, NULL, NULL, NULL, 'Hanifah Fauziyyah, A.Md.Keb.', '199001282014032003', NULL),
(71, 'devirahmaa@gmail.com', '7a548aebaf5d00e3429f90594ee6e9bfafdd527c93e107499e8bcdc0e5451916', '199206042014032001', 0, NULL, NULL, NULL, NULL, NULL, NULL, NULL, NULL, NULL, 'Devi Rahmayani Budaya Putri, A.Md.Keb.', '199206042014032001', NULL),
(72, 'default@mail.com', '01dcc5770d447ed93a20f2c48b163954f942771d8f525a4d598ea3307504921d', '196808051992032008', 0, NULL, NULL, NULL, NULL, NULL, NULL, NULL, NULL, NULL, 'Sri Supraptiningsih', '196808051992032008', NULL),
(73, 'default@mail.com', '3824a4f9cfb4275b25eef4d25ddf688a6eac1789fbee209c17d8d232efe65e94', '197212061996032002', 0, NULL, NULL, NULL, NULL, NULL, NULL, NULL, NULL, NULL, 'Elseria Sianipar', '197212061996032002', NULL),
(74, 'default@mail.com', '1fde7446001334daff73c7d27ccdc4d3dee088c36d12fcb8997537ce79b6a5d6', '196909191991032004', 0, NULL, NULL, NULL, NULL, NULL, NULL, NULL, NULL, NULL, 'Melita Simorangkir, SKM', '196909191991032004', NULL),
(75, 'default@mail.com', 'c5a0eb8805cefa580e64d5f48d98e7a82c1ace725ee8d5dc29e44f38de3168c8', '198809222010012012', 0, NULL, NULL, NULL, NULL, NULL, NULL, NULL, NULL, NULL, 'Dwi Soviarni, A.Md. Fis.', '198809222010012012', NULL),
(76, 'default@mail.com', '015962f4afe3f22a4c14cdf6fee2f432ba520f273e1b3f38b97c8202dbd371b4', 'agustina', 0, NULL, NULL, NULL, NULL, NULL, NULL, NULL, NULL, NULL, 'Agustina Yuniati', '1020184119760626200501003', NULL),
(77, 'default@mail.com', 'e85cc2f75745395814e818b02ae00fe4db02d836a87c86980d794d8bedbb2685', '1020184119910606201605100', 0, NULL, NULL, NULL, NULL, NULL, NULL, NULL, NULL, NULL, 'Ayu Yuningsih', '1020184119910606201605100', NULL),
(78, 'rajasimanihuruk@gmail.com', '62be384607923946bdd099f83c878bac2192f5a54899e8035c70e302f09bc8d0', 'hasudungan', 0, NULL, NULL, NULL, NULL, NULL, NULL, NULL, NULL, NULL, 'Hasudungan Simanihuruk', '1020184119900821201510064', NULL),
(79, 'default@mail.com', 'd1d70b17301ad3885da4e157a605ad740492030f345f2d919fdf25d1861235e8', 'ibnuardhi', 0, NULL, NULL, NULL, NULL, NULL, NULL, NULL, NULL, NULL, 'Ibnu Ardhi', '1020184119930127201605101', NULL),
(80, 'm.23fahlefi@gmail.com', '0c89eb4b46bc7ce185f590772c78745bbabd1262fbc1b926e5a27806bd60d0b7', 'merza fahlefi', 0, NULL, NULL, NULL, NULL, NULL, NULL, NULL, NULL, NULL, 'Merza Fahlefi', '1020184119800523201106028', NULL),
(81, 'dhona83@gmail.com', 'b5e2e33069f663d641e2d0e3374c2ced375470554a80092ebf162e929048e225', 'dhona iriandes', 0, NULL, NULL, NULL, NULL, NULL, NULL, NULL, NULL, NULL, 'Kus May Dona Irandes', '1020184119830509201101020', NULL),
(82, 'suwardidirun@gmail.com', '1822ae81d9ae83e3a46d3472e5222b2829db5e1e31a6648ba8e091bf11be0a51', 'suwardi', 0, NULL, NULL, NULL, NULL, NULL, NULL, NULL, NULL, NULL, 'Suwardi', '1020184119631018198606002', NULL),
(83, 'erna10927@gmail.com', '76cae03ec4a795da34b1ce3ac347e9e4345422103a7a29ea50b78d7591bd9832', 'ernawati', 0, NULL, NULL, NULL, NULL, NULL, NULL, NULL, NULL, NULL, 'Ernawati', '1020184119920106201201030', NULL),
(84, 'franspkm@gmail.com', 'b0409c8e8463a6dc57f1782099745364693ee9a5f9d1aa8ebbc3ff9fdeff31c3', 'frans', 0, NULL, NULL, NULL, NULL, NULL, NULL, NULL, NULL, NULL, 'Frans Julianto', '1020184119890703201510056', NULL),
(85, 'restusyabani@gmail.com', 'cfb7a0834751c4929ada9837965270e4af8eca8019d11b89dfe1c4c0345f5438', 'Restusya', 0, NULL, NULL, NULL, NULL, NULL, NULL, NULL, NULL, NULL, 'Restu Syabani', '1020184119950103201605102', NULL),
(86, 'aguseaven@gmail.com', '6189273ef50709bf690754961daf5098fb86f15d1b844bacda18af021647469f', 'agussusanto', 0, NULL, NULL, NULL, NULL, NULL, NULL, NULL, NULL, NULL, 'Agus Susanto', '1020184119970830201605103', NULL),
(87, 'ynrdhaditya@gmail.com', '43003e25aa2a00e6589a8b14556d3d6c032e06e0ece4da9c589b86da4c53f6d1', 'Yannuardhi', 0, NULL, NULL, NULL, NULL, NULL, NULL, NULL, NULL, NULL, 'Yanuardhi Aditya', '1020184119940602201605104', NULL),
(88, 'muhammadfahrudin36@gmail.com', 'aa1d5657f4ea865a6ff3b8b7f49a01de3a52c631ff40a08618973706e9139f4b', 'fahrudin', 0, NULL, NULL, NULL, NULL, NULL, NULL, NULL, NULL, NULL, 'Mohammad Fahrudin', '1020184119970817201605105', NULL),
(89, 'sarjopkc@gmail.com', 'ecd4c401d8f7c411263c7694f249a035e832be8df2bfd9ae32f9e54f1c23721e', 'sarjo', 0, NULL, NULL, NULL, NULL, NULL, NULL, NULL, NULL, NULL, 'Sarjo', '1020184119641112198508001', NULL),
(90, 'ogghie.mardianto@gmail.com', '617f36ea1c614154e202927b795e9987f351c55a1cde9783c30d7051d199fe6b', 'yogi', 0, NULL, NULL, NULL, NULL, NULL, NULL, NULL, NULL, NULL, 'Yogi Mardianto', '1020184119920327201304054', NULL),
(91, 'ekoischadarto@gmail.com', '76879e36acea3bc3f79ff03e9616ffbc10854af5f91488ff91b013889d10d8bb', 'Eko Ischadarto', 0, NULL, NULL, NULL, NULL, NULL, NULL, NULL, NULL, NULL, 'Eko Ischadarto', '1020184119800226201005017', NULL),
(92, 'sumolangeddy13@gmail.com', '9e9fa248eed5d1efbe89b522e9dd37e809c302da4f20c646ff4cade15e72c480', 'eddy', 0, NULL, NULL, NULL, NULL, NULL, NULL, NULL, NULL, NULL, 'Eddy Y Sumolang', '1020184119691213201004016', NULL),
(93, 'ikhromdarwanto1975@gmail.com', 'd28785e03b7e64524b32943f23bc9c1c8d79a679673f60dea8a8dc0062067381', 'ikhrom', 0, NULL, NULL, NULL, NULL, NULL, NULL, NULL, NULL, NULL, 'Ikhrom Darwanto', '1020184119750109201002018', NULL),
(94, 'heriyansyah50837@gmail.com', '30b3510d4932dc92adb933409c373e775840d32bcebce1c3af919d8cd5cf0c04', 'heriyansyah', 0, NULL, NULL, NULL, NULL, NULL, NULL, NULL, NULL, NULL, 'Heriansyah', '1020184119850828201605106', NULL),
(95, 'wawanfirmansyah767@gmail.com', 'c695fb776a20a9bdba3c7e1c015335ebc0a10fab37ea736938f6cd7ec2007cff', 'awan firmansyah', 0, NULL, NULL, NULL, NULL, NULL, NULL, NULL, NULL, NULL, 'Awan Firmansyah', '1020184119870409201710107', NULL),
(96, 'bayuadi.kurnia.p@mail.com', '887556a324eaf1ec2aee1ff651494d54439b3ab1f363e1276fedaf71ade93791', 'bayuadi89', 0, NULL, NULL, NULL, NULL, NULL, NULL, NULL, NULL, NULL, 'Bayuadi Kurnia Putra', '1020184119890601201304053', NULL),
(97, 'default@mail.com', 'a16bbffa53efe68e08ad1c62728f1dba208aa69f16ce495e41c201dfdd9f6983', 'dwiwidiyastoto', 0, NULL, NULL, NULL, NULL, NULL, NULL, NULL, NULL, NULL, 'Dwi Widiyastoto', '1020184119871219201701144', NULL),
(98, 'riayoppaputrisari@gmail.com', '83d0681e11ac40693caf1bafde5940250ec4cb3d19a910a7f6a3c7469dfcc69d', 'RIA YOPPA PUTRI SARI', 0, NULL, NULL, NULL, NULL, NULL, NULL, NULL, NULL, NULL, 'Ria Yoppa Putri Sari', '1020184119851223201510066', NULL),
(99, 'husnulfakhri@gmail.com', '9ff6ca63aa6e3ead88691b7b0ba802af5fa9dd847c4cfc7860f41af903c981db', 'geniouz', 0, '2021-08-04 09:34:53', '2021-08-04 09:34:53', NULL, NULL, NULL, NULL, NULL, NULL, '192.168.101.54', 'Husnul Fakhri', '1020184119900509201510068', NULL),
(100, 'sarahafifah18@ymail.com', '2a2f7e137540251f49ce4bac02be0f960d3f44fef40d10e67538e4deb4721be9', 'sarah1811', 0, NULL, NULL, NULL, NULL, NULL, NULL, NULL, NULL, NULL, 'Sarah Afifah', '1020184119911118201510069', NULL),
(101, 'malikiahmad11@gmail.com', '8cab87c87475d640f81d8c5747df5998b8357ece0aab67b9447c715e1c2b8e66', 'maliki2017', 0, NULL, NULL, NULL, NULL, NULL, NULL, NULL, NULL, NULL, 'Maliki Ahmad Nur', '1020184119900911201707152', NULL),
(102, 'abay.mt.18@gmail.com', '296022c6c800ea5d559eadc6f4f469840e3fd5a86f93e668cf963035ca01c1d8', 'Akbar M T', 0, NULL, NULL, NULL, NULL, NULL, NULL, NULL, NULL, NULL, 'Akbar Mei Trianto', '1020184119930518201304052', NULL),
(103, 'default@mail.com', '35e6bd17520e81a1f7747816a14355b035a3deffe0c4be097f70b4764d747c51', '1020184119811111201304047', 0, NULL, NULL, NULL, NULL, NULL, NULL, NULL, NULL, NULL, 'Primanto Fatha Satria', '1020184119811111201304047', NULL),
(104, 'cassanovasendi16@gmail.com', 'bab4f09ed0924ad17707ca4f164d15a7ac3587a45fa40fc1e19cdd1f7138e0a8', 'Sendi Agustian', 0, NULL, NULL, NULL, NULL, NULL, NULL, NULL, NULL, NULL, 'Sendy Agustian', '1020184119870820201304055', NULL),
(105, 'deboranatalia1512@gmail.com', 'a1ae4b00cdc35f176ecea0f40ccec9a93873580171d59cc35b887cb8015c66a6', 'DEBORA', 0, NULL, NULL, NULL, NULL, NULL, NULL, NULL, NULL, NULL, 'Debora Natalia', '1020184119861215201303039', NULL),
(106, 'default@mail.com', '13d7d0e2dda141a67a0b01c6d9f56b41fa4c5bc3c579a95fc834fc72bce90e52', 'Ahmad Arief Nur Wibowo', 0, NULL, NULL, NULL, NULL, NULL, NULL, NULL, NULL, NULL, 'Ahmad Arief Nur Wibowo', '1020184119880920201303038', NULL),
(107, 'default@mail.com', '26dc00aee2e0a5df226ef726a179a3474bcf51d17ee7c849547b68e72979434d', 'SETIAWATI', 0, NULL, NULL, NULL, NULL, NULL, NULL, NULL, NULL, NULL, 'Setiawati', '1020184119840716201404062', NULL),
(108, 'silva26.alamrie@gmail.com', 'c187b137a0083e77dc40981b4564539da52598eb589956ba7982f0ea5f373017', 'Silvana muhamad alamrie', 0, NULL, NULL, NULL, NULL, NULL, NULL, NULL, NULL, NULL, 'Silvana Muhamad Alamrie', '1020184119891031201304056', NULL),
(109, 'jakasamudrasyukri0808@gmail.com', '4b874fe05bf70e019f9a71137fbc5169a2b08231c12862545ea7fce6760e6aa7', 'samudra', 0, NULL, NULL, NULL, NULL, NULL, NULL, NULL, NULL, NULL, 'Jaka Samudra', '1020184119860808201510067', NULL),
(110, 'tenyfebry@gmail.com', 'ef11ae49790d446cff6a5f826e7d219fa3065f000ca0c1a7b7ba29c73317fbf5', '19880314201104026', 0, NULL, NULL, NULL, NULL, NULL, NULL, NULL, NULL, NULL, 'Teny F Nurdin', '1020184119880314201104026', NULL),
(111, 'default@mail.com', '2a488469da2b691d2bb496bd4cc006caa16c28ca83cb7aed26fab2ec208fe54c', 'hasanah', 0, NULL, NULL, NULL, NULL, NULL, NULL, NULL, NULL, NULL, 'Hasanah', '1020184119720903201601099', NULL),
(112, 'ypuskesmas@gmail.com', '70638eadd7d80a3bfa1929aa458c721f9fd525bcea45d4bd6a4a84efe8b81dac', 'Yeti', 0, NULL, NULL, NULL, NULL, NULL, NULL, NULL, NULL, NULL, 'Yeti', '1020184119720404201401060', NULL),
(113, 'default@mail.com', '0d345d675c9c4d9c416dde7dceede08f486336e433ad0e9bb9df4c2161568c09', 'anto coy', 1, NULL, NULL, NULL, NULL, NULL, NULL, NULL, NULL, NULL, 'Anto', '1020184119961118201710160', NULL),
(114, 'default@mail.com', 'c43f32cde45e15f413dd996cf8ada80e9d8eaef8a5dbb9e920840497f6216fc7', '1020184119810822201710161', 0, NULL, NULL, NULL, NULL, NULL, NULL, NULL, NULL, NULL, 'Bagus Kurniawan', '1020184119810822201710161', NULL),
(115, 'default@mail.com', '027286b52d62bcfb7e80e12fb498a2c2f82bff8939f44b153b8e23c6e19e8bd4', '1020184119750610200501004', 0, NULL, NULL, NULL, NULL, NULL, NULL, NULL, NULL, NULL, 'Saikin', '1020184119750610200501004', NULL),
(116, 'default@mail.com', 'db8c97afc8e60d443f0994cb7c702aaa506a74a69ff1d47f70ec4c892da88200', 'Liada', 0, NULL, NULL, NULL, NULL, NULL, NULL, NULL, NULL, NULL, 'Liada', '1020184119890410201304046', NULL),
(117, 'default@mail.com', 'b5c2bf957cdd0e3bb293fbb62743a8ad5bf23eb53a57d7d46eb2740529b08d4f', 'nurul handayani', 0, NULL, NULL, NULL, NULL, NULL, NULL, NULL, NULL, NULL, 'Nurul Handayani', '1020184119930729201304045', NULL),
(118, 'default@mail.com', '240014f6b28be192def9279d7bbf0a893bb4edce0dc6ca430c5152329244f938', 'skylab', 0, NULL, NULL, NULL, NULL, NULL, NULL, NULL, NULL, NULL, 'Skylab Sariyati', '1020184119790712201308058', NULL),
(119, 'default@mail.com', '7734b863d53030a59ca1a285366c9fe05b404ed63c18402e8a3e7b9e61976822', '1020184119801117200911015', 0, NULL, NULL, NULL, NULL, NULL, NULL, NULL, NULL, NULL, 'Alfriyano Arsie', '1020184119801117200911015', NULL),
(120, 'anyra_ivon@gmail.com', '28fef570db3c7f1dc80ba9d2e522bb1d225f2e23aa0f008d341209aa25a488dd', 'arinanoviyanti', 1, NULL, NULL, NULL, NULL, NULL, NULL, NULL, NULL, NULL, 'Arina Novianti', '1020184119821116201510070', NULL),
(121, 'mei.rumiyati@gmail.com', 'd7ca8732cbf59c7c84e9450e26526d14a38bf2a40522a80047eb80e89be5e267', 'mymalakias', 0, NULL, NULL, NULL, NULL, NULL, NULL, NULL, NULL, NULL, 'M.G. Mei Rumiyati', '1020184119710501200902014', NULL),
(122, 'default@mail.com', 'eb938e57988447180c22d9e494330ebf0c013f37b435c5651c63d86db8a7183d', 'dr marloni', 0, NULL, NULL, NULL, NULL, NULL, NULL, NULL, NULL, NULL, 'Marloni Marsada Astrid', '1020184119870429201510071', NULL),
(123, 'default@mail.com', '96eec153931787621b5f81b06e820137d230e4672befe803eb9ef9386e2f1877', 'MIKI', 0, NULL, NULL, NULL, NULL, NULL, NULL, NULL, NULL, NULL, 'Meike Pudjiastuti', '1020184119760518201510072', NULL),
(124, 'natmauziee@gmail.com', '8787c06fae8abcd932423e84f2ef753563cc2976242f997d02cb0b9515ed4f9b', 'Natasya Sintawati', 0, NULL, NULL, NULL, NULL, NULL, NULL, NULL, NULL, NULL, 'Natasya Sintawati', '1020184119830625201510073', NULL),
(125, 'dewikrsna@gmail.com', 'dfe74955a0232bf271c6dc99fca3f1f7058a490a7fa4793d772e52d588debd74', 'dewikenken', 0, NULL, NULL, NULL, NULL, NULL, NULL, NULL, NULL, NULL, 'Ni Made Ayu Dewi', '1020184119760920201201031', NULL),
(126, 'dr.nuramalia@yahoo.co.id', '84bd5ce391c153c43738ebd97d65ee1827dfdbd293c6d0601b166976e9c74429', 'Nur Amalia', 0, NULL, NULL, NULL, NULL, NULL, NULL, NULL, NULL, NULL, 'Nur Amalia Basri', '1020184119830531201510074', NULL),
(127, 'default@mail.com', '1d2c3148682a936a6c7e30b4c086d4da5c6127840e9a27a57f60cdc713cb2fe9', 'Emma Junita', 0, NULL, NULL, NULL, NULL, NULL, NULL, NULL, NULL, NULL, 'Emma Junita', '1020184119810620201605108', NULL),
(128, 'laura.syerin.n@gmail.com', 'd8b924db166bc0ba7bc46999cdcf8797617d295f5e4a90d8161e985993413a87', 'drlaurasyerin', 0, NULL, NULL, NULL, NULL, NULL, NULL, NULL, NULL, NULL, 'Laura Syerin', '1020184119900206201605109', NULL),
(129, 'default@mail.com', 'c2ea718a8b20b206c232a82c41396581b7089c153c72b27acfc633bdd7aa6857', '1020184119780703201605110', 1, NULL, NULL, NULL, NULL, NULL, NULL, NULL, NULL, NULL, 'Niken Sulastri', '1020184119780703201605110', NULL),
(130, 'immasyintia@gmail.com', 'f3600959fcffa9ff66415ebf33a410138f1a28db9e8110545d6c904dc5838337', 'mimmarose', 1, NULL, NULL, NULL, NULL, NULL, NULL, NULL, NULL, NULL, 'Imma Syintia Rose', '1020184119850205201606111', NULL),
(131, 'default@mail.com', 'eecdd17ab7981062fdf1a2e9ac6476933ef1b9c1ad08c02ce51466ca43df4b1a', 'muhamaddwiputra', 0, NULL, NULL, NULL, NULL, NULL, NULL, NULL, NULL, NULL, 'Muhamad Dwi Putra', '1020184119920110201606112', NULL),
(132, 'default@mail.com', '4e83533f40c35077a8b5faa3123a79a7d726cf1ab8b858e1624228e13f917686', 'Dewi Novelina', 0, NULL, NULL, NULL, NULL, NULL, NULL, NULL, NULL, NULL, 'Normala Dewi Nainggolan', '1020184119761124201606113', NULL),
(133, 'default@mail.com', '7b0f39934d3f3ba6c8de729baa1454963bc619816e4e6086309ed0db931c85a4', 'sulvitalaunda', 0, NULL, NULL, NULL, NULL, NULL, NULL, NULL, NULL, NULL, 'Sulfita Launda', '1020184119900718201606114', NULL),
(134, 'febynyanita@gmail.com', 'b8416042e9517eca4d7320bef9cad4f86bf0cb916a696ed4a9ba494d004b9770', 'DWINITA AMANDA', 0, NULL, NULL, NULL, NULL, NULL, NULL, NULL, NULL, NULL, 'Dwinita Amanda', '1020184119890920201704145', NULL),
(135, 'indahtrianaputri@gmail.com', '65efa84a41283b2fe09bb3098f17967b69867a9fa497a6aa2f8960a7d697b163', 'indah triana putri', 1, NULL, NULL, NULL, NULL, NULL, NULL, NULL, NULL, NULL, 'Indah Triana Putri', '1020184119930329201704146', NULL),
(136, 'default@mail.com', '16cf3fc728a9ceff34e2d73fa0937e39097732fce93c1a8d25c00b061fecd10b', 'yunitaekaputri', 0, NULL, NULL, NULL, NULL, NULL, NULL, NULL, NULL, NULL, 'Yunita Eka Putri', '1020184119880609201605115', NULL),
(137, 'default@mail.com', '80fdabfd90b48d01d73e13fd681240e267fa2fd86a55e90241783832b25cb1be', 'b.anindita.p', 0, NULL, NULL, NULL, NULL, NULL, NULL, NULL, NULL, NULL, 'Besthari Anindita Pramitasari', '199112162019032008', NULL),
(138, 'default@mail.com', 'a0a8342fd888d26e67e669a5c608569b432f696f6c8f86493e9ab4582301b765', 'MAHESA', 0, NULL, NULL, NULL, NULL, NULL, NULL, NULL, NULL, NULL, 'Mahesa Bonang', '1020184119900531201706149', NULL),
(139, 'nandachaerully@gmail.com', '1a843dc786b50128752a3e58a61b0be7fad52af1b4f0957e34ebc064a893c1b2', 'nandachaerully', 0, NULL, NULL, NULL, NULL, NULL, NULL, NULL, NULL, NULL, 'Nanda Chaerully', '199204262019032018', NULL),
(140, 'pujaadibimoseno@gmail.com', 'd2fbf81ac820949ed6b7dd81e96fe57c317124d0ce1f81bb9c9cd6cbde3bafdc', 'puja adi', 0, NULL, NULL, NULL, NULL, NULL, NULL, NULL, NULL, NULL, 'Puja Adi Bimoseno', '1020184119870602201706151', NULL),
(141, 'default@mail.com', '718540b000cdbf0a97d46d52dab50083745cc9d8e5f754c8854b72b23ab457f6', 'hanipanda', 0, NULL, NULL, NULL, NULL, NULL, NULL, NULL, NULL, NULL, 'Hani Amalia', '199004072019032006', NULL),
(142, 'default@mail.com', '8eeb09b81cdabf7a6331281995175b88eefe2cdd87e769a9616994be166cb5cb', 'dokcin', 0, NULL, NULL, NULL, NULL, NULL, NULL, NULL, NULL, NULL, 'Azelia Cinta Ayu', '1020184119860903201404063', NULL),
(143, 'default@mail.com', '0ffbe60b512aa24360f0b1a848a63696526a34eb2684c9a2c906f23fd59de349', 'anggi hayani', 0, NULL, NULL, NULL, NULL, NULL, NULL, NULL, NULL, NULL, 'Anggi Hayani', '1020184119900623201605116', NULL),
(144, 'default@mail.com', '6f628849fbfbb72be29ba388ec4e244b8c52253ba84c6314088dc2172f31b463', '1020184119860306201605117', 0, NULL, NULL, NULL, NULL, NULL, NULL, NULL, NULL, NULL, 'Debora Veronika', '1020184119860306201605117', NULL),
(145, 'default@mail.com', '26cc863391e787905fbd643996249a818b644268d7d80ffc8ac68ecec10bf283', '1020184119840509201605118', 0, NULL, NULL, NULL, NULL, NULL, NULL, NULL, NULL, NULL, 'Denty Meira Nuswantari', '1020184119840509201605118', NULL),
(146, 'default@mail.com', 'd39444fe4e803505da88667bde2287fb8710e68c61a2fa13e0d2fdac552639d4', 'ZAENAL', 0, NULL, NULL, NULL, NULL, NULL, NULL, NULL, NULL, NULL, 'Ahmad Zaenal Abidin', '1020184119870518201201032', NULL),
(147, 'default@mail.com', '78a64aa30082e9c97fec8c7cf3334f722ed5dd66e6c1dc8f7cc9a34b75320cdf', '1020184119910527201510075', 0, NULL, NULL, NULL, NULL, NULL, NULL, NULL, NULL, NULL, 'Ambisi Sarjana Putri', '1020184119910527201510075', NULL),
(148, 'default@mail.com', 'e98d333a26ecbf5178f645e1aa8e80a2cf65865cfde52b2e2cd8f2002d4fc2dc', 'atiyyatul', 0, NULL, NULL, NULL, NULL, NULL, NULL, NULL, NULL, NULL, 'Atiyyatul Maula', '1020184119900320201201033', NULL),
(149, 'default@mail.com', '21ddc6430115b452d269171d9a4473ebb2e1050b114145c10147e53a3991a25b', 'desdania', 0, NULL, NULL, NULL, NULL, NULL, NULL, NULL, NULL, NULL, 'Desdania', '1020184119841211201304044', NULL),
(150, 'dwi.sraharti@gmail.com', '1caf74654edd5aec1853e1659b580ddc351949457d3cc45bcc07c48e42e35d28', 'dwiwahyu', 0, NULL, NULL, NULL, NULL, NULL, NULL, NULL, NULL, NULL, 'Dwi Wahyu Setyo Raharti', '1020184119890122201102029', NULL),
(151, 'ecca.utari@gmail.com', 'c12308921fba5c266aec9bd4eacc6455483cc948322e4d3ec9d9a6550ae7a5aa', '1020184119940302201303036', 0, NULL, NULL, NULL, NULL, NULL, NULL, NULL, NULL, NULL, 'Eka Diah Utari', '1020184119940302201303036', NULL),
(152, 'margarethsgraces@gmail.com', '310b93f2e380cb81ee72178ac776f1eadaca657b29d71afe850bc59c4e4cf5b4', 'GGajja', 0, NULL, NULL, NULL, NULL, NULL, NULL, NULL, NULL, NULL, 'Grace Margaretha', '1020184119910411201510076', NULL),
(153, 'default@mail.com', '37e36327a5c3d3e2fe9f2b435af4aef489d6c86cad8604cdb6a83f8ac2d94458', 'mutiara astuti', 0, NULL, NULL, NULL, NULL, NULL, NULL, NULL, NULL, NULL, 'Mutiara Astuti', '1020184119890501201201034', NULL),
(154, 'default@mail.com', 'a2093e70a0ab2930d99bf3712d9e9d859bafe0c57b38950e95eb94421c16756a', 'Novi Fitriani Agustin', 0, NULL, NULL, NULL, NULL, NULL, NULL, NULL, NULL, NULL, 'Novi Fitriani Agustin', '1020184119970824201510078', NULL),
(155, 'default@mail.com', '2f22702bbfaecce4611f49aad8f994ca3bdcc2662ce3ec0d8efbf6ac5de30c46', '1020184119840316201102021', 0, NULL, NULL, NULL, NULL, NULL, NULL, NULL, NULL, NULL, 'Tri Mauresti', '1020184119840316201102021', NULL),
(156, 'default@mail.com', 'c653e088183dedc97a7c3fcc39fd0c836c969b967f5ec13acf1c58693bd1605f', 'tuty', 0, NULL, NULL, NULL, NULL, NULL, NULL, NULL, NULL, NULL, 'Tuty Sugiarti', '1020184119800802201301035', NULL),
(157, 'tha_yank@ymail.com', '9745aa40dc28f7d4d59c56623f5a74843dff2fdd314d90e16dacb91b4447d297', 'citra', 0, NULL, NULL, NULL, NULL, NULL, NULL, NULL, NULL, NULL, 'Citra Purnama Sari', '1020184119880820201605119', NULL),
(158, 'farizal.akbar27@gmail.com', '72cb3373c855ceb74caab2da86ff144f15488792f54ea440c3c7062f60082696', 'Farizal Akbar', 0, NULL, NULL, NULL, NULL, NULL, NULL, NULL, NULL, NULL, 'Farizal Akbar', '1020184119851027201605120', NULL),
(159, 'default@mail.com', 'fe068a98d2ce59335c5aa32e96118806c5e4ff190727edc7b9a6934c1783f9be', 'Ifah puspitasari', 0, NULL, NULL, NULL, NULL, NULL, NULL, NULL, NULL, NULL, 'Ifah Puspitasari', '1020184119890129201605121', NULL),
(160, 'default@mail.com', 'b81c29560be68fad5553d8644c36926742fae585c4a74e6ec314e1435fd84189', 'trisye Nurpuspitarini', 0, NULL, NULL, NULL, NULL, NULL, NULL, NULL, NULL, NULL, 'Trisye Nurpita', '1020184119820223201605122', NULL),
(161, 'default@mail.com', '4153a64ba760d56894f38544ae4cc6364b84bfe2ee1d0f8c39f42b3545a2a697', 'Erni Nopianti', 0, NULL, NULL, NULL, NULL, NULL, NULL, NULL, NULL, NULL, 'Erni Nopianti', '1020184119811106200701011', NULL),
(162, 'iivanvoice@gmail.com', '696b9baa6ccc5bdc8d94031642fa2b5a013c4bb22e5d619373ecde4beef151ff', 'Irvan Sofana', 0, NULL, NULL, NULL, NULL, NULL, NULL, NULL, NULL, NULL, 'Irvan Sofana', '1020184119920711201510079', NULL),
(163, 'default@mail.com', '091bd5f34b4c84c57414ae8c07720b20a41e0448cae010216fbddbcd464721d9', '1020184119720930200708007', 0, NULL, NULL, NULL, NULL, NULL, NULL, NULL, NULL, NULL, 'Kuatno', '1020184119720930200708007', NULL),
(164, 'maulina.kurniasih@gmail.com', '85124df4b5034bb69d7aab874b04d8f613a4714144a1192a2eb939ffeaf3523b', 'maulina', 0, NULL, NULL, NULL, NULL, NULL, NULL, NULL, NULL, NULL, 'Maulina Kurniasih', '1020184119810107200601005', NULL),
(165, 'default@mail.com', 'e5f207a36c6d9dfda0696c7c1338f9fbb32e09cd90032e64c12f70fd3b61cc41', 'essya', 0, NULL, NULL, NULL, NULL, NULL, NULL, NULL, NULL, NULL, 'Mira Damayanti', '1020184119830520201104025', NULL),
(166, 'www.saintsaiya28@gmail.com', 'db14f781f28a73d20c21d71d7b020faa655baf46f621bf2e7b477fad1e46fef4', 'Nurul HUda', 0, NULL, NULL, NULL, NULL, NULL, NULL, NULL, NULL, NULL, 'Nurul Huda', '1020184119850228201304057', NULL),
(167, 'sumartiamira@gmail.com', 'ff29af6aeffa508671c671bc6b22b80dfcf6c62b8e286de03b955d907ccbe3a2', 'sumarti', 0, NULL, NULL, NULL, NULL, NULL, NULL, NULL, NULL, NULL, 'Sumarti', '1020184119790401200701010', NULL),
(168, 'ucipratami@ymail.com', '99a63de057fffc4de7b8264d8e2f6716acc5478080565c38bb37024b0e002121', 'uci pratami', 0, NULL, NULL, NULL, NULL, NULL, NULL, NULL, NULL, NULL, 'Uci Pratami', '1020184119890121201510080', NULL),
(169, 'wiji.nurkolip@gmail.com', '7440a9d4e1670a07375c9c7d8e95491498f7b7607140aee06def2657be97bc60', 'WIJI NURKOLIP', 0, NULL, NULL, NULL, NULL, NULL, NULL, NULL, NULL, NULL, 'Wiji Nur Kolip', '1020184119830529201304043', NULL),
(170, 'wiwinsetiani048@gmai.lcom', '77d7d0cb307d05e5a7cc6cd72cd71f0ca84a20caacc11f324e76d0a952482fa1', 'wiwinsetiani', 1, NULL, NULL, NULL, NULL, NULL, NULL, NULL, NULL, NULL, 'Wiwin Satiani', '1020184119910330201510081', NULL),
(171, 'default@mail.com', '3c92f7ae51a0fe280cd7a86fab5cac3b4a8f4db8d1e2d03e56d24028b7dfd683', '1020184119880527201304059', 0, NULL, NULL, NULL, NULL, NULL, NULL, NULL, NULL, NULL, 'Yonas Pahala', '1020184119880527201304059', NULL),
(172, 'default@mail.com', 'e097eb38254c2eb1ea6f4f9da5df46df5f2d9d08f3076f3bdb8a89bc95eefcec', '1020184119880718201510082', 0, NULL, NULL, NULL, NULL, NULL, NULL, NULL, NULL, NULL, 'Yuli Supriyani', '1020184119880718201510082', NULL),
(173, 'agus.2014.au@gmail.com', '6e0aeacf5d41a89a93070b0de297077e234a84959b1c285f84233aaba7facd74', 'agus eko saputro', 0, NULL, NULL, NULL, NULL, NULL, NULL, NULL, NULL, NULL, 'Agus Eko Saputro', '1020184119920822201605123', NULL),
(174, 'ekifimi@mail.com', 'b68441936c43692de49f41f84ce5b530102ff994f8376e629c71d0f13657aedb', 'Eki fitriani Miandari', 0, NULL, NULL, NULL, NULL, NULL, NULL, NULL, NULL, NULL, 'Eki Fitriani M', '1020184119920402201605124', NULL),
(175, 'default@mail.com', 'eb882e26fd8d1ac484c2556b09bf1d102ae8657391e252918fe54c1352ed58dc', 'ferawati', 0, NULL, NULL, NULL, NULL, NULL, NULL, NULL, NULL, NULL, 'Ferawati ', '1020184119890829201605125', NULL),
(176, 'tanzafiq@gmail.com', '6124a98d57d6108bb3345f5ab5b98ec2da45a1a83ae34ab82672d75fc3ecbf9b', 'tanza', 0, NULL, NULL, NULL, NULL, NULL, NULL, NULL, NULL, NULL, 'Fiqri Tanza', '1020184119931101201605126', NULL),
(177, 'indra.anggapermana@gmail.com', '9f962a6252510681589bacb94886a1b3c3d7fe188dcb5e6e47f5077738386a00', 'indra angga permana', 0, NULL, NULL, NULL, NULL, NULL, NULL, NULL, NULL, NULL, 'Indra Angga P', '1020184119930607201605127', NULL),
(178, 'linggawannahari@gmail.com', '145c1a88ccbbc4b6373df9942ef618fe0822b2e3b5898c2b72945c2946838d83', 'linggawannahari', 0, NULL, NULL, NULL, NULL, NULL, NULL, NULL, NULL, NULL, 'Lingga Wannahari S', '1020184119940819201605128', NULL),
(179, 'ttommad55@gmail.com', '2709bd930153c415777561e7d330c48f5c6315247a214a55fc4b6a78313dca52', 'mastomi', 0, NULL, NULL, NULL, NULL, NULL, NULL, NULL, NULL, NULL, 'Mastomi', '1020184119911018201605129', NULL),
(180, 'default@mail.com', '5aff59b5d0d4212812ebbfdf91247dc1090e0df49d026daede67d1431dbdde7d', 'nurulhidayati', 0, NULL, NULL, NULL, NULL, NULL, NULL, NULL, NULL, NULL, 'Nurul Hidayati', '1020184119871106201605130', NULL),
(181, 'default@mail.com', '4a5d681deaeb017955394890d4a032cec8614e566513d1a0a658c458aab97d37', 'PUJITRIUTAMI', 0, NULL, NULL, NULL, NULL, NULL, NULL, NULL, NULL, NULL, 'Puji Tri Utami', '1020184119930226201605131', NULL),
(182, 'default@mail.com', '70aa67321b53b34522a3c362b61ab201b6365b857443012ce0cade0e0db1be16', 'Riska Anggraini', 0, NULL, NULL, NULL, NULL, NULL, NULL, NULL, NULL, NULL, 'Riska Anggraini', '1020184119901128201605132', NULL),
(183, 'pushchubz@gmail.com', '3518c90988c74911d57c7fbb5a549ede5b53acea38b09f44e018430ff2bd3d0c', 'bilbar', 0, NULL, NULL, NULL, NULL, NULL, NULL, NULL, NULL, NULL, 'Sri Puspa', '1020184119860808201605133', NULL),
(184, 'wahyusaputra315@gmail.com', '50276131c829264435079d1d70151fe5c9f0fad9f999a0a00a0c8654b5e3cad4', 'wahyusky', 0, NULL, NULL, NULL, NULL, NULL, NULL, NULL, NULL, NULL, 'Wahyu Saputro', '1020184119880124201605134', NULL),
(185, 'default@mail.com', 'ef27b4f95bac8cdacb01bd98f67bccfdd6e03ca2322cf310204c99756fbb14ff', 'pejuanghalal90', 0, NULL, NULL, NULL, NULL, NULL, NULL, NULL, NULL, NULL, 'Ahmad Pauzi', '1020184119900302201705147', NULL),
(186, 'default@mail.com', '524fa23e9ffeee4f4ad9fc9a0638356f6542d640e25b533405d075929f41b9ad', 'elfitrianti', 0, NULL, NULL, NULL, NULL, NULL, NULL, NULL, NULL, NULL, 'Elfitrianti', '1020184119840805201303083', NULL),
(187, 'default@mail.com', 'a65736435dc394371090169570fafd65cd1c8319e7a0141d01bf059fdc9a2425', 'Siti Rihanah', 0, NULL, NULL, NULL, NULL, NULL, NULL, NULL, NULL, NULL, 'Siti Rihanah', '1020184119931028201707153', NULL),
(188, 'teresimbolon3@gmail.com', '20ff438113b439065c0047bfe492905560a5d4436d1dd56a856553f006765e6f', 'theresiakristiani', 1, NULL, NULL, NULL, NULL, NULL, NULL, NULL, NULL, NULL, 'Theresia Kristiani', '1020184119911201201707154', NULL),
(189, 'default@mail.com', 'f5fa3e469af51c6bed95bf841cb4aa3ed34282fdd39d0e17078844f87c5480ce', '1020184119820208201103024', 0, NULL, NULL, NULL, NULL, NULL, NULL, NULL, NULL, NULL, 'Prawita Sari', '1020184119820208201103024', NULL),
(190, 'default@mail.com', '1fe9771a4950647d5b6a395a26a7589de3c7627a9d0db21c3a3308863a1177df', 'nurhaeni', 0, NULL, NULL, NULL, NULL, NULL, NULL, NULL, NULL, NULL, 'Nurhaeni', '1020184119940525201605135', NULL),
(191, 'haryanti_yayang26@yahoo.co.id', '77ca1f95fe5e8584b0788d1433c8e68b43dccbd55380e7abf4d328d2373e6480', 'haryanti', 0, NULL, NULL, NULL, NULL, NULL, NULL, NULL, NULL, NULL, 'Haryanti', '1020184119900922201606136', NULL),
(192, 'default@mail.com', 'a2bafda8a12a13e2512d701c2bcb84a39bbc1ae3ceb8243668de2a877d64ef0d', 'dehol', 0, NULL, NULL, NULL, NULL, NULL, NULL, NULL, NULL, NULL, 'Dewi Holistiyani', '1020184119930502201707155', NULL),
(193, 'default@mail.com', '113e8329095087163486e9536e3720467d3a2fcc04ecbaf962940dde0f2fc367', 'ARUMHERTIANA', 0, NULL, NULL, NULL, NULL, NULL, NULL, NULL, NULL, NULL, 'Arum Hertiana N', '1020184119911204201304042', NULL),
(194, 'default@mail.com', 'f1c31eb14b9b405318f439588c8cff6861e981b6391c757cc7749b7554fc91be', '1020184119900920201304041', 1, NULL, NULL, NULL, NULL, NULL, NULL, NULL, NULL, NULL, 'Atik Wulandari', '1020184119900920201304041', NULL),
(195, 'default@mail.com', '0febbb9f90eec8a26c194bd94ed56e0d626aebb1e505a52b567e613192af4986', 'diniarmita', 1, NULL, NULL, NULL, NULL, NULL, NULL, NULL, NULL, NULL, 'Dini Armita Hasibuan', '1020184119870914201304051', NULL),
(196, 'dwioktapiana@gmail.com', '0e76c941423c27ead5065c208b8376b6603786f5c31f131236d5ddd947faa058', 'dwioktapiana23', 0, NULL, NULL, NULL, NULL, NULL, NULL, NULL, NULL, NULL, 'Dwi Oktapiana', '1020184119921023201510084', NULL),
(197, 'default@mail.com', '0ae0f3f66b0fcc08808ff7b35a60555575a787bb3c727b6154b52f5fd8706614', 'Dyan Prafitasari', 0, NULL, NULL, NULL, NULL, NULL, NULL, NULL, NULL, NULL, 'Dyan Prafitasari', '1020184119900425201304050', NULL),
(198, 'default@mail.com', 'cc2df5cd40330ba074f5b9e930dba925bc579be49cb6c27a4cc837fb781072a7', '1020184119910219201510085', 0, NULL, NULL, NULL, NULL, NULL, NULL, NULL, NULL, NULL, 'Febri Yulianti', '1020184119910219201510085', NULL),
(199, 'default@mail.com', 'fc121aa210bd0885f7adcf3021bd7311657a5fb7e5f56952cde8b886d9273e74', 'furiwidya05', 0, NULL, NULL, NULL, NULL, NULL, NULL, NULL, NULL, NULL, 'Furi Widyaningsih', '1020184119930205201510086', NULL),
(200, 'Nitavab@mail.com', '5eaaeceeb45c82708fd02806be0afd642411803ddf70977e729d9247435a4a72', 'hernita27', 0, NULL, NULL, NULL, NULL, NULL, NULL, NULL, NULL, NULL, 'Hernita', '1020184119820827200601006', NULL),
(201, 'default@mail.com', '6f92183992068b6719c159e5e0380dd577cf0c8bca45247004347062638529bf', '1020184119920522201510087', 0, NULL, NULL, NULL, NULL, NULL, NULL, NULL, NULL, NULL, 'Intan Nur Kholifah', '1020184119920522201510087', NULL),
(202, 'default@mail.com', '9fb3db5324d2a36593d314224e5d7ca3a5ae0d19db2e6a6fbebe155c029fd715', 'Kiki Apriani', 0, NULL, NULL, NULL, NULL, NULL, NULL, NULL, NULL, NULL, 'Kiki Apriani', '1020184119940422201510088', NULL),
(203, 'default@mail.com', '299478c98a753ce0c7732ee05988ced131d46bc0514ef60747d90be38bf5109e', '1020184119730410200905013', 0, NULL, NULL, NULL, NULL, NULL, NULL, NULL, NULL, NULL, 'Laelatul Hasanah', '1020184119730410200905013', NULL),
(204, 'default@mail.com', '359498244a6320463e394d24e2cd2befd22fc599cd0e47650b8c7bcfc3aef5ef', 'Mega', 0, NULL, NULL, NULL, NULL, NULL, NULL, NULL, NULL, NULL, 'Mega Pertiwi', '1020184119920802201510089', NULL),
(205, 'default@mail.com', '636f45af05c7378552aaa315ceffccb93b468936ea8ad9d908aca245163cb469', '1020184119910517201510090', 0, NULL, NULL, NULL, NULL, NULL, NULL, NULL, NULL, NULL, 'Meiriza Andarwati', '1020184119910517201510090', NULL),
(206, 'default@mail.com', '3aee2285f7c9834d21336bf1e6c7e1936cac3be9cf8d4090c146e853daf18c55', 'muainafirdaus', 0, NULL, NULL, NULL, NULL, NULL, NULL, NULL, NULL, NULL, 'Muaina Firdaus', '1020184119810616201103023', NULL),
(207, 'default@mail.com', 'e57b2d84b330c565fe230461b35bf7f23c5c60a7d76661426c0b729b8ffa890e', '1020184119911213201510091', 0, NULL, NULL, NULL, NULL, NULL, NULL, NULL, NULL, NULL, 'Natalia Feranika Sirait', '1020184119911213201510091', NULL),
(208, 'default@mail.com', '6b03e84a723099ebd8590062a01985eb66acd3c36a0d8782e91c1102d31b4da6', 'NIKEN', 0, NULL, NULL, NULL, NULL, NULL, NULL, NULL, NULL, NULL, 'Niken Yunita', '1020184119850626201011019', NULL),
(209, 'default@mail.com', '80ee25cddf4bb8b68f79b988cb89166247520e18cd4f91c194232b2b7c2a697c', '1020184119860523201510092', 0, NULL, NULL, NULL, NULL, NULL, NULL, NULL, NULL, NULL, 'Ninik Suyanti', '1020184119860523201510092', NULL),
(210, 'novikasari.ns@gmail.com', '54c0de8c52d6499fca7125bff6ca8a95bacfdb4aa7e108a642878b63fa0e63f9', 'vika', 0, NULL, NULL, NULL, NULL, NULL, NULL, NULL, NULL, NULL, 'Novika Sari', '1020184119921123201510093', NULL),
(211, 'anjani.baitul@gmail.com', '581d1ac655f7caa76cf69742932da8ed633389432f96f7b710f532c82f995f56', 'nuranjanibaitul22romadona', 1, NULL, NULL, NULL, NULL, NULL, NULL, NULL, NULL, NULL, 'Nuranjani Baitul Romadona', '1020184119940222201510094', NULL),
(212, 'default@mail.com', '9a289f087c28d1795376254b42e1353f51edfecdeceb0a56f3accc6ff484ca23', 'RATI SANDI SAPUTRA', 0, NULL, NULL, NULL, NULL, NULL, NULL, NULL, NULL, NULL, 'Rati Sandi Saputra', '1020184119820315200811012', NULL),
(213, 'default@mail.com', '4283dfacdab50e10b3b87de2427e836cbe1528485a60f6e50c014dea33f3d6d7', 'rissadyne', 0, NULL, NULL, NULL, NULL, NULL, NULL, NULL, NULL, NULL, 'Rissa Dyne Wardhani', '1020184119900915201510095', NULL),
(214, 'default@mail.com', '71c452782a98e7875ca43ff57121f249cccec70a3ecaa00b41fdc770298c3d7b', '1020184119851205201104027', 0, NULL, NULL, NULL, NULL, NULL, NULL, NULL, NULL, NULL, 'Ronika Natalie Saragi', '1020184119851205201104027', NULL),
(215, 'linsamanalu@gmail.com', '8c6991f0692480483ea1af11cdd8c77e77c037c2e60109eb698a748eb4439482', 'linsamanalu', 0, NULL, NULL, NULL, NULL, NULL, NULL, NULL, NULL, NULL, 'Sariana Rolinsana Manalu', '1020184119880910201304049', NULL),
(216, 'default@mail.com', '57bafe1f88a61a5447f73268eb60c47ff6e0b2b0691a4380668e8847d96c419d', 'shellavirginia', 0, NULL, NULL, NULL, NULL, NULL, NULL, NULL, NULL, NULL, 'Shella Virginia', '1020184119930501201510096', NULL),
(217, 'tri.isnani04@gmail.com', '196a5d647e6b5e222af8d116a2db8214cae63e7af08aa034c599a4a0af8a6b36', 'Tri Isnani', 0, NULL, NULL, NULL, NULL, NULL, NULL, NULL, NULL, NULL, 'Tri Isnani', '1020184119800204200704009', NULL),
(218, 'default@mail.com', '289c329a84b3c3a1f7c51ca4a98fabb26fdcd3eaaf36d298405d94c16b97ba42', '1020184119890125201304040', 0, NULL, NULL, NULL, NULL, NULL, NULL, NULL, NULL, NULL, 'Wahyu Tri Wulandari', '1020184119890125201304040', NULL),
(219, 'windyhendriani.wh@gmail.com', 'fb74774e7519ef175739faf0d385951fd98175efe832ce248e1fe045e98a5e19', '1020184119840215200705008', 0, NULL, NULL, NULL, NULL, NULL, NULL, NULL, NULL, NULL, 'Windy Hendriani', '1020184119840215200705008', NULL),
(220, 'default@mail.com', '7fcd41b433915afdcc5566b2cf07bdef197b68c7f40cf9f4df63c9cdadc88645', 'winnapuspita4290', 0, NULL, NULL, NULL, NULL, NULL, NULL, NULL, NULL, NULL, 'Winna Puspitasariningrum', '1020184119900204201510097', NULL),
(221, 'default@mail.com', '1b46a90b5fa7c8aafccae0392f74b6d0574bfff15713ebed49a4cd4c9840157e', 'wiwit2', 0, NULL, NULL, NULL, NULL, NULL, NULL, NULL, NULL, NULL, 'Wiwit Rahayu', '1020184119840914201103022', NULL),
(222, 'default@mail.com', 'aae980825573a03e27bb5e7012a7f889bdc1b025413deacff45c98b2442368ec', 'yari', 0, NULL, NULL, NULL, NULL, NULL, NULL, NULL, NULL, NULL, 'Yari Suni Fauziah', '1020184119910121201510098', NULL),
(223, 'default@mail.com', '06c7648970735aa6455c8fc76794573706845d19d8932cba2200f0d25ec49697', 'Yuli Rini', 0, NULL, NULL, NULL, NULL, NULL, NULL, NULL, NULL, NULL, 'Yuli Rini', '1020184119770717201304048', NULL),
(224, 'default@mail.com', '1c78adeda79432a64658ac702740d985506e9db1fb1aea29ea36eb173258198f', '1020184119910411201605137', 0, NULL, NULL, NULL, NULL, NULL, NULL, NULL, NULL, NULL, 'Misrah Kiranawati', '1020184119910411201605137', NULL),
(225, 'default@mail.com', 'b0474cfecff1c75c85750949f9232989bc748a9355051083480542e2cee7d570', '1993', 0, NULL, NULL, NULL, NULL, NULL, NULL, NULL, NULL, NULL, 'Nurry Oktaviyana', '1020184119931007201605138', NULL),
(226, 'srishantiwahyuni94@gmail.com', 'aa8d45418076822c964ca48f2a69f69cf1b96ecda935662461abacbf8fccbdd6', 'srishantiw', 1, NULL, NULL, NULL, NULL, NULL, NULL, NULL, NULL, NULL, 'Sri Shanti Wahyuni', '1020184119940907201708159', NULL);
INSERT INTO `aauth_users` (`id`, `email`, `pass`, `username`, `banned`, `last_login`, `last_activity`, `date_created`, `forgot_exp`, `remember_time`, `remember_exp`, `verification_code`, `totp_secret`, `ip_address`, `nama_lengkap`, `nip`, `is_upd_username`) VALUES
(227, 'default@mail.com', '17c5b6263fe5428724448c4db64400071decd55457d1343dd658fea0a957edf6', '1020184119950102201712161', 1, NULL, NULL, NULL, NULL, NULL, NULL, NULL, NULL, NULL, 'Elyana Agatia', '1020184119950102201712161', NULL),
(228, 'larasati.wj@gmail.com', '966f234504037bff957ff1357c005e8096e6db893898642afbfe5db25f58db0c', 'larasatiwj', 0, NULL, NULL, NULL, NULL, NULL, NULL, NULL, NULL, NULL, 'Larasati Wijayanti', '1020184119941014201712162', NULL),
(229, 'default@mail.com', '0f4b2a0f168972f2590a973d1e42277fe38b3f0bb991eb4035f46fa2b7ca3b52', 'nurinalistyap96', 0, NULL, NULL, NULL, NULL, NULL, NULL, NULL, NULL, NULL, 'Nurina Listya Paramitha', '1020184119960903201712163', NULL),
(230, 'nurma.tyani.cunha@gmail.com', '9bead79abe34547ae7b5b6d08918c0224ba87cbe0b80fdaed330e6f2f9c0287e', 'Nurma tyani cunha', 0, NULL, NULL, NULL, NULL, NULL, NULL, NULL, NULL, NULL, 'Nurma Sulistyani', '1020184119911126201303037', NULL),
(231, 'default@mail.com', '1c02add82e2aed678a13ab02a2d2707370b6761f69f27f094d324b4f666d5b55', 'farida', 0, NULL, NULL, NULL, NULL, NULL, NULL, NULL, NULL, NULL, 'Ai Faridatunnisa', '1020184119830404201605139', NULL),
(232, 'ayufatonah14@gmail.com', '4c0ab8434529b66d5970f955caf1ee54d08f94dae90b03f85b3863c6737ee0f0', 'ayufatonah', 0, NULL, NULL, NULL, NULL, NULL, NULL, NULL, NULL, NULL, 'Ayu Fatonah', '1020184119940714201605140', NULL),
(233, 'default@mail.com', 'f03a101ab32e013ae6835056df5123a75a21198a871ba94c65fcc7a9a215e322', 'nisa', 0, NULL, NULL, NULL, NULL, NULL, NULL, NULL, NULL, NULL, 'Khoirunnisa Eka Novitasari', '1020184119921113201605141', NULL),
(234, 'misrysusantrym@yahoo.com', 'e10b871bbc0020d69dd7b41a0d0e6f49954303c48c6564199f40a1f7e1df33bf', 'misrymarpaung', 0, NULL, NULL, NULL, NULL, NULL, NULL, NULL, NULL, NULL, 'Misry Susanty Marpaung', '1020184119870326201605142', NULL),
(235, 'default@mail.com', '4e7bccd6ad93da9d7c8ab72c22393ce93f32dd2496a77cc9117592d227d15ce3', 'trisukmaningrum', 0, NULL, NULL, NULL, NULL, NULL, NULL, NULL, NULL, NULL, 'Tri Sukmaningrum', '1020184119930205201712164', NULL),
(236, 'myozehn@gmail.com', 'da3f69803d0511b9f3256b37cd150594e84692869aa5b21f70390bea348af53d', 'adnan', 0, NULL, NULL, NULL, NULL, NULL, NULL, NULL, NULL, NULL, 'Adnan Rachman', '1020184119940704201708156', NULL),
(237, 'default@mail.com', 'fcecd073cbf72aaadb781868684dbe3705e69a84da937fd17e127163c2e35490', 'Radita', 0, NULL, NULL, NULL, NULL, NULL, NULL, NULL, NULL, NULL, 'Radita', '1020184119950726201708157', NULL),
(238, 'risyanurrizky4@gmail.com', '4e2690149110628e642a365beb84a1e4f24ecd7f5b7014a7020eafc315ab1323', 'risya.caca', 0, NULL, NULL, NULL, NULL, NULL, NULL, NULL, NULL, NULL, 'Risya Nurrizky', '1020184119940824201708158', NULL),
(239, 'inibudi458@gmail.com', 'cd2f3eef7ecfd44f7d49b83f68779bf1f5c3f85c2fc4c1171b9f93a430163e61', 'budi', 0, NULL, NULL, NULL, NULL, NULL, NULL, NULL, NULL, NULL, 'Budi Hartanto', '1020184119930113201605143', NULL),
(240, 'santirosmiyati29@gmail.com', '81b33f26e9fd0026ea711cbe92f80bc0dfd4c4b44725e9f76977e75f5011b4c0', 'Santi R', 0, NULL, NULL, NULL, NULL, NULL, NULL, NULL, NULL, NULL, 'Santi Rosmiyati', '1020184119911029201403061', NULL),
(241, 'dimaswirawan@gmail.com', 'dd375decd98aa6a9397c479f26f5557186fb6dbdb0553fb50da36331611ceb0f', 'dimaswirawan', 1, NULL, NULL, NULL, NULL, NULL, NULL, NULL, NULL, NULL, 'Dimas Wirawan Wicaksono', '1020184119910919201801165', NULL),
(242, 'rahayu@gmail.com', 'be0bd3725fd9aac0731cf7c27e863c2a1ef100a4e2fe060737fea1efb42fb28b', 'rahayuafiah', 1, NULL, NULL, NULL, NULL, NULL, NULL, NULL, NULL, NULL, 'Rahayu Afiah Surur', '1020184119901227201801166', NULL),
(244, 'arifnurmansyah59@yahoo.com', '6731e028851256448d7c66a78914eb6e5d37e304ef1b59ede592d570379c0ce1', '1020184119900623201802167', 0, NULL, NULL, NULL, NULL, NULL, NULL, NULL, NULL, NULL, 'Arif Nurmansyah', '1020184119900623201802167', NULL),
(245, 'default@mail.com', '1e225b7d9f1d17f0d9170c1bd9e3bc9882267a9f5e92015cdf6c0418ef81ef41', '1020184119950719201804168', 1, NULL, NULL, NULL, NULL, NULL, NULL, NULL, NULL, NULL, 'Fani Yonanda', '1020184119950719201804168', NULL),
(246, 'default@mail.com', 'e585f71683e7173a47401d129443a9fc313fdaa918c590f01c55f98f73440bd9', 'febrifitri', 0, NULL, NULL, NULL, NULL, NULL, NULL, NULL, NULL, NULL, 'Febri Fitriyanti', '1020184119960221201804169', NULL),
(247, 'irma.agustina17@gmail.com', '1b0b389545aa002600c95211b849aea1d40eaf32ff86d40ff1abdbb541a594aa', 'irmaagustina', 1, NULL, NULL, NULL, NULL, NULL, NULL, NULL, NULL, NULL, 'Irma Agustina', '1020184119940817201804170', NULL),
(248, 'default@mail.com', 'bed961967011568a2e456ff30e7112419b7963abfdd512b2728ffa65e529070b', 'zumanis', 0, NULL, NULL, NULL, NULL, NULL, NULL, NULL, NULL, NULL, 'Eka Nurrizqi Zulfandiary', '1020184119950606201804171', NULL),
(249, 'earlene_88@yahoo.com', '8a060c37e904944baa8aec51b569a14c0fe505c04e7663c57f4bf907c1418d5c', 'earlene', 0, NULL, NULL, NULL, NULL, NULL, NULL, NULL, NULL, NULL, 'Earlene', '1020184119881019201804172', NULL),
(250, 'fiqripuji@gmail.com', '12f963ffdbd016647595a0ac9f9f8ef7ac000c6f73f8caeb337f57e9d2818e04', 'Tomo', 0, NULL, NULL, NULL, NULL, NULL, NULL, NULL, NULL, NULL, 'Fiqri Puji Utomo', '1020184119960222201804173', NULL),
(251, 'fatifatika8@gmail.com', '8874b08c65514b3ba623981e27384206ca4c7901bcb1677fced83729d16a75ac', 'NurainiFatika', 0, NULL, NULL, NULL, NULL, NULL, NULL, NULL, NULL, NULL, 'Fatika Indah Nuraini', '1020184119960731201804174', NULL),
(252, 'default@mail.com', '0120228ad4eaa1891eaa424122c4d34f00bbc773f683aa866fe414e0495f621c', 'thiara', 0, NULL, NULL, NULL, NULL, NULL, NULL, NULL, NULL, NULL, 'Thiara Yoestiti', '1020184119930304201804175', NULL),
(253, 'default@mail.com', '91b0b8cff980c936729c42e48ecc30c806366ff985b29886b9ed2d80ca24ad4a', 'Kartikaasd', 0, NULL, NULL, NULL, NULL, NULL, NULL, NULL, NULL, NULL, 'Kartika Sita Dewi', '1020184119960529201804176', NULL),
(254, 'ekatiwiiw@gmail.com', '11ead8b9609143db41c53f41de5ad9df30769c53b976a53381a7691f8a668840', 'Ayuditya', 0, NULL, NULL, NULL, NULL, NULL, NULL, NULL, NULL, NULL, 'Ayu Ditya Ekawati', '1020184119960923201804177', NULL),
(255, 'default@mail.com', 'ff89d2ce66dbf14b3be2f49dcbc1c83610c6f925230c6e3e608a9532a40062d2', '1020184119960222201804178', 0, NULL, NULL, NULL, NULL, NULL, NULL, NULL, NULL, NULL, 'Khantsa Rabbani Akbar', '1020184119960222201804178', NULL),
(256, 'dessy.indah11@ymail.com', 'f6bef850451753e22307d3b34515f3afc38a65d021561ea3761105a5c192e28b', 'dessyip', 0, NULL, NULL, NULL, NULL, NULL, NULL, NULL, NULL, NULL, 'Dessy Indah Pratiwi', '1020184119941211201804179', NULL),
(257, 'ojiknasron@ymail.com', '5b41d69011e19e149b3691cd7098c617ec1911140a932a81770c7dac3c38fc41', 'fakhrurrozy nasron', 0, NULL, NULL, NULL, NULL, NULL, NULL, NULL, NULL, NULL, 'Fakhrurrozy Nasron', '1020184119920503201804180', NULL),
(258, 'dheararara@gmail.com', '1df13ad6a0a6831389e4a572faae5aba18c116b1e6dc81c2eba7c3d5d9fb3321', 'dhea', 0, NULL, NULL, NULL, NULL, NULL, NULL, NULL, NULL, NULL, 'Dhea Rachmawati', '1020184119920127201804181', NULL),
(259, 'ziaulhag@yahoo.com', '71a47aa6d2012b071bb05c447b02f75f1329041bc6de98e013895d6ee2f71930', 'zia ulhag', 0, NULL, NULL, NULL, NULL, NULL, NULL, NULL, NULL, NULL, 'Zia Ulhag', '1020184119910204201804182', NULL),
(260, 'default@mail.com', 'a1eb2c88222797aaafedda8901e26e0d7b29bf23359afc9ef166ac4f2e134a53', '1020184119780620201804183', 0, NULL, NULL, NULL, NULL, NULL, NULL, NULL, NULL, NULL, 'Erni', '1020184119780620201804183', NULL),
(261, 'default@mail.com', '0aad97c0ab16799aab2a3fdfbbf2a398d9838ca7adaa4fa0d5d29d9b93988c82', 'dewi', 0, NULL, NULL, NULL, NULL, NULL, NULL, NULL, NULL, NULL, 'Dewi Rachmawati', '1020184119960626201804184', NULL),
(262, 'asriparamythas@gmail.com', '77dc20c1fb98ce9ede5e3775b79e696bcb8da1c6b084cda2fc2277bf9ec29437', 'asri paramytha', 0, NULL, NULL, NULL, NULL, NULL, NULL, NULL, NULL, NULL, 'Asri Paramytha Supriyandini', '1020184119921124201805186', NULL),
(263, 'default@mail.com', 'a9cc1c11f7abf91291e14160e9256028a4734dab6b240d63a222274092a29523', '1020184119950815201805187', 0, NULL, NULL, NULL, NULL, NULL, NULL, NULL, NULL, NULL, 'Nailatul Fadila', '1020184119950815201805187', NULL),
(264, 'zu.raya@yahoo.com', 'd3d3a139381e49f7d669a96a833077275338b1b120bee39e0533f01fddacae9f', 'ayuzuraya', 0, NULL, NULL, NULL, NULL, NULL, NULL, NULL, NULL, NULL, 'Ayu Zuraya', '1020184119920616201805185', NULL),
(265, 'renggaprima.r27@gmail.com', '2f4134263c0504a71d21542f670753c7af0b67c58a7abf46a6b5ad561cff4905', 'Rengga Prima Rachim', 1, NULL, NULL, NULL, NULL, NULL, NULL, NULL, NULL, NULL, 'Rengga Prima Rachim', '1020184119930627201805188', NULL),
(266, 'default@mail.com', '267f6fc034df7eed8f0671ab9e3921107064487e90775f11569ec10090b189c4', 'kety hasanah', 0, NULL, NULL, NULL, NULL, NULL, NULL, NULL, NULL, NULL, 'Kety Hasanah', '1020184119911025201805189', NULL),
(267, 'default@mail.com', 'd437b0bdfe458158878720814ca739bdbf1c3c3ec42435508f765b7f5361a280', 'Merry Veronika', 0, NULL, NULL, NULL, NULL, NULL, NULL, NULL, NULL, NULL, 'Merry Panggabean', '1020184119940522201806190', NULL),
(268, 'ari_schatz@yahoo.com', '3833a1606df51f31c8fab4b1a7337766bdb2c04cc39ef6e1020043439e5047b6', 'Arlong', 0, NULL, NULL, NULL, NULL, NULL, NULL, NULL, NULL, NULL, 'Muhammad Ari Wibowo', '1020184119870226201806191', NULL),
(269, 'rentygupitarg@gmail.com', 'db04afe51a3b6f6cc87c6ef7a2508df8143a80e7401c7cb3743d6675b91245ae', 'rentygupita', 0, NULL, NULL, NULL, NULL, NULL, NULL, NULL, NULL, NULL, 'Renti Nurma Gupita', '1020184119900903201806192', NULL),
(270, 'nurmalanita2204@gmail.com', '73c9d0c7a0be27a4cba374fa02c778a51cdeca2914c1faf96ab71d312db6b509', 'nita nurmala', 0, NULL, NULL, NULL, NULL, NULL, NULL, NULL, NULL, NULL, 'Nita Nurmala', '1020184119920225201808193', NULL),
(271, 'lailihayati26@gmail.com', 'eedb06ae555071b00370bf4068c0ae0c5434ee387a2d8ed3809293606522358c', 'lailihayati', 0, NULL, NULL, NULL, NULL, NULL, NULL, NULL, NULL, NULL, 'Laili Hayati', '1020184119950708201808194', NULL),
(272, 'default@mail.com', 'a808d6ac17f33617746454ac08fe950d598ee1e35f0c88bf2a188584aaaed70b', '197407072014081002', 0, NULL, NULL, NULL, NULL, NULL, NULL, NULL, NULL, NULL, 'Al Ashar', '197407072014081002', NULL),
(273, 'default@mail.com', '93895caac050d5b9601591f5daa9188bcfcedd55a6898f8c75378eeb6211e4d1', '196111061988022001', 0, NULL, NULL, NULL, NULL, NULL, NULL, NULL, NULL, NULL, 'dr. Angliana Dianawati', '196111061988022001', NULL),
(274, 'diegomaradona244@gmail.com', '13887151559af21781519a0dc9999bce7822592df363486c8d12389099856b22', 'diegomaradona', 0, NULL, NULL, NULL, NULL, NULL, NULL, NULL, NULL, NULL, 'MARADONA', '1020184119860626201901195', NULL),
(275, 'melindanzaniputri@yahoo.com', '146dab88d2dd6601c969045f20ed8cc93d5abae4531280373a88c853c74f7b12', 'melinda anzani putri', 0, NULL, NULL, NULL, NULL, NULL, NULL, NULL, NULL, NULL, 'Melinda Anzani Putri', '1020184119930526201902196', NULL),
(276, 'oktavia112129@gmail.com', 'd526c4926bc0bd0880fe6209f7e859fd68b469a52c2750a376745e1acdea15a1', 'OktaviaR', 0, NULL, NULL, NULL, NULL, NULL, NULL, NULL, NULL, NULL, 'Oktavia Rianti', '1020184119951029201902197', NULL),
(277, 'chaerunisamaulidantika@gmail.com', 'd3655d6fedc2ff395b00bb78bbc7618405a931474fd4fad04063c98a42597df5', '1020184119950803201903198', 0, NULL, NULL, NULL, NULL, NULL, NULL, NULL, NULL, NULL, 'Chaerunisa', '1020184119950803201903198', NULL),
(278, 'example@mail.com', 'c7a2e7120bf87b7d77fb58db49e75d1011cb38ac26374dd3f03797e8e8d8817f', 'karmeliadr', 0, NULL, NULL, NULL, NULL, NULL, NULL, NULL, NULL, NULL, 'Karmelia Desiliyani Rusch', '1020184119930102201904200', NULL),
(279, 'default@mail.com', '0095cd5b7a5638b2cb8eb7c29d54c633cc1a8985c4b0d8bb4c32d02cf3864ed6', '19941104', 0, NULL, NULL, NULL, NULL, NULL, NULL, NULL, NULL, NULL, 'Ihsan Fadhielah Novtayana', '1020184119941104201904199', NULL),
(280, 'default@mail.com', '5eb6ccd213da580ba32b5dcb2ed0984c4642a635254c75165f0eb4ae79651950', 'MUHAMMADSYAHRIRAMADHAN', 1, NULL, NULL, NULL, NULL, NULL, NULL, NULL, NULL, NULL, 'Muhammad Syahri Ramadhan', '1020184119960213201904201', NULL),
(281, 'default@mail.com', 'c2f7f4c146e7d394d51699817eef6ab4ccad22e3d892e8259a976badb16ee428', '1020184119930604201904202', 0, NULL, NULL, NULL, NULL, NULL, NULL, NULL, NULL, NULL, 'Siti Hajar', '1020184119930604201904202', NULL),
(282, 'default@mail.com', '20d46965f52468b1240644da886cc8dffc3800fec2493631a152d36ca211bc9c', '1020184119940727201904203', 0, NULL, NULL, NULL, NULL, NULL, NULL, NULL, NULL, NULL, 'Tresna Yulianty', '1020184119940727201904203', NULL),
(283, 'example@mail.com', 'fdbfe2dc8705074ec50982ae28791683c3ab4f20352df28ed386e5d8e715aab3', 'rara ferly desilva', 0, NULL, NULL, NULL, NULL, NULL, NULL, NULL, NULL, NULL, 'Rara Ferly Desilva', '1020184119950101201905204', NULL),
(285, 'resty@gmail.com', '40e3560c8c862980c39cb5d66008d76d06a73d0273e0384c7282fa7cc665879a', 'resty', 0, NULL, NULL, NULL, NULL, NULL, NULL, NULL, NULL, NULL, 'Resty Putri Sastika', '1020184119921108201910205', NULL),
(286, 'rhezapd@gmail.com', '11ad86f44946f74db977cae86b1cbad695bfbde171429168aab55961aef0f707', 'rhezapd', 0, NULL, NULL, NULL, NULL, NULL, NULL, NULL, NULL, NULL, 'Rheza Pratama Dharmawan', '1020184119941109202002206', NULL),
(287, 'setiadyrudy@hotmail.com', 'feb84eb618beb9376094fc00c653ae076a56928648ade398672e85e631494e53', 'setiadyrudy', 0, NULL, NULL, NULL, NULL, NULL, NULL, NULL, NULL, NULL, 'Rudy Setiady', '1020184119940430202002207', NULL),
(288, 'sofizahranbl@gmail.com', '9d965eff78a1a72eaf97146990521a4a7f38ab889c1dbb0b6a1dd2e0e34a03d8', 'sofiazahra', 0, NULL, NULL, NULL, NULL, NULL, NULL, NULL, NULL, NULL, 'Sofia Zahra Nabila W', '1020184119980515202002208', NULL),
(289, 'ayudiazadh@gmail.com', '8c35d47040523840233ea71b4e7131ead5aa06315291281d2afc03da4eb5afd4', '183446', 0, NULL, NULL, NULL, NULL, NULL, NULL, NULL, NULL, NULL, 'Ayu Diaz Adhiyanti', '199112172014032002', NULL),
(290, 'default@mail.com', 'eec16b14b6c03c8e878de37beef1fdba0de0eac8b2ec120ca04c8dc8c6807fe2', '199005282019032011', 0, NULL, NULL, NULL, NULL, NULL, NULL, NULL, NULL, NULL, 'Tri Mustikawati', '199005282019032011', NULL),
(291, 'default@mail.com', '7a66d23b0ab7723b0e5d4b1456639980aed69f1d800a48e691de259814ce5344', '199303202019031006', 0, NULL, NULL, NULL, NULL, NULL, NULL, NULL, NULL, NULL, 'Yoseph Marlin', '199303202019031006', NULL),
(293, 'default@mail.com', 'a152f44a4f2ddbb064de40886e54eae4ab95ef922720aa3b6af927c647e06a17', '199011132019032006', 0, NULL, NULL, NULL, NULL, NULL, NULL, NULL, NULL, NULL, 'Dewi Ayu Wulandari', '199011132019032006', NULL),
(294, 'default@mail.com', '3eda03bcd97e11ff82321f919e615d7c0bf51ac9f0bf116f013e5df79a35a78b', '199105042019031011', 0, NULL, NULL, NULL, NULL, NULL, NULL, NULL, NULL, NULL, 'Nizar Haqiki', '199105042019031011', NULL),
(295, 'default@mail.com', '00d144cde5945e62487f59a844ebab6bd9a29fbfecd04c9cf53b07da793cb667', '199509042019032007', 0, NULL, NULL, NULL, NULL, NULL, NULL, NULL, NULL, NULL, 'Anggraini Pangestu Widiasih', '199509042019032007', NULL),
(296, 'default@mail.com', 'abe175f194cae8f6c45d30a7be639c3791de041af67e3d4b9d1d1776d08c6c87', '199104182019031004', 0, NULL, NULL, NULL, NULL, NULL, NULL, NULL, NULL, NULL, 'Sandi Aprianto', '199104182019031004', NULL),
(297, 'default@mail.com', '5b22e67f430c3a2e684295cb26bf27b51727786a8aafefd36f73d82a9d3a53b1', '199308022019032012', 0, NULL, NULL, NULL, NULL, NULL, NULL, NULL, NULL, NULL, 'Nila Rosliana', '199308022019032012', NULL),
(298, 'mail@mail.com', '63bdfffa4da8d79e1b340d929e4b31828b47a28b613938146a04eba79093c456', 'Ali', 0, NULL, NULL, NULL, NULL, NULL, NULL, NULL, NULL, NULL, 'Ali Munsip', '1020184119901109201602188', NULL),
(299, 'mail@gmail.com', '995edbacbbf22e9930813f519cffedde662dad8a6fda5a70a4dd02928d7cb5e8', '12345', 0, NULL, NULL, NULL, NULL, NULL, NULL, NULL, NULL, NULL, 'Dummy', '12345', NULL),
(300, 'nahdya@gmail.com', '82d622c57592ca4de294faa3c12f3bc46617db0d86b002aa7995cecdadcfdce4', '1020184119950609202107209', 0, NULL, NULL, NULL, NULL, NULL, NULL, NULL, NULL, NULL, 'Nahdya Putri Octavina', '1020184119950609202107209', NULL),
(301, 'rizalpurnomo222@gmail.com', '97edb01973bd73e65187263cd7798293a8951bcc78d7d4bc432f25a43593217e', 'rizal', 0, '2021-08-12 02:53:19', '2021-08-12 02:53:19', NULL, NULL, NULL, NULL, NULL, NULL, '192.168.101.54', 'Rizal Purnomo', '1020184119860919202107210', NULL),
(302, 'sidikpurnomo1996@gmail.com', '2133b6f7d97b233c12e97c20199634e0193428abd801feecc5d85baf3f3b7adc', 'Sidik purnomo', 0, '2021-08-10 10:05:57', '2021-08-10 10:05:57', NULL, NULL, NULL, NULL, NULL, NULL, '192.168.101.25', 'Sidik Purnomo', '1020184119961130202107211', NULL),
(303, 'singgihariefk19@gmail.com', '9a876af845fcf82b11d37dbff9c3976ef0ad33c0a2698d168f10a7d1faca0efe', 'singgiharief', 0, NULL, NULL, NULL, NULL, NULL, NULL, NULL, NULL, NULL, 'Singgih Arief Kurniawan', '1020184119980619202107212', NULL),
(304, 'rekhadewi90@gmail.com', 'cb73940706d01905ee00d2d73102d5cced3ad57301f6c3924ecd2ea7060eb30f', 'drrekha', 0, '2021-08-05 03:50:25', '2021-08-05 03:50:25', NULL, NULL, NULL, NULL, NULL, NULL, '192.168.101.54', 'Rekha Dewi Amiati', '1020184119900502202107213', NULL);

-- --------------------------------------------------------

--
-- Table structure for table `aauth_userslog`
--

CREATE TABLE `aauth_userslog` (
  `log_id` int(11) NOT NULL,
  `user_id` int(11) DEFAULT NULL,
  `perms` varchar(200) DEFAULT NULL,
  `dateactivity` timestamp NULL DEFAULT CURRENT_TIMESTAMP,
  `page` varchar(500) DEFAULT NULL,
  `comments` text,
  `ipaddr` varchar(100) DEFAULT NULL
) ENGINE=MyISAM DEFAULT CHARSET=latin1;

--
-- Dumping data for table `aauth_userslog`
--

INSERT INTO `aauth_userslog` (`log_id`, `user_id`, `perms`, `dateactivity`, `page`, `comments`, `ipaddr`) VALUES
(1, NULL, 'member_login', '2021-07-27 22:18:23', 'http://192.168.101.54/sibening/login/login', 'Login attempt failed with username : rizal', '192.168.101.54'),
(2, 99, 'member_login', '2021-07-27 22:23:18', 'http://192.168.101.54/sibening/login/login', 'Login Success with username : geniouz', '192.168.101.54'),
(3, 99, 'member_login', '2021-07-27 22:41:52', 'http://192.168.101.54/sibening/login/login', 'Login Success with username : geniouz', '192.168.101.54'),
(4, 99, 'Admin_login', '2021-07-28 04:32:42', 'http://192.168.101.54/sibening/admin/login/login', 'Admin Login Success with username : geniouz', '192.168.101.54'),
(5, 99, 'Admin_login', '2021-07-28 06:31:14', 'http://192.168.101.54/sibening/admin/login/login', 'Admin Login Success with username : geniouz', '192.168.101.54'),
(6, 99, 'member_login', '2021-07-28 01:32:15', 'http://192.168.101.54/sibening/login/login', 'Login Success with username : geniouz', '192.168.101.54'),
(7, NULL, 'member_login', '2021-07-28 01:33:53', 'http://192.168.101.54/sibening/login/login', 'Login attempt failed with username : geniouz', '192.168.101.54'),
(8, 99, 'member_login', '2021-07-28 01:34:18', 'http://192.168.101.54/sibening/login/login', 'Login Success with username : geniouz', '192.168.101.54'),
(9, 99, 'Admin_login', '2021-07-28 06:34:54', 'http://192.168.101.54/sibening/admin/login/login', 'Admin Login Success with username : geniouz', '192.168.101.54'),
(10, 300, 'Admin_login', '2021-07-28 06:38:48', 'http://192.168.101.54/sibening/admin/login/login', 'Admin Login Success with username : rizal', '192.168.101.54'),
(11, 300, 'member_login', '2021-07-28 01:41:06', 'http://192.168.101.54/sibening/login/login', 'Login Success with username : rizal', '192.168.101.54'),
(12, 300, 'Admin_login', '2021-07-29 00:42:28', 'http://192.168.101.54/sibening/admin/login/login', 'Admin Login Success with username : rizal', '192.168.101.54'),
(13, 300, 'Admin_login', '2021-07-29 04:41:41', 'http://192.168.101.54/sibening/admin/login/login', 'Admin Login Success with username : rizal', '192.168.101.54'),
(14, 301, 'member_login', '2021-07-29 00:45:35', 'http://192.168.101.54/sibening/login/login', 'Login Success with username : rizal', '192.168.101.54'),
(15, 301, 'member_login', '2021-07-29 21:12:18', 'http://192.168.101.54/sibening/login/login', 'Login Success with username : rizal', '192.168.101.54'),
(16, 301, 'Admin_login', '2021-07-30 02:12:37', 'http://192.168.101.54/sibening/admin/login/login', 'Admin Login Success with username : rizal', '192.168.101.54'),
(17, NULL, 'member_login', '2021-07-30 00:43:31', 'http://192.168.101.54/sibening/login/login', 'Login attempt failed with username : drrekha', '192.168.101.54'),
(18, NULL, 'member_login', '2021-07-30 00:43:41', 'http://192.168.101.54/sibening/login/login', 'Login attempt failed with username : drrekha', '192.168.101.54'),
(19, NULL, 'member_login', '2021-07-30 00:43:59', 'http://192.168.101.54/sibening/login/login', 'Login attempt failed with username : drrekha', '192.168.101.54'),
(20, 301, 'member_login', '2021-07-30 00:44:03', 'http://192.168.101.54/sibening/login/login', 'Login Success with username : rizal', '192.168.101.54'),
(21, 304, 'member_login', '2021-07-30 00:49:26', 'http://192.168.101.54/sibening/login/login', 'Login Success with username : drrekha', '192.168.101.54'),
(22, 301, 'member_login', '2021-07-30 00:50:21', 'http://192.168.101.54/sibening/login/login', 'Login Success with username : rizal', '192.168.101.54'),
(23, 304, 'member_login', '2021-07-30 01:52:12', 'http://192.168.101.54/sibening/login/login', 'Login Success with username : drrekha', '192.168.101.54'),
(24, 300, 'member_login', '2021-07-30 01:56:02', 'http://192.168.101.54/sibening/login/login', 'Login Success with username : nahdya', '192.168.101.54'),
(25, 303, 'member_login', '2021-07-30 01:57:26', 'http://192.168.101.54/sibening/login/login', 'Login Success with username : singgiharief', '192.168.101.54'),
(26, 302, 'member_login', '2021-07-30 01:58:47', 'http://192.168.101.54/sibening/login/login', 'Login Success with username : sidik purnomo', '192.168.101.54'),
(27, 301, 'Admin_login', '2021-07-30 06:59:12', 'http://192.168.101.54/sibening/admin/login/login', 'Admin Login Success with username : rizal', '192.168.101.54'),
(28, 300, 'member_login', '2021-07-30 02:05:45', 'http://192.168.101.54/sibening/login/login', 'Login Success with username : nahdya', '192.168.101.54'),
(29, 301, 'Admin_login', '2021-07-30 09:56:40', 'http://192.168.101.54/sibening/admin/login/login', 'Admin Login Success with username : rizal', '192.168.101.54'),
(30, 301, 'Admin_login', '2021-08-02 00:30:41', 'http://192.168.101.54/sibening/admin/login/login', 'Admin Login Success with username : rizal', '192.168.101.54'),
(31, 301, 'member_login', '2021-08-01 22:49:08', 'http://192.168.101.54/sibening/login/login', 'Login Success with username : rizal', '192.168.101.54'),
(32, 301, 'member_login', '2021-08-03 00:42:00', 'http://192.168.101.54/sibening/login/login', 'Login Success with username : rizal', '192.168.101.54'),
(33, 301, 'Admin_login', '2021-08-03 05:47:35', 'http://192.168.101.54/sibening/admin/login/login', 'Admin Login Success with username : rizal', '192.168.101.54'),
(34, 301, 'Admin_login', '2021-08-04 00:47:32', 'http://192.168.101.54/sibening/admin/login/login', 'Admin Login Success with username : rizal', '192.168.101.54'),
(35, 301, 'Admin_login', '2021-08-04 01:02:02', 'http://192.168.101.143/sibening/admin/login/login', 'Admin Login Success with username : rizal', '192.168.101.143'),
(36, 99, 'member_login', '2021-08-04 02:34:53', 'http://192.168.101.54/sibening/login/login', 'Login Success with username : geniouz', '192.168.101.54'),
(37, 301, 'Admin_login', '2021-08-04 07:42:48', 'http://192.168.101.54/sibening/admin/login/login', 'Admin Login Success with username : rizal', '192.168.101.54'),
(38, 301, 'Admin_login', '2021-08-05 00:30:12', 'http://192.168.101.54/sibening/admin/login/login', 'Admin Login Success with username : rizal', '192.168.101.54'),
(39, NULL, 'member_login', '2021-08-04 20:00:10', 'http://192.168.101.54/sibening/login/login', 'Login attempt failed with username : rizalpurnomo@gmail.com', '192.168.101.54'),
(40, 301, 'member_login', '2021-08-04 20:00:16', 'http://192.168.101.54/sibening/login/login', 'Login Success with username : RIZAL', '192.168.101.54'),
(41, NULL, 'member_login', '2021-08-04 20:49:14', 'http://192.168.101.54/sibening/login/login', 'Login attempt failed with username : drrekha', '192.168.101.54'),
(42, NULL, 'member_login', '2021-08-04 20:49:21', 'http://192.168.101.54/sibening/login/login', 'Login attempt failed with username : drrekha', '192.168.101.54'),
(43, 301, 'member_login', '2021-08-04 20:49:28', 'http://192.168.101.54/sibening/login/login', 'Login Success with username : rizal', '192.168.101.54'),
(44, 304, 'member_login', '2021-08-04 20:50:25', 'http://192.168.101.54/sibening/login/login', 'Login Success with username : drrekha', '192.168.101.54'),
(45, NULL, 'Admin_login', '2021-08-05 02:48:49', 'http://192.168.101.54/sibening/admin/login/login', 'Admin Login attempt failed with username : admin', '192.168.101.54'),
(46, 301, 'Admin_login', '2021-08-05 02:48:56', 'http://192.168.101.54/sibening/admin/login/login', 'Admin Login Success with username : rizal', '192.168.101.54'),
(47, 301, 'member_login', '2021-08-04 22:47:15', 'http://192.168.101.54/sibening/login/login', 'Login Success with username : rizal', '192.168.101.54'),
(48, NULL, 'member_login', '2021-08-04 22:48:00', 'http://192.168.101.54/sibening/login/login', 'Login attempt failed with username : Sidik purnomo2', '192.168.101.54'),
(49, NULL, 'member_login', '2021-08-04 22:48:07', 'http://192.168.101.54/sibening/login/login', 'Login attempt failed with username : Sidik purnomo2', '192.168.101.54'),
(50, 302, 'member_login', '2021-08-04 23:03:11', 'http://192.168.101.54/sibening/login/login', 'Login Success with username : sidik purnomo', '192.168.101.54'),
(51, 301, 'member_login', '2021-08-04 23:04:43', 'http://192.168.101.54/sibening/login/login', 'Login Success with username : rizal', '192.168.101.54'),
(52, 301, 'member_login', '2021-08-05 03:02:09', 'http://192.168.101.54/sibening/login/login', 'Login Success with username : rizal', '192.168.101.54'),
(53, 301, 'Admin_login', '2021-08-06 00:24:56', 'http://192.168.101.54/sibening/admin/login/login', 'Admin Login Success with username : rizal', '192.168.101.54'),
(54, 301, 'member_login', '2021-08-05 19:25:17', 'http://192.168.101.54/sibening/login/login', 'Login Success with username : rizal', '192.168.101.54'),
(55, 301, 'Admin_login', '2021-08-06 02:16:05', 'http://192.168.101.54/sibening/admin/login/login', 'Admin Login Success with username : rizal', '192.168.101.54'),
(56, 301, 'Admin_login', '2021-08-06 04:35:12', 'http://192.168.101.54/sibening/admin/login/login', 'Admin Login Success with username : rizal', '192.168.101.54'),
(57, 301, 'member_login', '2021-08-06 00:46:51', 'http://192.168.101.54/sibening/login/login', 'Login Success with username : rizal', '192.168.101.54'),
(58, 301, 'Admin_login', '2021-08-06 08:21:58', 'http://192.168.101.54/sibening/admin/login/login', 'Admin Login Success with username : rizal', '192.168.101.54'),
(59, 301, 'Admin_login', '2021-08-09 00:13:21', 'http://192.168.101.219/sibening/admin/login/login', 'Admin Login Success with username : rizal', '192.168.101.219'),
(60, 301, 'member_login', '2021-08-08 19:30:35', 'http://192.168.101.219/sibening/login/login', 'Login Success with username : Rizal', '192.168.101.103'),
(61, 301, 'member_login', '2021-08-08 19:31:30', 'http://192.168.101.219/sibening/login/login', 'Login Success with username : rizal', '192.168.101.219'),
(62, 301, 'Admin_login', '2021-08-09 01:25:56', 'http://192.168.101.219/sibening/admin/login/login', 'Admin Login Success with username : rizal', '192.168.101.219'),
(63, 301, 'member_login', '2021-08-08 20:26:15', 'http://192.168.101.219/sibening/login/login', 'Login Success with username : rizal', '192.168.101.219'),
(64, 301, 'Admin_login', '2021-08-09 02:41:50', 'http://192.168.101.219/sibening/admin/login/login', 'Admin Login Success with username : rizal', '192.168.101.219'),
(65, 301, 'Admin_login', '2021-08-09 07:26:53', 'http://192.168.101.219/sibening/admin/login/login', 'Admin Login Success with username : rizal', '192.168.101.219'),
(66, 301, 'member_login', '2021-08-09 19:27:38', 'http://192.168.101.25/sibening/login/login', 'Login Success with username : rizal', '192.168.101.25'),
(67, 301, 'Admin_login', '2021-08-10 00:29:29', 'http://192.168.101.25/sibening/admin/login/login', 'Admin Login Success with username : rizal', '192.168.101.25'),
(68, 301, 'Admin_login', '2021-08-10 02:52:39', 'http://192.168.101.25/sibening/admin/login/login', 'Admin Login Success with username : rizal', '192.168.101.25'),
(69, 302, 'member_login', '2021-08-10 03:05:57', 'http://192.168.101.25/sibening/login/login', 'Login Success with username : Sidik purnomo', '192.168.101.25'),
(70, 301, 'Admin_login', '2021-08-12 00:52:21', 'http://192.168.101.54/sibening/admin/login/login', 'Admin Login Success with username : rizal', '192.168.101.54'),
(71, 301, 'member_login', '2021-08-11 19:53:19', 'http://192.168.101.54/sibening/login/login', 'Login Success with username : rizal', '192.168.101.54');

-- --------------------------------------------------------

--
-- Table structure for table `m_bagian`
--

CREATE TABLE `m_bagian` (
  `bagian_id` int(11) NOT NULL,
  `bagian_nama` varchar(50) NOT NULL,
  `kordinator_id` int(11) DEFAULT NULL,
  `pj_cuti` int(11) DEFAULT NULL
) ENGINE=MyISAM DEFAULT CHARSET=latin1;

--
-- Dumping data for table `m_bagian`
--

INSERT INTO `m_bagian` (`bagian_id`, `bagian_nama`, `kordinator_id`, `pj_cuti`) VALUES
(1, 'POLI BPU', 22, 22),
(2, 'UP 24 Jam', 27, 27),
(3, 'Apotek', 38, 38),
(5, 'Poli BP Gigi', 33, 33),
(6, 'Tata Usaha', 2, 2),
(8, 'Loket', 85, 85),
(9, 'Driver', 48, 48),
(10, 'Rumah Bersalin (RB)', 61, 61),
(11, 'Poli Seroja', 128, 22),
(12, 'Poli Tulip', 28, 22),
(13, 'Poli TB', 27, 22),
(14, 'Poli Lavender', 30, 22),
(15, 'Poli Anak', 31, 22),
(16, 'Poli KIA/KB', 268, 22),
(17, 'Laboratorium', 128, 128),
(18, 'Poli Gizi', 15, 22),
(19, 'Kesehatan Lingkungan', 68, 68),
(20, 'Puskesmas Kel. Kayumanis', 25, 25),
(21, 'Puskesmas Kel. Palmeriam', 24, 24),
(22, 'Puskesmas Kel. Kb manggis', 23, 23),
(23, 'Puskesmas Kel. UKS 1', 26, 26),
(24, 'Puskesmas Kel. UKS 2', 16, 16),
(25, 'Puskesmas Kel. UKUT', 35, 35),
(26, 'Promkes', 30, 30),
(27, 'Poli MTBS', 29, 22),
(28, 'POLI PKPR', 31, 22),
(29, 'Fisioterapi', 71, 22),
(34, 'Data dan Informasi', 50, 50),
(32, 'Perencanaan', 27, 27),
(33, 'Kepegawaian', 27, 27),
(35, 'Pengadaan', 31, 31),
(36, 'Barang dan Jasa', 10, 10),
(37, 'Keuangan', 3, 3);

-- --------------------------------------------------------

--
-- Table structure for table `m_jabatan`
--

CREATE TABLE `m_jabatan` (
  `id_jabatan` int(11) NOT NULL,
  `nama_jabatan` varchar(100) NOT NULL
) ENGINE=InnoDB DEFAULT CHARSET=utf8mb4;

--
-- Dumping data for table `m_jabatan`
--

INSERT INTO `m_jabatan` (`id_jabatan`, `nama_jabatan`) VALUES
(3, 'Ka. Puskesmas Kec. Matraman'),
(4, 'Ka. Sub. Bag. Tata Usaha'),
(5, 'Pengolah Tata Usaha Puskesmas'),
(6, 'Pengolah Kepegawaian'),
(7, 'Pengadministrasi Umum'),
(8, 'Penyiap Berkas'),
(9, 'Pengemudi'),
(10, 'Pengolah Satpel UKM'),
(11, 'Pengolah Satpel UKP'),
(12, 'Pengadministrasi Satpel UKP'),
(13, 'Pengolah Satpel Puskesmas Kelurahan'),
(14, 'Pengadministrasi Umum Satpel Puskesmas Kelurahan'),
(15, 'Dokter Umum'),
(16, 'Dokter Gigi'),
(17, 'Asisten Apoteker'),
(18, 'Perawat'),
(19, 'Perawat Gigi'),
(20, 'Bidan'),
(21, 'Sanitarian'),
(22, 'Pranata Laboratorium Kesehatan'),
(23, 'Nutrisionis'),
(24, 'Perekam Medis'),
(25, 'Refraksionis optisien'),
(26, 'Promosi Kesehatan'),
(27, 'Apoteker'),
(28, 'Fisioterapi'),
(29, 'Admistrasi Jabatan'),
(30, 'Pengelola Tata Usaha Puskesmas'),
(31, 'Psikolog');

-- --------------------------------------------------------

--
-- Table structure for table `m_pegawai`
--

CREATE TABLE `m_pegawai` (
  `id_pegawai` int(11) NOT NULL,
  `nip` varchar(100) NOT NULL,
  `nama_pegawai` varchar(250) NOT NULL,
  `tempat_lahir` varchar(100) DEFAULT NULL,
  `tgl_lahir` date DEFAULT NULL,
  `jenis_kelamin` varchar(30) NOT NULL,
  `no_tlp` varchar(30) DEFAULT NULL,
  `email` varchar(50) DEFAULT NULL,
  `alamat` text,
  `agama` int(11) DEFAULT NULL,
  `jabatan` int(11) DEFAULT NULL,
  `bagian` int(11) DEFAULT NULL,
  `pendidikan` int(11) DEFAULT NULL,
  `status` int(11) DEFAULT NULL,
  `rumpun` int(11) DEFAULT NULL,
  `pajak` int(11) DEFAULT NULL,
  `no_ktp` varchar(100) DEFAULT NULL,
  `npwp` varchar(50) DEFAULT NULL,
  `norek_dki` varchar(50) DEFAULT NULL,
  `status_pns` varchar(10) NOT NULL,
  `bpjs_ks` varchar(15) DEFAULT NULL,
  `bpjs_jkk` varchar(15) DEFAULT NULL,
  `bpjs_ijht` varchar(15) DEFAULT NULL,
  `bpjs_jp` varchar(15) DEFAULT NULL,
  `pj_cuti` int(11) DEFAULT NULL,
  `foto_url` varchar(500) DEFAULT NULL,
  `tgl_masuk` date DEFAULT NULL,
  `tmt_gaji` date DEFAULT NULL,
  `is_active` tinyint(4) NOT NULL DEFAULT '1',
  `tempat_tugas` int(11) DEFAULT NULL,
  `tempat_tugas_ket` varchar(15) DEFAULT NULL,
  `shift_status` varchar(50) DEFAULT NULL,
  `golongan` varchar(5) DEFAULT NULL,
  `nrk` varchar(10) DEFAULT NULL,
  `gelar_depan` varchar(10) DEFAULT NULL,
  `gelar_belakang` varchar(10) DEFAULT NULL,
  `created_by` int(11) DEFAULT NULL,
  `created_date` datetime DEFAULT NULL,
  `updated_by` int(11) DEFAULT NULL,
  `updated_date` datetime DEFAULT NULL
) ENGINE=InnoDB DEFAULT CHARSET=utf8mb4;

--
-- Dumping data for table `m_pegawai`
--

INSERT INTO `m_pegawai` (`id_pegawai`, `nip`, `nama_pegawai`, `tempat_lahir`, `tgl_lahir`, `jenis_kelamin`, `no_tlp`, `email`, `alamat`, `agama`, `jabatan`, `bagian`, `pendidikan`, `status`, `rumpun`, `pajak`, `no_ktp`, `npwp`, `norek_dki`, `status_pns`, `bpjs_ks`, `bpjs_jkk`, `bpjs_ijht`, `bpjs_jp`, `pj_cuti`, `foto_url`, `tgl_masuk`, `tmt_gaji`, `is_active`, `tempat_tugas`, `tempat_tugas_ket`, `shift_status`, `golongan`, `nrk`, `gelar_depan`, `gelar_belakang`, `created_by`, `created_date`, `updated_by`, `updated_date`) VALUES
(1, '197503162006042018', 'dr. Herni Lestyaningsih, MARS', '', '1970-01-01', 'PEREMPUAN', '', 'default@mail.com', '', NULL, 3, NULL, 6, NULL, NULL, NULL, '', '', '', 'PNS', NULL, NULL, NULL, NULL, NULL, 'data/foto_pegawai/197503162006042018.jpg', '2006-04-01', NULL, 0, 1, 'KECAMATAN', NULL, NULL, NULL, NULL, NULL, NULL, NULL, NULL, NULL),
(2, '196612111991031002', 'Teguh Handoyo', '', '1970-01-01', 'LAKI-LAKI', '', 'default@mail.com', '', 1, 4, 6, NULL, 3, NULL, NULL, '', '', '', 'PNS', NULL, NULL, NULL, NULL, NULL, NULL, '1991-03-01', NULL, 0, 1, 'KECAMATAN', NULL, 'III/b', '', '', 'S.AP', NULL, NULL, NULL, NULL),
(3, '196405181986032015', 'Amzani. B', '', '1970-01-01', 'PEREMPUAN', '', 'default@mail.com', '', NULL, 7, 6, NULL, NULL, NULL, NULL, '', '', '', 'PNS', NULL, NULL, NULL, NULL, NULL, NULL, '1986-03-01', NULL, 1, 1, 'KECAMATAN', NULL, NULL, NULL, NULL, NULL, NULL, NULL, NULL, NULL),
(4, '196209161987032002', 'Gati Purwari', '', '1970-01-01', 'PEREMPUAN', '', 'default@mail.com', '', NULL, 7, 6, NULL, NULL, NULL, NULL, '', '', '', 'PNS', NULL, NULL, NULL, NULL, NULL, NULL, '1987-03-01', NULL, 0, 1, 'KECAMATAN', NULL, NULL, NULL, NULL, NULL, NULL, NULL, NULL, NULL),
(5, '196511081988032004', 'Endah Wijiarti', '', '1970-01-01', 'PEREMPUAN', '', 'default@mail.com', 'Jln. Penggalang I. A, No. 19 Rt.02/10 Kel. Palmeriem Kec. Matraman', NULL, 7, 6, NULL, NULL, NULL, NULL, '', '', '', 'PNS', NULL, NULL, NULL, NULL, NULL, NULL, '1988-03-01', NULL, 1, 1, 'KECAMATAN', NULL, NULL, NULL, NULL, NULL, NULL, NULL, NULL, NULL),
(6, '196102151986032013', 'Dwiana Rachmianthi', '', '1970-01-01', 'PEREMPUAN', '', 'default@mail.com', '', NULL, 7, 21, NULL, NULL, NULL, NULL, '', '', '', 'PNS', NULL, NULL, NULL, NULL, NULL, NULL, '1985-03-01', NULL, 0, 4, 'KELURAHAN', NULL, NULL, NULL, NULL, NULL, NULL, NULL, NULL, NULL),
(7, '196907111994032005', 'Manne Matondang', '', '1970-01-01', 'PEREMPUAN', '', 'default@mail.com', '', NULL, 7, 6, NULL, NULL, NULL, NULL, '', '', '', 'PNS', NULL, NULL, NULL, NULL, NULL, NULL, '1994-03-01', NULL, 1, 1, 'KECAMATAN', NULL, NULL, NULL, NULL, NULL, NULL, NULL, NULL, NULL),
(8, '196705081987121002', 'Ismadi Wibowo', '', '1970-01-01', 'LAKI-LAKI', '', 'default@mail.com', '', NULL, 7, 6, NULL, NULL, NULL, NULL, '', '', '', 'PNS', NULL, NULL, NULL, NULL, NULL, NULL, '1987-12-01', NULL, 1, 1, 'KECAMATAN', NULL, NULL, NULL, NULL, NULL, NULL, NULL, NULL, NULL),
(9, '196304241987031007', 'Djodi Sunarto', '', '1970-01-01', 'LAKI-LAKI', '', 'default@mail.com', '', NULL, 7, 6, NULL, NULL, NULL, NULL, '', '', '', 'PNS', NULL, NULL, NULL, NULL, NULL, NULL, '1987-03-01', NULL, 0, 1, 'KECAMATAN', NULL, NULL, NULL, NULL, NULL, NULL, NULL, NULL, NULL),
(10, '196601071987031006', 'Yana Hidayana', '', '1970-01-01', 'LAKI-LAKI', '', 'default@mail.com', '', NULL, 7, 6, NULL, NULL, NULL, NULL, '', '', '', 'PNS', NULL, NULL, NULL, NULL, NULL, NULL, '1987-03-01', NULL, 1, 1, 'KECAMATAN', NULL, NULL, NULL, NULL, NULL, NULL, NULL, NULL, NULL),
(11, '196403101985111001', 'Sodikin', '', '1970-01-01', 'LAKI-LAKI', '', 'default@mail.com', '', NULL, 7, 6, NULL, NULL, NULL, NULL, '', '', '', 'PNS', NULL, NULL, NULL, NULL, NULL, NULL, '1985-11-01', NULL, 1, 1, 'KECAMATAN', NULL, NULL, NULL, NULL, NULL, NULL, NULL, NULL, NULL),
(12, '196712241995031002', 'Mulyono', 'CILACAP', '1967-12-24', 'LAKI-LAKI', '087709869235', 'default@mail.com', 'JL. RAWA JAYA II, RT.007/025, KEL. HARAPAN JAYA, KEC. BEKASI UTARA, BEKASI KOTA, JAWA BARAT.', 1, 7, 6, NULL, NULL, NULL, NULL, '3275062412670003', '476448436407000', '', 'PNS', NULL, NULL, NULL, NULL, NULL, 'data/foto_pegawai/196712241995031002.jpeg', '1995-03-01', NULL, 1, 1, 'KECAMATAN', NULL, NULL, NULL, '', '', NULL, NULL, NULL, NULL),
(13, '196502261986102002', 'Fenni Djamilah', '', '1970-01-01', 'PEREMPUAN', '', 'default@mail.com', '', NULL, 7, 22, NULL, NULL, NULL, NULL, '', '', '', 'PNS', '0.01', '0.0054', '0.057', '0.03', NULL, NULL, '1987-10-01', '1970-01-01', 1, 3, 'KELURAHAN', NULL, '', '', '', '', NULL, NULL, NULL, NULL),
(14, '196403061985011002', 'Haryanto', '', '1970-01-01', 'LAKI-LAKI', '', 'default@mail.com', '', NULL, 23, 18, NULL, NULL, NULL, NULL, '', '', '', 'PNS', NULL, NULL, NULL, NULL, NULL, NULL, '1985-01-01', NULL, 1, 1, 'KECAMATAN', NULL, NULL, NULL, NULL, NULL, NULL, NULL, NULL, NULL),
(15, '197203251996032003', 'Tetty Muna Sumiwaty Simanjuntak', '', '1970-01-01', 'PEREMPUAN', '', 'default@mail.com', '', NULL, 23, 18, NULL, NULL, NULL, NULL, '', '', '', 'PNS', NULL, NULL, NULL, NULL, NULL, NULL, '1996-03-01', NULL, 1, 1, 'KECAMATAN', NULL, NULL, NULL, NULL, NULL, NULL, NULL, NULL, NULL),
(16, '196910041994032002', 'Menna Ria Pasaribu', '', '1970-01-01', 'PEREMPUAN', '', 'default@mail.com', '', NULL, 26, 24, NULL, NULL, NULL, NULL, '', '', '', 'PNS', NULL, NULL, NULL, NULL, NULL, NULL, '1994-04-01', NULL, 1, 6, 'KELURAHAN', NULL, NULL, NULL, NULL, NULL, NULL, NULL, NULL, NULL),
(17, '196210061989032004', 'Rosmawati, AMG', '', '1970-01-01', 'PEREMPUAN', '', 'default@mail.com', '', NULL, 23, 18, NULL, NULL, NULL, NULL, '', '', '', 'PNS', NULL, NULL, NULL, NULL, NULL, NULL, '1989-03-01', NULL, 1, 1, 'KECAMATAN', NULL, NULL, NULL, NULL, NULL, NULL, NULL, NULL, NULL),
(18, '197305241993012001', 'Sonya Paula Connie Fransesca', '-prabumulih', '1973-05-24', 'PEREMPUAN', '-085921432851', 'default@mail.com', '-jl.Kesatrian Raya no 30 RT 03 RW 03 kebon manggis matraman', NULL, 20, 21, NULL, NULL, NULL, NULL, '3175016405730001-', '260395793001000-', '50020183862-', 'PNS', NULL, NULL, NULL, NULL, NULL, NULL, '1993-01-01', NULL, 1, 1, 'KECAMATAN', NULL, NULL, NULL, NULL, NULL, NULL, NULL, NULL, NULL),
(19, '196301021987031009', 'Erlan Yudo Heriyanto', '', '1970-01-01', 'LAKI-LAKI', '', 'default@mail.com', '', NULL, 7, 22, NULL, NULL, NULL, NULL, '', '', '', 'PNS', NULL, NULL, NULL, NULL, NULL, NULL, '1987-03-01', NULL, 0, 3, 'KELURAHAN', NULL, NULL, NULL, NULL, NULL, NULL, NULL, NULL, NULL),
(20, '197912022014122002', 'Lina Nashrulloh Nurlaeni', '', '1970-01-01', 'PEREMPUAN', '', 'default@mail.com', '', NULL, 20, 16, NULL, NULL, NULL, NULL, '', '', '', 'PNS', NULL, NULL, NULL, NULL, NULL, NULL, '2014-12-01', NULL, 1, 1, 'KECAMATAN', NULL, NULL, NULL, NULL, NULL, NULL, NULL, NULL, NULL),
(21, '195806271987091002', 'Mohammad Herry Zainal Mochlas', '', '1970-01-01', 'LAKI-LAKI', '', 'default@mail.com', '', NULL, 15, 12, NULL, NULL, NULL, NULL, '', '', '', 'PNS', NULL, NULL, NULL, NULL, NULL, NULL, '1987-09-01', NULL, 0, 1, 'KECAMATAN', NULL, NULL, NULL, NULL, NULL, NULL, NULL, NULL, NULL),
(22, '197608162003122015', 'Alfiah Koes', 'Maros', '1976-08-16', 'PEREMPUAN', '08119603687', 'alfiah_koes@yahoo.com', 'Maya Persada Regency Bl G/84, Lampiri, Jatibening, Pondok Gede, Bekasi', NULL, 15, 1, NULL, NULL, NULL, NULL, '3275065608760023', '496297722407001', '50020177862', 'PNS', '0.02', '0.0054', '0.057', NULL, NULL, NULL, '2003-12-01', NULL, 1, 1, 'KECAMATAN', NULL, '', '', 'dr', '', NULL, NULL, NULL, NULL),
(23, '196712142007012025', 'Heni Puspawati', '', '1970-01-01', 'PEREMPUAN', '', 'default@mail.com', '', NULL, 15, 22, NULL, NULL, NULL, NULL, '', '', '', 'PNS', NULL, NULL, NULL, NULL, 22, NULL, '2007-01-01', NULL, 1, 1, 'KECAMATAN', NULL, NULL, NULL, NULL, NULL, NULL, NULL, NULL, NULL),
(24, '197203182006042011', 'Desty Darman', '-Jakarta', '1972-03-18', 'PEREMPUAN', '-021 8506081/08128099216', 'default@mail.com', '-jl Kemuning no 12 RT 12 RW 02 Utan Kayu Utara Jakarta Timur', NULL, 15, 21, NULL, NULL, NULL, NULL, '-3175015803720004', '-47.277.794.5-001.000', '-', 'PNS', NULL, NULL, NULL, NULL, 22, NULL, '2006-04-01', NULL, 1, 4, 'KELURAHAN', NULL, NULL, NULL, NULL, NULL, NULL, NULL, NULL, NULL),
(25, '197702092006042020', 'Neli Mayaferani', '', '1970-01-01', 'PEREMPUAN', '', 'default@mail.com', '', 1, 15, 20, NULL, NULL, NULL, NULL, '', '197702092006042020', '', 'PNS', NULL, NULL, NULL, NULL, 22, 'data/foto_pegawai/197702092006042020.jpg', '2006-04-01', NULL, 1, 2, 'KELURAHAN', NULL, NULL, NULL, 'DR', '', NULL, NULL, NULL, NULL),
(26, '197112312008012071', 'Desy Safitri', '', '1970-01-01', 'PEREMPUAN', '', 'default@mail.com', '', NULL, 15, 23, NULL, NULL, NULL, NULL, '', '', '', 'PNS', NULL, NULL, NULL, NULL, NULL, NULL, '2008-01-01', '1970-01-01', 1, 5, 'KECAMATAN', NULL, '', '', '', '', NULL, NULL, NULL, NULL),
(27, '198412152010012031', 'Putu Datika Puspitasari', 'Jakarta', '1984-12-15', 'PEREMPUAN', '089635144465', 'putudatika_02@yahoo.com', 'Jalan I Kavling No. 14 Rt 01 Rw 014 Kelurahan Kebon Baru, Kecamatan Tebet, Jakarta Selatan', NULL, 15, 13, NULL, NULL, NULL, NULL, '3175025512840008', '89.315.371.8-003.000', '50020182963', 'PNS', NULL, NULL, NULL, NULL, 22, 'data/foto_pegawai/198412152010012031.jpg', '2010-01-01', NULL, 1, 1, 'KECAMATAN', NULL, NULL, NULL, NULL, NULL, NULL, NULL, NULL, NULL),
(28, '198306082010012037', 'Nina Triana', 'jakarta', '1983-06-08', 'PEREMPUAN', '08156859527', 'default@mail.com', 'JL. Husada V No 71 Dep Kes I RT 05/09 Jatibening Pondok Gede Bekasi 17412', NULL, 15, 12, NULL, NULL, NULL, NULL, '3275084806830021', '346970064432000', '51220098711', 'PNS', NULL, NULL, NULL, NULL, NULL, NULL, '2010-01-01', NULL, 1, 1, 'KELURAHAN', NULL, '', '', '', '', NULL, NULL, NULL, NULL),
(29, '198206052010012044', 'Anita Sari', '', '1970-01-01', 'PEREMPUAN', '', 'default@mail.com', '', NULL, 15, 27, NULL, NULL, NULL, NULL, '', '', '', 'PNS', NULL, NULL, NULL, NULL, NULL, NULL, '2010-01-01', NULL, 1, 1, 'KECAMATAN', NULL, '', '', 'dr', '', NULL, NULL, NULL, NULL),
(30, '198507242011012015', 'Rahadhini Ayu Setyaningrum', '', '1970-01-01', 'PEREMPUAN', '', 'default@mail.com', '', NULL, 15, 14, NULL, NULL, NULL, NULL, '', '', '', 'PNS', NULL, NULL, NULL, NULL, NULL, NULL, '2011-01-01', NULL, 1, 1, 'KECAMATAN', NULL, NULL, NULL, NULL, NULL, NULL, NULL, NULL, NULL),
(31, '198609142014032002', 'Yosui Eka Karuniawati', '', '1970-01-01', 'PEREMPUAN', '', 'tobingyosie@yahoo.com', '', NULL, 15, 15, NULL, NULL, NULL, NULL, '', '', '', 'PNS', '0.02', '0.0054', '0.057', NULL, NULL, NULL, '2014-03-01', NULL, 1, 1, 'KECAMATAN', NULL, '', '', 'dr', '', NULL, NULL, NULL, NULL),
(32, '195708081983112002', 'Yuyut Indrawati', 'Semarang', '1957-08-08', 'PEREMPUAN', '08158030828', 'default@mail.com', 'Jl. Kelapa Nias 2 Blok PC 5 No. 3, Kelapa Gading, Jakarta Utara', NULL, 16, 5, NULL, NULL, NULL, NULL, '3172064808570001', '470187261043000', '-', 'PNS', '0.02', '0.0054', '0.057', NULL, NULL, NULL, '1983-11-01', NULL, 1, 1, 'KECAMATAN', NULL, '', '', '', '', NULL, NULL, NULL, NULL),
(33, '195810141987102001', 'Homalessy Rosalina', '', '1970-01-01', 'PEREMPUAN', '', 'default@mail.com', '', NULL, 16, 5, NULL, NULL, NULL, NULL, '', '', '', 'PNS', NULL, NULL, NULL, NULL, 22, NULL, '1987-10-01', NULL, 1, 1, 'KECAMATAN', NULL, NULL, NULL, NULL, NULL, NULL, NULL, NULL, NULL),
(34, '196512241993022001', 'Budi Suryoningsih', 'Jakarta', '1965-12-24', 'PEREMPUAN', '-08128666944', 'budisuryoningsih@gamail.com', 'JL BACANG NO 46 Rawasari Jakpus', 1, 16, 5, NULL, NULL, NULL, NULL, '-', '-', '-', 'PNS', '0.01', '0.0054', '0.057', '0.03', NULL, NULL, '1993-02-01', '1970-01-01', 1, 1, 'KECAMATAN', NULL, '', '', '', '', NULL, NULL, NULL, NULL),
(35, '196610101993022003', 'Henny Oktaria Azis', 'Jakarta', '1966-10-10', 'PEREMPUAN', '082110101966', 'default@mail.com', 'Jl. Salemba Bluntas No. 25 , Jakarta 10440', 1, 16, 25, NULL, NULL, NULL, NULL, '3171045010660003', '47.820.562.8-023.000', '500.20.07983.6', 'PNS', NULL, NULL, NULL, NULL, 33, NULL, '1993-02-01', NULL, 1, 7, 'KELURAHAN', NULL, NULL, NULL, 'drg', '', NULL, NULL, NULL, NULL),
(36, '196410251992032004', 'Katarina Dairi', '', '1970-01-01', 'PEREMPUAN', '', 'default@mail.com', '', NULL, 16, 5, NULL, NULL, NULL, NULL, '', '', '', 'PNS', '0.02', '0.0054', '0.057', NULL, NULL, NULL, '1992-03-01', NULL, 1, 1, 'KECAMATAN', NULL, '', '', '', '', NULL, NULL, NULL, NULL),
(37, '195910301984032002', 'Hajar Noer Hayati', '', '1970-01-01', 'PEREMPUAN', '', 'default@mail.com', '', NULL, 16, 5, NULL, NULL, NULL, NULL, '', '', '', 'PNS', NULL, NULL, NULL, NULL, NULL, NULL, '1984-03-01', NULL, 0, 1, 'KECAMATAN', NULL, NULL, NULL, NULL, NULL, NULL, NULL, NULL, NULL),
(38, '198508302011012015', 'Agung Setiayanti', '', '1970-01-01', 'PEREMPUAN', '', 'default@mail.com', '', NULL, 17, 3, NULL, NULL, NULL, NULL, '', '', '', 'PNS', NULL, NULL, NULL, NULL, 22, NULL, '2011-01-01', NULL, 1, 1, 'KECAMATAN', NULL, NULL, NULL, NULL, NULL, NULL, NULL, NULL, NULL),
(39, '199108042014032001', 'Erni Engeline, A.Md. Farm', '', '1970-01-01', 'PEREMPUAN', '', 'default@mail.com', '', NULL, 17, 3, NULL, NULL, NULL, NULL, '', '', '', 'PNS', NULL, NULL, NULL, NULL, NULL, NULL, '2014-03-01', NULL, 1, 1, 'KECAMATAN', NULL, NULL, NULL, NULL, NULL, NULL, NULL, NULL, NULL),
(40, '196601121986022004', 'Delfina Mariany Purba', '', '1970-01-01', 'PEREMPUAN', '', 'default@mail.com', '', NULL, 18, 13, NULL, NULL, NULL, NULL, '', '', '', 'PNS', NULL, NULL, NULL, NULL, NULL, NULL, '1986-02-01', NULL, 1, 1, 'KECAMATAN', NULL, NULL, NULL, NULL, NULL, NULL, NULL, NULL, NULL),
(41, '197108131998032004', 'Neny Agustini', '', '1970-01-01', 'PEREMPUAN', '', 'default@mail.com', '', NULL, 18, 21, NULL, NULL, NULL, NULL, '', '', '', 'PNS', NULL, NULL, NULL, NULL, NULL, NULL, '1998-03-01', NULL, 1, 4, 'KELURAHAN', NULL, NULL, NULL, NULL, NULL, NULL, NULL, NULL, NULL),
(42, '197006021993032005', 'Yuni Adriani', '', '1970-01-01', 'PEREMPUAN', '', 'default@mail.com', '', NULL, 18, 26, NULL, NULL, NULL, NULL, '', '', '', 'PNS', NULL, NULL, NULL, NULL, NULL, NULL, '1993-03-01', NULL, 1, 1, 'KECAMATAN', NULL, '', '', '', '', NULL, NULL, NULL, NULL),
(43, '196905141991012001', 'Ernawati', 'jakarta', '1969-05-14', 'PEREMPUAN', '087775466777', 'default@mail.com', 'BUKIT DURI TANJAKAN NO 10 RT 010/008 BUKIT DURI TEBET JAKARTA SELATAN', NULL, 18, 25, NULL, NULL, NULL, NULL, '3174015405690006', '478580475015000', '50020055881', 'PNS', NULL, NULL, NULL, NULL, NULL, NULL, '1991-01-01', NULL, 1, 7, 'KELURAHAN', NULL, NULL, NULL, NULL, NULL, NULL, NULL, NULL, NULL),
(44, '196002291983012001', 'Noorce Umboh', '', '1970-01-01', 'PEREMPUAN', '', 'default@mail.com', '', NULL, 18, 28, NULL, NULL, NULL, NULL, '', '', '', 'PNS', NULL, NULL, NULL, NULL, NULL, NULL, '1983-01-01', NULL, 0, 1, 'KECAMATAN', NULL, NULL, NULL, NULL, NULL, NULL, NULL, NULL, NULL),
(45, '197505291996032004', 'Sulastri Kusmala Dewi S', '', '1970-01-01', 'PEREMPUAN', '', 'default@mail.com', '', NULL, 18, 27, NULL, NULL, NULL, NULL, '', '', '', 'PNS', NULL, NULL, NULL, NULL, NULL, NULL, '1996-03-01', NULL, 1, 1, 'KECAMATAN', NULL, '', '', '', '', NULL, NULL, NULL, NULL),
(46, '197905172007012022', 'Eli Nurhayati', '', '1970-01-01', 'PEREMPUAN', '', 'default@mail.com', '', NULL, 18, 20, NULL, NULL, NULL, NULL, '', '', '', 'PNS', NULL, NULL, NULL, NULL, NULL, NULL, '2007-01-01', NULL, 1, 2, 'KELURAHAN', NULL, NULL, NULL, NULL, NULL, NULL, NULL, NULL, NULL),
(47, '197905202008012032', 'Maysa Rachmawati', '', '1970-01-01', 'PEREMPUAN', '', 'default@mail.com', '', NULL, 18, 23, NULL, NULL, NULL, NULL, '', '', '', 'PNS', NULL, NULL, NULL, NULL, NULL, NULL, '2008-01-01', NULL, 1, 5, 'KELURAHAN', NULL, NULL, NULL, NULL, NULL, NULL, NULL, NULL, NULL),
(48, '198212082011011009', 'Herman Susilo', 'Jakarta', '1982-12-08', 'LAKI-LAKI', '081293670276', 'default@mail.com', 'JL.Saibun No.4D Rt.5 Rw.4 ,Kel.Susukan ,Kec.Ciracas, Jakarta Timur', 1, 18, 14, NULL, NULL, NULL, NULL, '3175090812820002', '593839079009000', '51320116563', 'PNS', NULL, NULL, NULL, NULL, NULL, NULL, '2011-01-01', NULL, 1, 1, 'KECAMATAN', NULL, NULL, NULL, '', '', NULL, NULL, NULL, NULL),
(49, '198205292007012006', 'Sri Haryati', 'jakarta', '1982-05-29', 'PEREMPUAN', '081905880429', 'default@mail.com', 'jln. tebet dalam 4 rt.015/01 kel.tebet barat kec. tebet', NULL, 18, 27, NULL, NULL, NULL, NULL, '3174016905820005', '-', '11120145812', 'PNS', NULL, NULL, NULL, NULL, NULL, NULL, '2007-01-01', NULL, 1, 1, 'KECAMATAN', NULL, NULL, NULL, NULL, NULL, NULL, NULL, NULL, NULL),
(50, '199105062014032001', 'Melisa Mustikawati, A.Md.Kep.', '', '1970-01-01', 'PEREMPUAN', '', 'default@mail.com', '', NULL, 18, 15, NULL, NULL, NULL, NULL, '', '', '', 'PNS', NULL, NULL, NULL, NULL, NULL, NULL, '2014-03-01', NULL, 1, 1, 'KECAMATAN', NULL, NULL, NULL, NULL, NULL, NULL, NULL, NULL, NULL),
(51, '199004192014031002', 'Ade Ryandhono, A.Md.Kep.', '', '1970-01-01', 'LAKI-LAKI', '', 'default@mail.com', '', NULL, 18, 1, NULL, NULL, NULL, NULL, '', '', '', 'PNS', NULL, NULL, NULL, NULL, NULL, NULL, '2014-03-01', NULL, 0, 1, 'KECAMATAN', NULL, NULL, NULL, NULL, NULL, NULL, NULL, NULL, NULL),
(52, '198002122008012033', 'Nurhaeni', 'JAKARTA', '1980-02-12', 'PEREMPUAN', '081219918071', 'n12hni@yahoo.com', 'Perumahan Legok Permai Blok B1/F5 Legok Tangerang', NULL, 18, 22, NULL, NULL, NULL, NULL, '3603205202800004', '26.480.639.9-001.000', '50620026634', 'PNS', NULL, NULL, NULL, NULL, NULL, 'data/foto_pegawai/198002122008012033.jpg', '2008-01-01', NULL, 1, 3, 'KELURAHAN', NULL, NULL, NULL, NULL, NULL, NULL, NULL, NULL, NULL),
(53, '196110091983022001', 'Puji Wahyuni', 'Jatibarang', '1961-10-09', 'PEREMPUAN', '085692772322', 'default@mail.com', 'Jl.Kayu Manis Barat No .71A  Rt 01.Rw. 05 ,Kel.Kayumanis, Kec. Matraman \r\nJakarta Timur 13130', NULL, 19, 21, NULL, NULL, NULL, NULL, '3175014910610001', '47.858.055.8-001.000', '-', 'PNS', NULL, NULL, NULL, NULL, NULL, NULL, '1984-07-01', NULL, 0, 4, 'KELURAHAN', NULL, NULL, NULL, NULL, NULL, NULL, NULL, NULL, NULL),
(54, '196003071980122004', 'Sumarni Sebayang', '', '1970-01-01', 'PEREMPUAN', '', 'default@mail.com', '', NULL, 19, 5, NULL, NULL, NULL, NULL, '', '', '', 'PNS', NULL, NULL, NULL, NULL, NULL, NULL, '1980-12-01', NULL, 0, 1, 'KECAMATAN', NULL, NULL, NULL, NULL, NULL, NULL, NULL, NULL, NULL),
(55, '197211171994032002', 'Kunmaryani', '', '1970-01-01', 'PEREMPUAN', '', 'default@mail.com', '', NULL, 19, 20, NULL, NULL, NULL, NULL, '', '', '', 'PNS', NULL, NULL, NULL, NULL, NULL, NULL, '1994-03-01', NULL, 1, 2, 'KELURAHAN', NULL, NULL, NULL, NULL, NULL, NULL, NULL, NULL, NULL),
(56, '196912231990032005', 'Yesni Syarbaini', '', '1970-01-01', 'PEREMPUAN', '', 'default@mail.com', '', NULL, 19, 23, NULL, NULL, NULL, NULL, '', '', '', 'PNS', '0.02', '0.0054', '0.057', NULL, NULL, NULL, '1990-03-01', NULL, 1, 5, 'KELURAHAN', NULL, '', '', '', '', NULL, NULL, NULL, NULL),
(57, '196501251990032006', 'Moina Sihombing', '', '1970-01-01', 'PEREMPUAN', '', 'default@mail.com', '', NULL, 20, 16, NULL, NULL, NULL, NULL, '', '', '', 'PNS', NULL, NULL, NULL, NULL, NULL, NULL, '1990-03-01', NULL, 1, 1, 'KECAMATAN', NULL, NULL, NULL, NULL, NULL, NULL, NULL, NULL, NULL),
(58, '196202101983112002', 'Zaerina', 'pekalongan', '1962-02-10', 'PEREMPUAN', '0818716627', 'default@mail.com', '-kp rawabadung jln dr krt rajiman widio diningrat rt 09/07 no 40 kel jatinegara cakung jakarta timur', NULL, 20, 10, NULL, NULL, NULL, NULL, '3175065002620023', '478194467004000', '50020051605', 'PNS', NULL, NULL, NULL, NULL, 22, 'data/foto_pegawai/196202101983112002.jpg', '1983-11-01', NULL, 0, 1, 'KECAMATAN', NULL, NULL, NULL, NULL, NULL, NULL, NULL, NULL, NULL),
(59, '196809241991032006', 'Wiwik Surtika Dewi', '', '1970-01-01', 'PEREMPUAN', '', 'default@mail.com', '', NULL, 20, 26, NULL, NULL, NULL, NULL, '', '', '', 'PNS', NULL, NULL, NULL, NULL, NULL, NULL, '1991-03-01', NULL, 1, 1, 'KECAMATAN', NULL, NULL, NULL, NULL, NULL, NULL, NULL, NULL, NULL),
(60, '197210191993032003', 'Romauli Sitompul', '', '1970-01-01', 'PEREMPUAN', '', 'default@mail.com', '', NULL, 20, 25, NULL, NULL, NULL, NULL, '', '', '', 'PNS', NULL, NULL, NULL, NULL, NULL, NULL, '1993-03-01', NULL, 1, 7, 'KELURAHAN', NULL, NULL, NULL, NULL, NULL, NULL, NULL, NULL, NULL),
(61, '196701021990032004', 'Siti Ruliyah', '', '1970-01-01', 'PEREMPUAN', '', 'default@mail.com', '', NULL, 20, 10, NULL, NULL, NULL, NULL, '', '', '', 'PNS', NULL, NULL, NULL, NULL, 22, NULL, '1990-03-01', NULL, 1, 1, 'KECAMATAN', NULL, '', '', '', '', NULL, NULL, NULL, NULL),
(62, '197211171993012001', 'Yuli Marnis', '', '1970-01-01', 'PEREMPUAN', '', 'default@mail.com', '', NULL, 20, 16, NULL, NULL, NULL, NULL, '', '', '', 'PNS', NULL, NULL, NULL, NULL, NULL, NULL, '1993-02-01', NULL, 1, 1, 'KECAMATAN', NULL, NULL, NULL, NULL, NULL, NULL, NULL, NULL, NULL),
(63, '198511092010012039', 'Mutia Novinina', '', '1970-01-01', 'PEREMPUAN', '', 'default@mail.com', '', NULL, 20, 16, NULL, NULL, NULL, NULL, '', '', '', 'PNS', NULL, NULL, NULL, NULL, NULL, NULL, '2010-01-01', NULL, 1, 1, 'KECAMATAN', NULL, NULL, NULL, NULL, NULL, NULL, NULL, NULL, NULL),
(64, '198501162010012026', 'Silvia Oka Ayuphita, AM.Keb', '', '1970-01-01', 'PEREMPUAN', '', 'default@mail.com', '', NULL, 20, 16, NULL, NULL, NULL, NULL, '', '', '', 'PNS', NULL, NULL, NULL, NULL, NULL, NULL, '2010-01-01', NULL, 1, 1, 'KECAMATAN', NULL, NULL, NULL, NULL, NULL, NULL, NULL, NULL, NULL),
(65, '198204022008012030', 'Maswah', 'jakarta', '1982-04-02', 'PEREMPUAN', '081317317207', 'default@mail.com', 'pangkalan jati rt 01/12 no 18 cipinang melayu Makasar Jaktim', NULL, 20, 24, NULL, NULL, NULL, NULL, '3175084204820013', '676142268004000', '11120149915', 'PNS', NULL, NULL, NULL, NULL, NULL, NULL, '2008-01-01', NULL, 1, 6, 'KELURAHAN', NULL, NULL, NULL, NULL, NULL, NULL, NULL, NULL, NULL),
(66, '199001282014032003', 'Hanifah Fauziyyah, A.Md.Keb.', '', '1970-01-01', 'PEREMPUAN', '', 'default@mail.com', '', NULL, 20, 16, NULL, NULL, NULL, NULL, '', '', '', 'PNS', NULL, NULL, NULL, NULL, NULL, NULL, '2014-03-01', NULL, 1, 1, 'KECAMATAN', NULL, NULL, NULL, NULL, NULL, NULL, NULL, NULL, NULL),
(67, '199206042014032001', 'Devi Rahmayani Budaya Putri', 'sleman', '1992-06-04', 'PEREMPUAN', '081282195092', 'devirahmaa@gmail.com', 'PUSKESMAS KECAMATAN MATRAMAN . & Jalan kayumanis 9 no 54 kelurahan kayumanis, Kecamatan Matraman, Jakarta Timur', NULL, 20, 16, NULL, NULL, NULL, NULL, '3404064406920002', '70.376.773.1-542.000', '155523001082', 'PNS', NULL, NULL, NULL, NULL, NULL, 'data/foto_pegawai/199206042014032001.jpg', '2014-03-01', NULL, 1, 1, 'KECAMATAN', NULL, '', '', '', 'A.Md.Keb.', NULL, NULL, NULL, NULL),
(68, '196808051992032008', 'Sri Supraptiningsih', 'Jakarta', '1968-08-05', 'PEREMPUAN', '08174883278', 'default@mail.com', 'Jl. Rawadas RT 6/3 Pondok Kopi Durensawit, jakarta timur', NULL, 21, 19, NULL, NULL, NULL, NULL, '3175074508680011', '478580426008000', '-', 'PNS', NULL, NULL, NULL, NULL, 22, NULL, '2007-01-01', NULL, 1, 1, 'KECAMATAN', NULL, NULL, NULL, NULL, NULL, NULL, NULL, NULL, NULL),
(69, '197212061996032002', 'Elseria Sianipar', '', '1970-01-01', 'PEREMPUAN', '', 'default@mail.com', '', NULL, 22, 17, NULL, NULL, NULL, NULL, '', '', '', 'PNS', NULL, NULL, NULL, NULL, NULL, NULL, '1996-03-01', NULL, 1, 1, 'KECAMATAN', NULL, NULL, NULL, NULL, NULL, NULL, NULL, NULL, NULL),
(70, '196909191991032004', 'Melita Simorangkir, SKM', '', '1970-01-01', 'PEREMPUAN', '', 'default@mail.com', '', NULL, 26, 26, NULL, NULL, NULL, NULL, '', '', '', 'PNS', NULL, NULL, NULL, NULL, NULL, NULL, '1991-06-24', NULL, 1, 1, 'KECAMATAN', NULL, NULL, NULL, NULL, NULL, NULL, NULL, NULL, NULL),
(71, '198809222010012012', 'Dwi Soviarni, A.Md. Fis.', 'Jakarta', '1988-09-22', 'PEREMPUAN', '08561669217', 'default@mail.com', 'Jl. Gorda No.57 rt/rw : 01/01 Lubang Buaya - Cipayung\r\nJakarta Timur 13810', 1, 28, 29, NULL, NULL, NULL, NULL, '3175106209880002', '260501978009000', '-', 'PNS', NULL, NULL, NULL, NULL, NULL, 'data/foto_pegawai/198809222010012012.jpg', '2010-01-01', NULL, 1, 1, 'KECAMATAN', NULL, NULL, NULL, '', '', NULL, NULL, NULL, NULL),
(72, '1020184119760626200501003', 'Agustina Yuniati', 'Jakarta', '1976-06-26', 'PEREMPUAN', '081381606594', 'default@mail.com', 'Jl.Cempaka Putih Barat Rt.013 Rw.07 No.16 Kel.Cempaka Putih Barat Kec.Cempaka Putih Jakarta Pusat', 3, 5, 33, 5, 3, 8, 1, '3171056606770003', '343902672024000', '50023168821', 'NON PNS', '0.01', '0.0054', '0.057', '0.03', NULL, 'data/foto_pegawai/1020184119760626200501003.jpg', '2009-01-05', '1970-01-01', 1, 1, 'KECAMATAN', NULL, '', '', '', 'ST', NULL, NULL, NULL, NULL),
(73, '1020184119910606201605100', 'Ayu Yuningsih', '', '1970-01-01', 'PEREMPUAN', '', 'default@mail.com', '', 1, 5, 33, 5, 1, 8, 1, '', '', '', 'NON PNS', '0.01', '0.0054', '0.057', '0.03', NULL, NULL, '2016-05-01', '1970-01-01', 1, 1, 'KECAMATAN', NULL, '', '', '', '', NULL, NULL, NULL, NULL),
(74, '1020184119900821201510064', 'Hasudungan Simanihuruk', 'Tangerang', '1990-08-21', 'LAKI-LAKI', '085280000321', 'rajasimanihuruk@gmail.com', 'Jl. Kayu Manis III Baru No.3 RT 018 Rw 002 Kel Kayumanis Kec Matraman', 3, 6, 33, 5, 4, 8, 1, '3673012108900001', '72.750.342.7-023.000', '500.23.19960.3', 'NON PNS', '0.01', '0.0054', '0.057', '0.03', NULL, 'data/foto_pegawai/1020184119900821201510064.png', '2015-10-01', '1970-01-01', 1, 1, 'KECAMATAN', NULL, '', '', '', 'SH', NULL, NULL, NULL, NULL),
(75, '1020184119930127201605101', 'Ibnu Ardhi', '', '1970-01-01', 'LAKI-LAKI', '', 'default@mail.com', '', 1, 7, 36, 3, 5, 10, 4, '', '', '', 'NON PNS', '0.01', '0.0054', '0.057', '0.03', NULL, NULL, '2016-05-01', '1970-01-01', 1, 1, 'KECAMATAN', NULL, '', '', '', '', NULL, NULL, NULL, NULL),
(76, '1020184119800523201106028', 'Merza Fahlefi', 'Jakarta', '1970-01-01', 'LAKI-LAKI', '08128666950', 'm.23fahlefi@gmail.com', 'Jl. Kebon Kelapa Rt.004 Rw.011 No.21 kel.Utan Kayu selatan Kec. matraman ', 1, 7, 20, 3, 4, 9, 3, '3175012305800006', '54.668.866.4-001.000', '54.668.866.4.001.000', 'NON PNS', '0.01', '0.0054', '0.057', '0.03', NULL, 'data/foto_pegawai/1020184119760518201106028.jpg', '2011-06-01', NULL, 1, 2, 'KELURAHAN', NULL, '', '', '', '', NULL, NULL, NULL, NULL),
(77, '1020184119830509201101020', 'Kus May Dona Iriandes', 'jakarta', '1983-05-09', 'PEREMPUAN', '08561482700', 'dhona83@gmail.com', 'jl petogogan no 43 rt 3/12 gandaria utara kebayoran baru', 1, 7, 8, 3, 4, 9, 1, '3201134905830012', '791148570403000', '50023169038', 'NON PNS', '0.01', '0.0054', '0.057', '0.03', NULL, 'data/foto_pegawai/1020184119830509201101020.jpg', '2011-01-03', NULL, 1, 1, 'KECAMATAN', NULL, '', '', '', '', NULL, NULL, NULL, NULL),
(78, '1020184119631018198606002', 'Suwardi', 'Jakarta', '1963-10-18', 'LAKI-LAKI', '085778396763', 'suwardidirun@gmail.com', 'Jl.H Saleh no 38 Rt 04 Rw 02 Kel. Benda Baru Kec. Pamulang', 1, 9, 9, 3, 5, 11, 4, '3674061810630001', '893176131411000', '50023168872', 'NON PNS', '0.01', '0.0054', '0.057', '0.03', NULL, NULL, '1986-06-01', NULL, 1, 1, 'KECAMATAN', NULL, '', '', '', '', NULL, NULL, NULL, NULL),
(79, '1020184119920106201201030', 'Ernawati', 'Pemalang', '1992-01-06', 'PEREMPUAN', '089658588353', 'erna10927@gmail.com', 'Jl. tanah rendah no.9 rt 001 rw 007 kampung melayu-jatinegara-jakarta timur DKI jakarta', 1, 7, 35, 3, 1, 9, 1, '3175034601920007', '42.276.682.5-002.000', '50023174970', 'NON PNS', '0.01', '0.0054', '0.057', '0.03', NULL, 'data/foto_pegawai/1020184119920106201201030.jpg', '2012-01-05', '1970-01-01', 1, 1, 'KECAMATAN', NULL, '', '', '', '', NULL, NULL, NULL, NULL),
(80, '1020184119890703201510056', 'Frans Julianto', 'Jakarta', '1989-07-03', 'LAKI-LAKI', '089622699369', 'franspkm@gmail.com', 'Jl. skip ujung rt 04/ rw 07 kelurahan utan kayu selatan kecamatan matraman jakarta timur, dki jakarta', 1, 7, 8, 3, 4, 10, 3, '3175010307890002', '-', '50620034939', 'NON PNS', '0.01', '0.0054', '0.057', '0.03', NULL, NULL, '2015-10-01', NULL, 1, 8, 'KELURAHAN', NULL, '', '', '', '', NULL, NULL, NULL, NULL),
(81, '1020184119950103201605102', 'Restu Syabani Anwar', 'Bandung', '1995-01-03', 'LAKI-LAKI', '0895401501660', 'restusyabani@gmail.com', 'jl. Krendang Timur gg. III 010/001 Kel. Krendang Kec. Tambora, Jakarta Barat', 1, 7, 21, 3, 4, 10, 3, '327307031950006', '761110337428000', '53920000798', 'NON PNS', '0.01', '0.0054', '0.057', '0.03', NULL, NULL, '2016-05-01', NULL, 1, 4, 'KELURAHAN', NULL, '', '', '', '', NULL, NULL, NULL, NULL),
(82, '1020184119970830201605103', 'Agus Susanto', 'Jakarta', '1997-08-30', 'LAKI-LAKI', '081281072997', 'aguseaven@gmail.com', 'jl. Galur sari raya rt 011/01 no 189D', NULL, 7, 8, 3, 1, 10, 1, '3175013008970008', '760205096001000', '50620043032', 'NON PNS', '0.01', '0.0054', '0.057', '0.03', NULL, NULL, '2016-05-01', NULL, 1, 8, 'KELURAHAN', NULL, '', '', '', '', NULL, NULL, NULL, NULL),
(83, '1020184119940602201605104', 'Yannuardhi Aditya Eka Pratama', 'Jakarta', '1994-06-02', 'LAKI-LAKI', '08999988510', 'ynrdhaditya@gmail.com', 'Jl. Kemuning No 30 RT 01/RW 014 Kelurahan Utan Kayu Selatan Kecamatan Matraman, Jakarta Timur DKI Jakarta', 1, 7, 8, 3, 1, 10, 1, '3171060206940001', '717144141071000', '50020265486', 'NON PNS', '0.01', '0.0054', '0.057', '0.03', NULL, NULL, '2016-05-01', NULL, 1, 8, 'KELURAHAN', NULL, '', '', '', '', NULL, NULL, NULL, NULL),
(84, '1020184119970817201605105', 'Mohammad Fahrudin', 'Jakarta', '1997-08-17', 'LAKI-LAKI', '089663853371', 'muhammadfahrudin36@gmail.com', 'jl. cipinang pulo maja rt 8/10,kelurahan cipinang besar utara,kecamatan jatinegara, dki jakarta, jakarta timur', 1, 7, 8, 3, 1, 10, 1, '3175031708970002', '760233478002000', '50020265613', 'NON PNS', '0.01', '0.0054', '0.057', '0.03', NULL, NULL, '2016-05-01', NULL, 1, 8, 'KELURAHAN', NULL, '', '', '', '', NULL, NULL, NULL, NULL),
(85, '1020184119641112198508001', 'Sarjo', 'jakarta', '1964-11-12', 'LAKI-LAKI', '081218647832', 'sarjopkc@gmail.com', 'jl kayu manis V Y RT 6/4 PISANGAN BARU', 1, 7, 8, 3, 5, 9, 4, '3175011211640006', '493893663001000', '50023168864', 'NON PNS', '0.01', '0.0054', '0.057', '0.03', NULL, NULL, '1985-08-01', NULL, 1, 1, 'KECAMATAN', NULL, '', '', '', '', NULL, NULL, NULL, NULL),
(86, '1020184119920327201304054', 'Yogi Mardianto', 'JAKARTA', '1970-01-01', 'LAKI-LAKI', '08561153030', 'ogghie.mardianto@gmail.com', 'JL. Makmur IV RT.010 RW.002 NO.50 Susukan Ciracas , Jakarta Timur 13750', 1, 8, 14, 3, 1, 10, 1, '3175092703920001', '-', '-', 'NON PNS', '0.01', '0.0054', '0.057', '0.03', NULL, '', '2013-04-15', NULL, 1, 1, 'KECAMATAN', NULL, '', '', '', '', NULL, NULL, NULL, NULL),
(87, '1020184119800226201005017', 'Eko Ischadarto', 'Ngawi', '1980-02-26', 'LAKI-LAKI', '085714888737', 'ekoischadarto@gmail.com', 'Jln. Kayu Manis VIII RT.003/RW.007, Kel. Kayu Manis, Kec. Matraman', 1, 9, 9, 3, 4, 11, 3, '3175012602801001', '973985401001000', '50023171300', 'NON PNS', '0.01', '0.0054', '0.057', '0.03', NULL, 'data/foto_pegawai/1020184119800226201005017.jpg', '2010-05-01', NULL, 1, 9, 'KELURAHAN', NULL, '', '', '', '', NULL, NULL, NULL, NULL),
(88, '1020184119691213201004016', 'Eddy Y Sumolang', 'JAKARTA ', '1969-12-12', 'LAKI-LAKI', '085799991393', 'sumolangeddy13@gmail.com', 'Jl.Kayu Manis 3 Baru No 3 Rt 18 Rw 02 Kel Kayu Manis Kec Matraman Jak Tim', 1, 9, 9, 3, 1, 11, 1, '3175011312690001', '253175228001000', '500.23.17117.2', 'NON PNS', '0.01', '0.0054', '0.057', '0.03', NULL, NULL, '2010-04-01', NULL, 1, 9, 'KELURAHAN', NULL, '', '', '', '', NULL, NULL, NULL, NULL),
(89, '1020184119750109201002018', 'Ikhrom Darwanto', 'jakarta', '1975-01-09', 'LAKI-LAKI', '082122765034', 'ikhromdarwanto1975@gmail.com', 'jl. komplek dpr RI II rt 9/2 no.16 kelurahan kebon jeruk, kecamatan kebon jeruk, dki jakarta, jakarta barat', 1, 9, 9, 3, 5, 11, 4, '3175040901750012', '986832764035000', '50023168759', 'NON PNS', '0.01', '0.0054', '0.057', '0.03', NULL, 'data/foto_pegawai/1020184119750109201002018.jpg', '2010-02-08', NULL, 1, 1, 'KECAMATAN', NULL, '', '', '', '', NULL, NULL, NULL, NULL),
(90, '1020184119850828201605106', 'Heriyansyah', 'jakarta ', '1985-06-24', 'LAKI-LAKI', '083896676185', 'heriyansyah50837@gmail.com', 'jl. kemuning 3 rt 8/4, kelurahan utan kayu utara, kecamatan matraman, dki jakarta, jakarta timur', 1, 9, 9, 3, 5, 11, 4, '3175012406850001', '746664531001000', '50020265796', 'NON PNS', '0.01', '0.0054', '0.057', '0.03', NULL, 'data/foto_pegawai/1020184119850828201605106.jpg', '2016-05-01', NULL, 1, 9, 'KELURAHAN', NULL, '', '', '', '', NULL, NULL, NULL, NULL),
(91, '1020184119870409201710107', 'Awan Firmansyah', 'Jakarta', '1987-04-09', 'LAKI-LAKI', '089675001655', 'wawanfirmansyah767@gmail.com', 'jl. kebon nanas utara 1 rt 2/2 kelurahan cipinang cempedak, kecamatan jatinegara, dki jakarta jakarta timur', 1, 9, 9, 3, 4, 11, 3, '3175030904870007', '725354633002000', '525.20.00070.4', 'NON PNS', '0.01', '0.0054', '0.057', '0.03', NULL, NULL, '2018-10-01', NULL, 1, 9, 'KELURAHAN', NULL, '', '', '', '', NULL, NULL, NULL, NULL),
(92, '1020184119890601201304053', 'Bayuadi Kurnia Putra', 'Jakarta', '1989-06-01', 'LAKI-LAKI', '085693777123', 'bayuadi.kurnia.p@mail.com', 'Jl. Kemuning No. 10 RT.01/14 kel. Utankayu selatan kec. matraman', 1, 10, 32, 5, 1, 8, 1, '3175010606890003', '64.333.150.7-001.000', '-', 'NON PNS', '0.01', '0.0054', '0.057', '0.03', NULL, NULL, '2013-04-15', '2013-04-15', 1, 1, 'KECAMATAN', NULL, '', '', '', '', NULL, NULL, NULL, NULL),
(93, '1020184119871219201701144', 'Dwi Widiyastoto', '', '1970-01-01', 'LAKI-LAKI', '', 'default@mail.com', '', 1, 10, 37, 5, 1, 8, 1, '', '', '', 'NON PNS', '0.01', '0.0054', '0.057', '0.03', NULL, NULL, '2017-01-03', '1970-01-01', 1, 1, 'KECAMATAN', NULL, '', '', '', '', NULL, NULL, NULL, NULL),
(94, '1020184119851223201510066', 'Ria Yoppa Putri Sari', 'JAKARTA', '1985-12-23', 'PEREMPUAN', '081287058591', 'riayoppaputrisari@gmail.com', 'JL KESATRIAN VD RT.015/003 KEL. KEBON MANGGIS, KEC. MATRAMAN JAKARTA TIMUR 13150', 1, 11, 34, 5, 4, 8, 1, '3175016312850002', '453021123001000', '50620034947', 'NON PNS', '0.01', '0.0054', '0.057', '0.03', NULL, 'data/foto_pegawai/1020184119851223201510066.jpg', '2015-10-01', '1970-01-01', 1, 1, 'KECAMATAN', NULL, '', '', '', '', NULL, NULL, NULL, NULL),
(95, '1020184119900509201510068', 'Husnul Fakhri', 'Jakarta', '1990-05-09', 'LAKI-LAKI', '08986803048/081384003414', 'husnulfakhri@gmail.com', 'Villa Mas Garden Blok B No. 120 RT 004/09 Kelurahan Perwira, Bekasi Utara 17122', 1, 11, 34, 5, 4, 8, 3, '3275030905900015', '55.911.610.8-407.000', '50023199590', 'NON PNS', '0.01', '0.0054', '0.057', '0.03', NULL, 'data/foto_pegawai/1020184119900509201510068.jpg', '2015-10-01', '1970-01-01', 1, 1, 'KECAMATAN', NULL, '', '', '', '', NULL, NULL, NULL, NULL),
(96, '1020184119911118201510069', 'Sarah Afifah', 'Jakarta', '1991-11-18', 'PEREMPUAN', '085884995318', 'sarahafifah18@ymail.com', 'Jl. Percetakan Negara IIA No.20 RT.008/004 Johar Baru, Jakarta Pusat', 1, 11, 35, 4, 3, 8, 1, '3171085811910003', '700110216024000', '50023199557', 'NON PNS', '0.01', '0.0054', '0.057', '0.03', NULL, 'data/foto_pegawai/1020184119911118201510069.jpg', '2015-10-01', '1970-01-01', 1, 1, 'KECAMATAN', NULL, '', '', '', '', NULL, NULL, NULL, NULL),
(97, '1020184119900911201707152', 'Maliki Ahmad Nur', 'Tangerang', '1990-09-11', 'LAKI-LAKI', '082216109452', 'malikiahmad11@gmail.com', 'Jl. Kebon Kelapa No. 101 Rt 004 / 02 Kel. Kamal Kec. Kalideres Jakarta Barat', 1, 11, 34, 5, 4, 8, 3, '3173061109900006', '73.615.858.6-423.000', '500202895211', 'NON PNS', '0.01', '0.0054', '0.057', '0.03', NULL, 'data/foto_pegawai/1020184119900911201707152.jpg', '2017-07-03', '2017-07-03', 0, 1, 'KECAMATAN', NULL, '', '', '', 'S.Kom', NULL, NULL, NULL, NULL),
(98, '1020184119930518201304052', 'Akbar Mei Trianto', 'Jakarta', '1993-05-18', 'LAKI-LAKI', '081281219335', 'abay.mt.18@gmail.com', 'kp.Dua, Jalan Alfalah RT 01 RW 02 Kelurahan Jakasampurna, Bekasi Barat', 1, 12, 8, 3, 3, 10, 2, '3275021805930020', '66.257.382.3-407.000', '500.23.16941.1', 'NON PNS', '0.01', '0.0054', '0.057', '0.03', NULL, '', '2013-04-15', '1970-01-01', 1, 1, 'KECAMATAN', NULL, '', '', '', '', NULL, NULL, NULL, NULL),
(99, '1020184119811111201304047', 'Primanto Fatha Satria', 'Jakarta', '1970-01-01', 'LAKI-LAKI', '08983617761', 'default@mail.com', 'Jl. Kayumanis IV Baru RT 008 RW 004 No. 09 Keluarahan Kayumanis Kecamatan Matraman Jakarta Timur 13130', 1, 12, 8, 3, 3, 10, 2, '3175011111810005', '16.939.070.5-001.000', '50023169313', 'NON PNS', '0.01', '0.0054', '0.057', '0.03', NULL, 'data/foto_pegawai/1020184119811111201304047.jpg', '2013-04-01', NULL, 1, 1, 'KECAMATAN', NULL, '', '', '', '', NULL, NULL, NULL, NULL),
(100, '1020184119870820201304055', 'Sendy Agustian', 'jakarta', '1987-08-20', 'LAKI-LAKI', '082122546242', 'cassanovasendi16@gmail.com', 'jl.Menara Air no.47 rt 04/11', 1, 13, 25, 4, 3, 9, 2, '3174012008870005', '55.463.690.2-015.000', '500.23.16984.4', 'NON PNS', '0.01', '0.0054', '0.057', '0.03', NULL, '', '2013-04-15', NULL, 1, 7, 'KELURAHAN', NULL, '', '', '', '', NULL, NULL, NULL, NULL),
(101, '1020184119861215201303039', 'Natalia', 'Jakarta ', '1986-12-15', 'PEREMPUAN', '085718009131', 'deboranatalia1512@gmail.com', 'Jakarta Timur', 2, 13, 23, 4, 3, 9, 1, '3175105512860009', '55.593.311.8-009.000', '-', 'NON PNS', '0.01', '0.0054', '0.057', '0.03', NULL, 'data/foto_pegawai/1020184119861215201303039.jpg', '2013-03-01', NULL, 1, 5, 'KELURAHAN', NULL, '', '', 'Debora', '', NULL, NULL, NULL, NULL),
(102, '1020184119880920201303038', 'Ahmad Arief Nur Wibowo', 'JAKARTA', '1988-09-20', 'LAKI-LAKI', '-', 'default@mail.com', '', NULL, 13, 24, 4, 4, 9, 3, '3173052009880001', '-', '-', 'NON PNS', '0.01', '0.0054', '0.057', '0.03', NULL, NULL, '2013-03-01', NULL, 1, 6, 'KELURAHAN', NULL, '', '', '', '', NULL, NULL, NULL, NULL),
(103, '1020184119840716201404062', 'Setiawati', 'Sumedang ', '1984-07-16', 'PEREMPUAN', '081284773745', 'default@mail.com', 'Jl Tanah Rendah Rt 2 rw 7 no 7 Kel kp melayu kec jatinegara Jakarta Timur ', 1, 13, 24, 4, 5, 6, 1, '', '', '', 'NON PNS', '0.01', '0.0054', '0.057', '0.03', NULL, 'data/foto_pegawai/1020184119840716201404062.jpg', '2014-04-07', NULL, 1, 6, 'KELURAHAN', NULL, '', '', '', '', NULL, NULL, NULL, NULL),
(104, '1020184119891031201304056', 'Silvana Muhamad Alamrie', 'JAKARTA', '1989-10-31', 'PEREMPUAN', '081388058358', 'silva26.alamrie@gmail.com', 'jl bungur 6 rt 10/06 no 35 kel. rambutan kec. ciracas', 1, 11, 8, 4, 3, 9, 1, '3175097110890006', '643736879009999', '50023169429', 'NON PNS', '0.01', '0.0054', '0.057', '0.03', NULL, 'data/foto_pegawai/1020184119891031201304056.jpeg', '2013-04-15', NULL, 1, 1, 'KECAMATAN', NULL, '', '', '', '', NULL, NULL, NULL, NULL),
(105, '1020184119860808201510067', 'Jaka Samudra', 'jakarta', '1986-08-08', 'LAKI-LAKI', '081282551181', 'jakasamudrasyukri0808@gmail.com', 'jl kayu manis I BARU RT 11/1 NO 10', 1, 7, 8, 3, 1, 10, 1, '3175010808860003', '713171791001000', '50620034980', 'NON PNS', '0.01', '0.0054', '0.057', '0.03', NULL, NULL, '2015-10-01', NULL, 1, 1, 'KECAMATAN', NULL, '', '', '', '', NULL, NULL, NULL, NULL),
(106, '1020184119880314201104026', 'Teny F Nurdin', 'Jakarta', '1988-03-14', 'PEREMPUAN', '081280169212', 'tenyfebry@gmail.com', 'jl. Ks Tubun IIIb Rt. 008/007 no.18c kel. Slipi, Kec. Palmerah, Jakarta Barat ', 1, 7, 22, 3, 5, 9, 1, '3175035403880004', '590561189002000', '50023169127', 'NON PNS', '0.01', '0.0054', '0.057', '0.03', NULL, 'data/foto_pegawai/1020184119880314201104026.jpg', '2011-04-01', '1970-01-01', 1, 3, 'KELURAHAN', NULL, '', '', '', '', NULL, NULL, NULL, NULL),
(107, '1020184119720903201601099', 'Hasanah', '', '1970-01-01', 'PEREMPUAN', '', 'default@mail.com', '', 1, 7, 10, 3, 5, 11, 1, '', '', '', 'NON PNS', '0.01', '0.0054', '0.057', '0.03', NULL, NULL, '2016-01-01', NULL, 1, 1, 'KECAMATAN', NULL, '', '', '', '', NULL, NULL, NULL, NULL),
(108, '1020184119720404201401060', 'Yeti', 'Garut', '1970-01-01', 'PEREMPUAN', '085727649126', 'ypuskesmas@gmail.com', 'Jln.Palmeriam II no.28 RT.016/RW.008 Kel.Palmeriam, Kec.Matraman\r\n', 1, 7, 10, 3, 5, 11, 1, '3175014404720007', '660716325001000', '50623032261', 'NON PNS', '0.01', '0.0054', '0.057', '0.03', NULL, NULL, '2014-01-02', NULL, 1, 1, 'KECAMATAN', NULL, '', '', '', '', NULL, NULL, NULL, NULL),
(109, '1020184119961118201710160', 'Anto', 'jakarta', '1996-11-18', 'LAKI-LAKI', '089655655529', 'default@mail.com', 'jl kelapa sawit 2 rt10/10 no 8', NULL, 7, 21, NULL, NULL, NULL, NULL, '3175011811960002', '760252684001000', '500.20.26562.1', 'NON PNS', '0.01', NULL, NULL, '0.03', NULL, 'data/foto_pegawai/1020184119961118201710160.jpg', '2017-10-01', NULL, 0, 4, 'KELURAHAN', NULL, NULL, NULL, NULL, NULL, NULL, NULL, NULL, NULL),
(110, '1020184119810822201710161', 'Bagus Kurniawan', 'Jakarta', '1981-08-22', 'LAKI-LAKI', '082122384900', 'default@mail.com', 'Jl. Apel Hijau VI, Blok A16, No. 11, RT.16/RW19, Cluster Taman Apel, Perum. Grand Bekasi Bumipala Vida, Kota Bekasi, Prov. Jawa Barat - Indonesia (17156)', 1, 7, 36, 3, 3, 10, 2, '3275112208810003', '97.398.537.7-432.000', '600.23.02375.7', 'NON PNS', '0.01', '0.0054', '0.057', '0.03', NULL, NULL, '2018-10-01', '1970-01-01', 1, 1, 'KECAMATAN', NULL, '', '', '', '', NULL, NULL, NULL, NULL),
(111, '1020184119750610200501004', 'Saikin', '', '1970-01-01', 'LAKI-LAKI', '', 'default@mail.com', '', 1, 14, 23, 3, 5, 9, 4, '', '', '', 'NON PNS', '0.01', '0.0054', '0.057', '0.03', NULL, NULL, '2005-01-02', NULL, 1, 5, 'KELURAHAN', NULL, '', '', '', '', NULL, NULL, NULL, NULL),
(112, '1020184119890410201304046', 'Liada', 'Taripa', '1989-04-10', 'PEREMPUAN', '082345767656', 'default@mail.com', 'Komplek Pertamina Blok Y No. 16 RT 06 RW 16, Kel Tugu Utara, Kec Koja, Jakarta Utara', 2, 14, 25, 3, 4, 10, 1, '7324095004890001', '55.365.783.4-009.000', '500.231.69.305', 'NON PNS', '0.01', '0.0054', '0.057', '0.03', NULL, NULL, '2013-04-01', NULL, 1, 7, 'KELURAHAN', NULL, '', '', '', '', NULL, NULL, NULL, NULL),
(113, '1020184119930729201304045', 'Nurul Handayani', 'jakarta', '1970-01-01', 'PEREMPUAN', '085781575117', 'default@mail.com', '', 1, 14, 20, 3, 5, 10, 1, '-', '-', '-', 'NON PNS', '0.01', '0.0054', '0.057', '0.03', NULL, NULL, '2013-04-01', NULL, 1, 2, 'KELURAHAN', NULL, '', '', '', '', NULL, NULL, NULL, NULL),
(114, '1020184119790712201308058', 'Skylab Sariyati', 'Jakarta', '1979-07-12', 'PEREMPUAN', '082112369677', 'default@mail.com', 'Jl, Kebon Kelapa rt 11/ 011 no 8 UKS Matraman Jakarta Timur', 1, 14, 21, 3, 5, 10, 1, '3175015207790005', '643331358001000', '50023175020', 'NON PNS', '0.01', '0.0054', '0.057', '0.03', NULL, 'data/foto_pegawai/1020184119790712201308058.jpg', '2013-08-01', NULL, 1, 4, 'KELURAHAN', NULL, '', '', '', '', NULL, NULL, NULL, NULL),
(115, '1020184119801117200911015', 'Alfriyano Arsie', '-Palangkaraya', '1980-11-17', 'LAKI-LAKI', '-085329667799', 'default@mail.com', '-jalan kebon jeruk 2 nomor 4, RT03 RW 02, Kelurahan Maphar, Kecamatan Taman Sari, Jakarta Barat', NULL, 15, 1, 6, 4, 4, 3, '-3173031711800004', '-', '-50023169011', 'NON PNS', '0.01', '0.0054', '0.057', '0.03', NULL, '', '2009-11-02', NULL, 1, 1, 'KECAMATAN', NULL, '', '', 'dr', '', NULL, NULL, NULL, NULL),
(116, '1020184119821116201510070', 'Arina Noviyanti', 'Jakarta', '1982-11-16', 'PEREMPUAN', '081356666454', 'anyra_ivon@gmail.com', 'Balimatraman Rt.012/08 No.10. Manggarai Selatan.', 1, 15, 23, 6, 5, 4, 1, '3174015611820002', '44.498.547.7-015.000', '500.23.17561.5', 'NON PNS', '0.01', '0.0054', '0.057', '0.03', NULL, 'data/foto_pegawai/1020184119821116201510070.jpg', '2015-10-01', NULL, 0, 5, 'KELURAHAN', NULL, '', '', 'dr', '', NULL, NULL, NULL, NULL),
(117, '1020184119710501200902014', 'M.G. Mei Rumiyati', 'Jakarta', '1971-05-01', 'PEREMPUAN', '08161864409', 'mei.rumiyati@gmail.com', 'Pisangan Lama III Rt.001 Rw011 No. 23 Kel. Pisangan Timur. Kec.Pulo gadung', 3, 15, 20, 6, 5, 4, 1, '3175014105710005', '25.488.888.6-003.999', '500.23.16899.6', 'NON PNS', '0.01', '0.0054', '0.057', '0.03', NULL, 'data/foto_pegawai/10201841197105012009020142.jpg', '2009-02-03', NULL, 1, 2, 'KELURAHAN', NULL, '', '', 'dr', '', NULL, NULL, NULL, NULL),
(118, '1020184119870429201510071', 'Marloni Marsada Astrid', 'jakarta', '1987-04-29', 'PEREMPUAN', '-', 'default@mail.com', '-', NULL, 15, 21, 6, 5, 4, 1, '3175036904870008', '-', '-', 'NON PNS', '0.01', '0.0054', '0.057', '0.03', NULL, '', '2015-10-01', NULL, 1, 4, 'KELURAHAN', NULL, '', '', 'dr', '', NULL, NULL, NULL, NULL),
(119, '1020184119760518201510072', 'Meike Pudjiastuti', 'Jakarta', '1976-05-18', 'PEREMPUAN', '081310619758', 'default@mail.com', 'depok', 1, 15, 24, 6, 1, 6, 1, '', '', '', 'NON PNS', '0.01', '0.0054', '0.057', '0.03', NULL, 'data/foto_pegawai/1020184119760518201510072.jpg', '2015-10-01', NULL, 1, 6, 'KELURAHAN', NULL, '', '', 'dr', '', NULL, NULL, NULL, NULL),
(120, '1020184119830625201510073', 'Natasya Sintawati', 'Jakarta', '1983-06-25', 'PEREMPUAN', '08161480508', 'natmauziee@gmail.com', 'Jln.Gelanggang Remaja No.46 001/005 Makasar', 1, 15, 22, 6, 1, 4, 1, '3175086506830007', '74.692.855.5-005.000', '538.23.03018.5', 'NON PNS', '0.01', '0.0054', '0.057', '0.03', NULL, NULL, '2015-10-01', NULL, 1, 3, 'KELURAHAN', NULL, '', '', 'dr', '', NULL, NULL, NULL, NULL),
(121, '1020184119760920201201031', 'Ni Made Ayu Dewi', 'Singaraja', '1976-09-20', 'PEREMPUAN', '087782400350', 'dewikrsna@gmail.com', 'Jl Dermaga Indah I no 11\r\nDuren Sawit Jakarta Timur', NULL, 15, 16, 6, 5, 4, 1, '3175076009760014', '36.732.259.1-008.000', '50023169143', 'NON PNS', '0.01', '0.0054', '0.057', '0.03', NULL, NULL, '2012-01-07', NULL, 1, 1, 'KECAMATAN', NULL, '', '', 'dr', '', NULL, NULL, NULL, NULL),
(122, '1020184119830531201510074', 'Nur Amalia Basri', 'Jakarta', '1983-05-31', 'PEREMPUAN', '081381504090', 'dr.nuramalia@yahoo.co.id', 'Jl. Bekasi Timur Raya no.223E Rt 01/16 cipinang pulogadung 13420', 1, 15, 12, 6, 5, 4, 1, '3175067105830014', '54.665.519.2-004.000', '', 'NON PNS', '0.01', '0.0054', '0.057', '0.03', NULL, 'data/foto_pegawai/1020184119830531201510074.JPG', '2015-10-01', NULL, 1, 1, 'KECAMATAN', NULL, '', '', 'dr', '', NULL, NULL, NULL, NULL),
(123, '1020184119810620201605108', 'Emma Junita', 'Jakarta', '1981-06-20', 'PEREMPUAN', '081284863332', 'default@mail.com', 'JL. PISANGAN BARU TENGAH NO.1 RT 004/RW 011 KEL. PISANGAN BARU, KEC. MATRAMAN, JAKARTA TIMUR', NULL, 15, 25, 6, 1, 4, 1, '3175016006810002', '67.916.094.5-125.000', '500.20.26617.2', 'NON PNS', '0.01', '0.0054', '0.057', '0.03', NULL, 'data/foto_pegawai/1020184119810620201605108.jpg', '2016-05-01', NULL, 1, 7, 'KELURAHAN', NULL, '', '', 'dr', '', NULL, NULL, NULL, NULL),
(124, '1020184119900206201605109', 'Laura Syerin', 'Jakarta', '1990-02-06', 'PEREMPUAN', '081213740194', 'laura.syerin.n@gmail.com', 'perumahan bintara alam permai blok d5 no 17\r\nbintara - bekasi barat\r\n17135', NULL, 15, 2, 6, 4, 4, 1, '3276054602900003', '71.279.060.9-412.000', '53920000933022', 'NON PNS', '0.01', '0.0054', '0.057', '0.03', NULL, NULL, '2016-05-01', NULL, 1, 8, 'KELURAHAN', NULL, '', '', 'dr', '', NULL, NULL, NULL, NULL),
(125, '1020184119780703201605110', 'Niken Sulastri', NULL, '1970-01-01', 'PEREMPUAN', NULL, 'default@mail.com', NULL, NULL, NULL, NULL, NULL, NULL, NULL, NULL, NULL, NULL, NULL, 'NON PNS', '0.01', NULL, NULL, '0.03', NULL, NULL, '2016-05-01', NULL, 0, NULL, NULL, NULL, NULL, NULL, NULL, NULL, NULL, NULL, NULL, NULL),
(126, '1020184119850205201606111', 'Imma Syintia Rose', 'Jakarta', '1985-02-05', 'PEREMPUAN', '085793955509', 'immasyintia@gmail.com', 'Jl. H Leman II No. 28 RT 002/RW 011 Bintaro Pesanggrahan Jakarta Selatan', NULL, 15, 2, NULL, NULL, NULL, NULL, '3674034502850009', '45.191.380.0-411.000', '500.20.26387.4', 'NON PNS', '0.01', NULL, NULL, '0.03', NULL, NULL, '2016-06-01', NULL, 0, 8, 'KELURAHAN', NULL, NULL, NULL, NULL, NULL, NULL, NULL, NULL, NULL),
(127, '1020184119920110201606112', 'Muhamad Dwi Putra', 'Jakarta', '1992-01-10', 'LAKI-LAKI', '082112966906', 'default@mail.com', 'JL. Nusa Indah IV No.41-1 RT002/004 Kel. Malaka Jaya Kec.Duren Sawit Jakarta Timur 13460', 1, 15, 2, 6, 5, 4, 4, '3175071001920007', '66.852.957.1-008.000', '53523043096', 'NON PNS', '0.01', '0.0054', '0.057', '0.03', NULL, NULL, '2016-06-01', NULL, 1, 8, 'KELURAHAN', NULL, '', '', 'dr', '', NULL, NULL, NULL, NULL),
(128, '1020184119761124201606113', 'Normala Dewi Nainggolan', 'Jakarta', '1976-11-24', 'PEREMPUAN', '085813579070', 'default@mail.com', 'Pondok Timur Mas blok H1 no.15 Jakasetia Bekasi Selatan', NULL, 15, 1, 6, 5, 4, 1, '3171036411761001', '76.333.067.7-027.000', '', 'NON PNS', '0.01', '0.0054', '0.057', '0.03', NULL, NULL, '2016-06-01', NULL, 1, 1, 'KECAMATAN', NULL, '', '', 'dr', '', NULL, NULL, NULL, NULL),
(129, '1020184119900718201606114', 'Sulfita Launda', 'Jakarta', '1990-07-18', 'PEREMPUAN', '082199355281', 'default@mail.com', 'Jl. Arabika 7 blok Y.9 no:7 Pondok Kopi, Duren Sawit, Jakarta Timur', 1, 15, 1, 6, 3, 4, 1, '3175075807900004', '70.828.765.1-008.000', '50023269504', 'NON PNS', '0.01', '0.0054', '0.057', '0.03', NULL, NULL, '2016-06-01', NULL, 1, 1, 'KECAMATAN', NULL, '', '', 'dr', '', NULL, NULL, NULL, NULL),
(130, '1020184119890920201704145', 'Dwinita Amanda', 'Jakarta', '1989-09-20', 'PEREMPUAN', '081218343134', 'febynyanita@gmail.com', 'Jl. Kayumanis no. 2 rt 002 rw 05 condet balekambang jakarta timur', 1, 15, 23, 6, 4, 4, 1, '3175046009890008', '737252304005000', '53920002545', 'NON PNS', '0.01', '0.0054', '0.057', '0.03', NULL, 'data/foto_pegawai/1020184119890920201704145.JPG', '2017-04-03', NULL, 1, 5, 'KELURAHAN', NULL, '', '', 'dr', '', NULL, NULL, NULL, NULL),
(131, '1020184119930329201704146', 'dr. Indah Triana Putri', 'Padang', '1993-03-29', 'PEREMPUAN', '081267953056', 'indahtrianaputri@gmail.com', 'Jalan Cipinang Kebembem IX No.30 RT 06 RW 013 Kelurahan Pisangan Timur, Kecamatan Pulogadung, Jakarta Timur-DKI Jakarta', NULL, 15, 1, NULL, NULL, NULL, NULL, '1371096903930004', '72.355.312.9-201.000', '539.20.00253.7', 'NON PNS', '0.01', NULL, NULL, '0.03', NULL, 'data/foto_pegawai/1020184119930329201704146.jpg', '2017-04-03', NULL, 0, 1, 'KECAMATAN', NULL, NULL, NULL, NULL, NULL, NULL, NULL, NULL, NULL);
INSERT INTO `m_pegawai` (`id_pegawai`, `nip`, `nama_pegawai`, `tempat_lahir`, `tgl_lahir`, `jenis_kelamin`, `no_tlp`, `email`, `alamat`, `agama`, `jabatan`, `bagian`, `pendidikan`, `status`, `rumpun`, `pajak`, `no_ktp`, `npwp`, `norek_dki`, `status_pns`, `bpjs_ks`, `bpjs_jkk`, `bpjs_ijht`, `bpjs_jp`, `pj_cuti`, `foto_url`, `tgl_masuk`, `tmt_gaji`, `is_active`, `tempat_tugas`, `tempat_tugas_ket`, `shift_status`, `golongan`, `nrk`, `gelar_depan`, `gelar_belakang`, `created_by`, `created_date`, `updated_by`, `updated_date`) VALUES
(132, '1020184119880609201605115', 'Yunita Eka Putri', 'palu', '1988-06-09', 'PEREMPUAN', '-', 'default@mail.com', '-', 1, 15, 1, 6, 3, 4, 1, '317', '-', '-', 'NON PNS', '0.01', '0.0054', '0.057', '0.03', NULL, NULL, '2016-05-01', '1970-01-01', 1, 1, 'KECAMATAN', NULL, '', '', 'dr', '', NULL, NULL, NULL, NULL),
(133, '199112162019032008', 'Besthari Anindita Pramitasari', '-', '1991-12-16', 'PEREMPUAN', '-', 'default@mail.com', '-', 1, 15, 24, NULL, NULL, NULL, NULL, '-', '-', '-', 'PNS', NULL, NULL, NULL, NULL, NULL, NULL, '2019-03-01', '2019-03-01', 1, 6, 'KELURAHAN', NULL, 'III/b', '', '', '', NULL, NULL, NULL, NULL),
(134, '1020184119900531201706149', 'Mahesa Bonang', 'Jakarta', '1990-05-31', 'LAKI-LAKI', '081333393326', 'default@mail.com', 'PTB Duren Sawit Blok D1 Nomer 2 RT 012 RW 011', 1, 15, 2, 6, 4, 4, 3, '3175073105900001', '70.898.478.6-008.000', '53920004033', 'NON PNS', '0.01', '0.0054', '0.057', '0.03', NULL, NULL, '2017-06-02', NULL, 1, 8, 'KELURAHAN', NULL, '', '', 'dr', '', NULL, NULL, NULL, NULL),
(135, '199204262019032018', 'Nanda Chaerully', 'Jakarta', '1992-04-26', 'PEREMPUAN', '081282880555', 'nandachaerully@gmail.com', 'Jl. Penggalang I No.9 004/010, Palmeriam, Matraman', 1, 15, 1, NULL, NULL, NULL, NULL, '3171056604920002', '73.927.899.2-2024.000', '-', 'PNS', NULL, NULL, NULL, NULL, NULL, 'data/foto_pegawai/1020184119920426201706150.JPG', '2019-03-01', '2019-03-01', 1, 1, 'KECAMATAN', NULL, 'III/b', '', 'dr', '', NULL, NULL, NULL, NULL),
(136, '1020184119870602201706151', 'Puja Adi Bimoseno', 'jakarta', '1987-06-02', 'LAKI-LAKI', '-085695145178', 'pujaadibimoseno@gmail.com', '-jl. kayu manis 1 lama no18 rt011 rw 008, kelurahan palmeriam kecamatan matraman JAK-TIM', 1, 15, 12, 6, 4, 4, 3, '-3175010206870011', '-74.128.637.1-001.000', '-539.20.00406.8', 'NON PNS', '0.01', '0.0054', '0.057', '0.03', NULL, NULL, '2017-06-02', NULL, 1, 1, 'KECAMATAN', NULL, '', '', '', '', NULL, NULL, NULL, NULL),
(137, '199004072019032006', 'Hani Amalia', 'jakarta', '1990-04-07', 'PEREMPUAN', '081222799974', 'default@mail.com', 'Jalan kayu putih tengah IV No. 62 Pulo gadung jaktim, 13260', 1, 15, 25, NULL, NULL, NULL, NULL, '3175014704900003', '732045836003000', '3175014704900003', 'PNS', NULL, NULL, NULL, NULL, NULL, NULL, '2019-03-01', '2019-03-01', 1, 7, 'KELURAHAN', NULL, 'III/b', '', 'dr', '', NULL, NULL, NULL, NULL),
(138, '1020184119860903201404063', 'Azelia Cinta Ayu', 'Jakarta', '1986-09-03', 'PEREMPUAN', '087782413196', 'default@mail.com', 'Jl. Tutul IX Blok R No.600 Pondok Bambu Jakarta Timur 13430', 1, 16, 22, 6, 1, 4, 1, '3175074309860003', '251371886008000', '50023176620', 'NON PNS', '0.01', '0.0054', '0.057', '0.03', NULL, NULL, '2014-04-15', NULL, 1, 3, 'KELURAHAN', NULL, '', '', 'drg', '', NULL, NULL, NULL, NULL),
(139, '1020184119900623201605116', 'Anggi Hayani', 'Jakarta', '1990-06-23', 'PEREMPUAN', '082167757492', 'default@mail.com', 'Jl. Pisangan Baru Tengah No.3 RT/RW 008/015, Matraman, Jakarta Timur', 1, 16, 5, 6, 3, 4, 1, '317501630690001', '76.030.671.2-001.000', '', 'NON PNS', '0.01', '0.0054', '0.057', '0.03', NULL, 'data/foto_pegawai/1020184119900623201605116.png', '2016-05-01', NULL, 1, 1, 'KECAMATAN', NULL, '', '', 'drg', '', NULL, NULL, NULL, NULL),
(140, '1020184119860306201605117', 'Debora Veronika', 'Jakarta', '1986-03-06', 'PEREMPUAN', '081290025425', 'default@mail.com', 'Jl. Mahakam no.6 rt.10/06 Ciracas\r\nJakarta Timur 13740', NULL, 16, 21, 6, 3, 4, 1, '3174014603860003', '55.119.604.1-015.000', '500.23.26877.0', 'NON PNS', '0.01', '0.0054', '0.057', '0.03', NULL, 'data/foto_pegawai/1020184119860306201605117.jpg', '2016-05-01', NULL, 1, 4, 'KELURAHAN', NULL, '', '', 'drg', '', NULL, NULL, NULL, NULL),
(141, '1020184119840509201605118', 'Denty Meira Nuswantari', 'Bandung', '1984-05-09', 'PEREMPUAN', '087876987297', 'default@mail.com', '', 1, 16, 20, 6, 3, 4, 1, '-', '-', '-', 'NON PNS', '0.01', '0.0054', '0.057', '0.03', NULL, NULL, '2016-05-01', NULL, 1, 2, 'KELURAHAN', NULL, '', '', 'drg', '', NULL, NULL, NULL, NULL),
(142, '1020184119870518201201032', 'Ahmad Zaenal Abidin', '', '1970-01-01', 'LAKI-LAKI', '', 'default@mail.com', '', 1, 17, 23, 3, 5, 6, 4, '', '', '', 'NON PNS', '0.01', '0.0054', '0.057', '0.03', NULL, NULL, '2012-01-09', NULL, 1, 5, 'KELURAHAN', NULL, '', '', '', '', NULL, NULL, NULL, NULL),
(143, '1020184119910527201510075', 'Ambisi Sarjana Putri', 'JAKARTA', '1991-05-27', 'PEREMPUAN', '082298574292', 'default@mail.com', 'Bojong Rangkong RT 014 RW 003 Kel. Pulo Gebang Kec.Cakung Jakarta timur', 1, 17, 21, 4, 3, 6, 1, '3175066705910003', '73.221.484.6-006.000', '506.20.034955', 'NON PNS', '0.01', '0.0054', '0.057', '0.03', NULL, 'data/foto_pegawai/1020184119910527201510075.jpg', '2015-10-01', NULL, 1, 4, 'KELURAHAN', NULL, '', '', '', '', NULL, NULL, NULL, NULL),
(144, '1020184119900320201201033', 'Atiyyatul Maula', '', '1970-01-01', 'PEREMPUAN', '', 'default@mail.com', '', 1, 17, 3, 5, 4, 8, 1, '', '', '', 'NON PNS', '0.01', '0.0054', '0.057', '0.03', NULL, NULL, '2015-01-05', NULL, 1, 1, 'KECAMATAN', NULL, '', '', '', '', NULL, NULL, NULL, NULL),
(145, '1020184119841211201304044', 'Desdania', 'Jakarta', '1984-12-11', 'PEREMPUAN', '087788151164', 'default@mail.com', 'jl dr sahardjo ', 1, 17, 3, 3, 5, 10, 1, '', '-', '-', 'NON PNS', '0.01', '0.0054', '0.057', '0.03', NULL, NULL, '2013-04-01', NULL, 1, 1, 'KECAMATAN', NULL, '', '', '', '', NULL, NULL, NULL, NULL),
(146, '1020184119890122201102029', 'Dwi Wahyu Setyo Raharti', 'Jakarta', '1989-01-22', 'PEREMPUAN', '0218098369/ 087788130634', 'dwi.sraharti@gmail.com', 'Jln.Halim P.K RT 011/08 No.24, Kel.Kebon Pala, Kec. Makasar, Jaktim-13650', 1, 17, 25, 4, 1, 6, 1, '3175086201890006', '544994320005000', '50023169046', 'NON PNS', '0.01', '0.0054', '0.057', '0.03', NULL, 'data/foto_pegawai/10201841198901222011020291.jpg', '2011-02-01', NULL, 1, 7, 'KELURAHAN', NULL, '', '', '', '', NULL, NULL, NULL, NULL),
(147, '1020184119940302201303036', 'Eka Diah Utari', 'jakarta', '1994-03-02', 'PEREMPUAN', '085777750147', 'ecca.utari@gmail.com', 'jl.program 7 rt 5/4 no.32 depok 16436 pancoranmas jawabarat', 1, 17, 20, 3, 1, 10, 1, '376014203940007', '553282906412000', '50023169224', 'NON PNS', '0.01', '0.0054', '0.057', '0.03', NULL, 'data/foto_pegawai/1020184119940302201303036.JPG', '2013-03-01', NULL, 1, 2, 'KELURAHAN', NULL, '', '', '', '', NULL, NULL, NULL, NULL),
(148, '1020184119910411201510076', 'Grace Margaretha', '', '1970-01-01', 'PEREMPUAN', '', 'margarethsgraces@gmail.com', '', NULL, 17, 3, 6, 1, 5, 1, '', '', '', 'NON PNS', '0.01', '0.0054', '0.057', '0.03', NULL, NULL, '2015-10-01', NULL, 1, 1, 'KECAMATAN', NULL, '', '', '', '', NULL, NULL, NULL, NULL),
(149, '1020184119890501201201034', 'Mutiara Astuti', '', '1970-01-01', 'PEREMPUAN', '', 'default@mail.com', '', 1, 17, 3, 4, 1, 4, 1, '', '', '', 'NON PNS', '0.01', '0.0054', '0.057', '0.03', NULL, NULL, '2012-01-09', NULL, 1, 1, 'KECAMATAN', NULL, '', '', '', '', NULL, NULL, NULL, NULL),
(150, '1020184119970824201510078', 'Novi Fitriani Agustin', '', '1970-01-01', 'PEREMPUAN', '', 'default@mail.com', '', NULL, 17, 3, 3, 3, 10, 1, '', '', '', 'NON PNS', '0.01', '0.0054', '0.057', '0.03', NULL, NULL, '2015-10-01', NULL, 1, 8, 'KELURAHAN', NULL, '', '', '', '', NULL, NULL, NULL, NULL),
(151, '1020184119840316201102021', 'Tri Mauresti', '', '1970-01-01', 'PEREMPUAN', '', 'default@mail.com', '', 1, 17, 24, 4, 1, 6, 1, '', '', '', 'NON PNS', '0.01', '0.0054', '0.057', '0.03', NULL, NULL, '2011-02-01', NULL, 1, 6, 'KELURAHAN', NULL, '', '', '', '', NULL, NULL, NULL, NULL),
(152, '1020184119800802201301035', 'Tuty Sugiarti', 'Jakarta', '1980-08-02', 'PEREMPUAN', '081310678320', 'default@mail.com', 'Jl.Nusa Indah 2 gang 6 No.213 RT.02 RW .05 Kel.Malaka Jaya Kec\r\nDuren Sawit Jakarta Timur 13460', 1, 17, 3, 4, 5, 6, 1, '3175074208800012', '141540989008000', '50032168490', 'NON PNS', '0.01', '0.0054', '0.057', '0.03', NULL, NULL, '2013-01-02', NULL, 1, 1, 'KECAMATAN', NULL, '', '', '', '', NULL, NULL, NULL, NULL),
(153, '1020184119880820201605119', 'Citra Purnama Sari', '', '1970-01-01', 'PEREMPUAN', '', 'tha_yank@ymail.com', '', 1, 17, 3, 5, 5, 8, 1, '', '', '', 'NON PNS', '0.01', '0.0054', '0.057', '0.03', NULL, NULL, '2016-05-01', NULL, 1, 1, 'KECAMATAN', NULL, '', '', '', '', NULL, NULL, NULL, NULL),
(154, '1020184119851027201605120', 'Farizal Akbar', 'Jakarta', '1985-10-27', 'LAKI-LAKI', '085212300040', 'farizal.akbar27@gmail.com', 'Jl. Pancawarga 1/23, RT.012 RW.003 No.51, Cipinang Besar Selatan, Jatinegara, Jakarta Timur', 1, 17, 3, 4, 5, 6, 4, '3175032710850009', '68.312.317.8-002.000', '50720459091', 'NON PNS', '0.01', '0.0054', '0.057', '0.03', NULL, 'data/foto_pegawai/1020184119851027201605120.jpg', '2016-05-01', NULL, 1, 8, 'KELURAHAN', NULL, '', '', '', 'Amd. Far', NULL, NULL, NULL, NULL),
(155, '1020184119890129201605121', 'Ifah Puspitasari', 'Bekasi', '1989-01-29', 'PEREMPUAN', '081213849398', 'default@mail.com', 'JL.P.timor 3 no.94 rt 04/09 keluraha aren jaya perumnas 3 bekasi timur 17111\r\n', 1, 17, 22, 5, 1, 8, 1, '3275016901890011', '64.013.277.5-407.000', '53920000852', 'NON PNS', '0.01', '0.0054', '0.057', '0.03', NULL, NULL, '2016-05-01', NULL, 1, 3, 'KELURAHAN', NULL, '', '', '', '', NULL, NULL, NULL, NULL),
(156, '1020184119820223201605122', 'Trisye Nurpita', 'depok', '1982-02-23', 'PEREMPUAN', '-081282773005', 'default@mail.com', '-jl semar 1 no 61 depok', 1, 17, 3, 5, 4, 8, 1, '-3175106302820007', '-', '-', 'NON PNS', '0.01', '0.0054', '0.057', '0.03', NULL, 'data/foto_pegawai/1020184119820223201605122.jpg', '2016-05-01', NULL, 1, 8, 'KELURAHAN', NULL, '', '', '', '', NULL, NULL, NULL, NULL),
(157, '1020184119811106200701011', 'Erni Nopianti', '', '1970-01-01', 'PEREMPUAN', '', 'default@mail.com', '', 1, 18, 25, 4, 4, 6, 1, '', '', '', 'NON PNS', '0.01', '0.0054', '0.057', '0.03', NULL, NULL, '2007-01-02', NULL, 1, 7, 'KELURAHAN', NULL, '', '', '', '', NULL, NULL, NULL, NULL),
(158, '1020184119920711201510079', 'Irvan Sofana', 'Kuningan', '1992-07-11', 'PEREMPUAN', '0818213501', 'iivanvoice@gmail.com', 'Dusun Sukamaju Desa Ciwaru,Kecamatan Ciwaru Kabupaten Kuningan', 1, 18, 22, 4, 3, 6, 2, '3208041107920004', '71.946.167.5-001.000', '500.23.19948.4', 'NON PNS', '0.01', '0.0054', '0.057', '0.03', NULL, NULL, '2015-10-01', NULL, 1, 3, 'KELURAHAN', NULL, '', '', '', '', NULL, NULL, NULL, NULL),
(159, '1020184119720930200708007', 'Kuatno', 'SIDOMULYO', '1972-09-30', 'LAKI-LAKI', '087876083784', 'default@mail.com', 'JL PENGGILINGAN BARU NO 30 RT 16/04 KEL DUKUH KRAMATJATI JAKARTA TIMUR', 1, 18, 20, 4, 5, 6, 4, '3175043009720007', '893176198005000', '500.23.16895.3', 'NON PNS', '0.01', '0.0054', '0.057', '0.03', NULL, NULL, '2007-08-01', '1970-01-01', 1, 2, 'KELURAHAN', NULL, '', '', '', '', NULL, NULL, NULL, NULL),
(160, '1020184119810107200601005', 'Maulina Kurniasih', 'Jakarta', '1981-01-07', 'PEREMPUAN', '085694476177', 'maulina.kurniasih@gmail.com', '-Kampung Kramat No 10 Rt 007 Rw 15', 1, 18, 1, 4, 4, 6, 1, '3175014701810003', '3430986870001000', '50023168899', 'NON PNS', '0.01', '0.0054', '0.057', '0.03', NULL, 'data/foto_pegawai/10201841198101072006010051.jpg', '2006-01-02', NULL, 1, 1, 'KECAMATAN', NULL, '', '', '', '', NULL, NULL, NULL, NULL),
(161, '1020184119830520201104025', 'Mira Damayanti', '', '1970-01-01', 'PEREMPUAN', '', 'default@mail.com', '', NULL, 18, 1, 4, 7, 6, 6, '', '', '', 'NON PNS', '0.01', '0.0054', '0.057', '0.03', NULL, NULL, '2011-04-01', '1970-01-01', 1, 1, 'KECAMATAN', NULL, '', '', '', '', NULL, NULL, NULL, NULL),
(162, '1020184119850228201304057', 'Nurul Huda', 'Bogor', '1985-02-28', 'LAKI-LAKI', '08118500759', 'www.saintsaiya28@gmail.com', 'Jl. Candi Kalasan Blok B 261 Rt 005 Rw 011 Duren Jaya Bekasi Timur 17111', 1, 18, 12, 4, 1, 6, 1, '3275012802850029', '54.885.555.0-407.000', '50023169950', 'NON PNS', '0.01', '0.0054', '0.057', '0.03', NULL, 'data/foto_pegawai/1020184119850228201304057.jpg', '2013-04-15', '1970-01-01', 1, 1, 'KECAMATAN', NULL, '', '', '', 'AMK', NULL, NULL, NULL, NULL),
(163, '1020184119790401200701010', 'Sumarti', 'Banyumas', '1979-04-01', 'PEREMPUAN', '081282058067', 'sumartiamira@gmail.com', 'PISANGAN BARU TENGAH IV RT 002 RW 004 KELURAHAN PISANGAN BARU, KECAMATAN MATRAMAN, JAKARTA TIMUR-DKI JAKARTA', 1, 18, 1, 4, 5, 6, 1, '3175014104791001', '09.441.821.7-001.000', '500.23.16891.1', 'NON PNS', '0.01', '0.0054', '0.057', '0.03', NULL, 'data/foto_pegawai/1020184119790401200701010.jpg', '2007-01-02', NULL, 1, 1, 'KECAMATAN', NULL, '', '', '', '', NULL, NULL, NULL, NULL),
(164, '1020184119890121201510080', 'Uci Pratami', 'Padang ', '1970-01-21', 'PEREMPUAN', '081316977177', 'ucipratami@ymail.com', '', 1, 18, 12, 4, 4, 6, 1, '-', '-', '-', 'NON PNS', '0.01', '0.0054', '0.057', '0.03', NULL, NULL, '2015-10-01', NULL, 1, 1, 'KECAMATAN', NULL, '', '', '', '', NULL, NULL, NULL, NULL),
(165, '1020184119830529201304043', 'Wiji Nur Kolip', 'jakarta', '1983-05-29', 'PEREMPUAN', '089508612604', 'wiji.nurkolip@gmail.com', '-jl. al amin no.35 rt 06/06\r\nkramat jati-jakarta timur', NULL, 18, 24, 4, 5, 6, 1, '-', '-', '-', 'NON PNS', '0.01', '0.0054', '0.057', '0.03', NULL, NULL, '2013-04-01', NULL, 1, 6, 'KELURAHAN', NULL, '', '', '', '', NULL, NULL, NULL, NULL),
(166, '1020184119910330201510081', 'Wiwin Setiani', 'indramayu', '1991-03-30', 'PEREMPUAN', '087785497277', 'wiwinsetiani048@gmai.lcom', 'Jalan Taruna 2 RT 03 RW 011 Kel. Jatinegara Kec. Cakung', 1, 18, 25, NULL, NULL, NULL, NULL, '3212127003910001', '719009516003000', '52920005857', 'NON PNS', '0.01', NULL, NULL, '0.03', NULL, 'data/foto_pegawai/10201841199103302015100811.jpg', '2015-10-01', NULL, 0, 7, 'KELURAHAN', NULL, NULL, NULL, '', '', NULL, NULL, NULL, NULL),
(167, '1020184119880527201304059', 'Yonas Pahala', 'Karangan', '1988-05-27', 'LAKI-LAKI', '081352402866', 'default@mail.com', 'Harapan Jaya II Blok D No.117 RT.002 RW.019 Kel.Harapan Jaya Kec.Bekasi Utara', NULL, 18, 21, 4, 4, 6, 3, '6108031705880004', '54.584.026.6-705.000', '50023169330', 'NON PNS', '0.01', '0.0054', '0.057', '0.03', NULL, 'data/foto_pegawai/1020184119880527201304059.jpg', '2013-04-01', NULL, 1, 4, 'KELURAHAN', NULL, '', '', '', '', NULL, NULL, NULL, NULL),
(168, '1020184119880718201510082', 'Yuli Supriyani', 'Magetan', '1988-07-18', 'PEREMPUAN', '085745794196', 'default@mail.com', 'Gg. Secang Rt 012/ Rw005 utan kayu utara Kec. Matraman Jakarta Timur', 1, 18, 2, 4, 5, 6, 1, '3520035807880001', '450918289001000', '50620034904', 'NON PNS', '0.01', '0.0054', '0.057', '0.03', NULL, 'data/foto_pegawai/1020184119880718201510082.png', '2015-10-01', NULL, 1, 8, 'KELURAHAN', NULL, '', '', '', 'amd.kep', NULL, NULL, NULL, NULL),
(169, '1020184119920822201605123', 'Agus Eko Saputro', 'Jakarta', '1992-08-22', 'PEREMPUAN', '081213131715', 'agus.2014.au@gmail.com', 'Kp.bojong rangkong RT006/007 pondok kopi duren sawit', NULL, 18, 2, 4, 3, 6, 2, '3401102208920013', '16.936.817.2-544.000', '539.20.00081.0', 'NON PNS', '0.01', '0.0054', '0.057', '0.03', NULL, NULL, '2016-05-01', NULL, 1, 8, 'KELURAHAN', NULL, '', '', '', '', NULL, NULL, NULL, NULL),
(170, '1020184119920402201605124', 'Eki Fitriani Miandari', 'Tangerang', '1992-04-02', 'PEREMPUAN', '082310989224', 'ekifimi@mail.com', 'Jl.Penggalang II no.24 Rt 7 RW 10 Kel.Palmeriam Kec.Matraman\r\nJakarta Timur', 1, 18, 12, 4, 4, 6, 1, '3319034204920005', '76.016.225.5-506.000', '53920000844', 'NON PNS', '0.01', '0.0054', '0.057', '0.03', NULL, 'data/foto_pegawai/1020184119920402201605124.jpg', '2016-05-01', NULL, 1, 1, 'KECAMATAN', NULL, '', '', '', 'A.Md.Kep', NULL, NULL, NULL, NULL),
(171, '1020184119890829201605125', 'Ferawati', '', '1970-01-01', 'PEREMPUAN', '', 'default@mail.com', '', NULL, 18, 22, 4, 1, 6, 1, '', '', '', 'NON PNS', '0.01', '0.0054', '0.057', '0.03', NULL, NULL, '2016-05-01', NULL, 1, 3, 'KELURAHAN', NULL, '', '', '', '', NULL, NULL, NULL, NULL),
(172, '1020184119931101201605126', 'Fiqri Tanza', 'Jakarta', '1993-11-01', 'LAKI-LAKI', '08984550360', 'tanzafiq@gmail.com', 'Jl. tambun selatan RT 001/008, kel cakung timur kec cakung jakarta timur', 1, 18, 2, 4, 3, 6, 2, '3175060111930005', '74.450.954.8-006.000', '12323117716', 'NON PNS', '0.01', '0.0054', '0.057', '0.03', NULL, NULL, '2016-05-01', NULL, 1, 8, 'KELURAHAN', NULL, '', '', '', 'Amd.kep', NULL, NULL, NULL, NULL),
(173, '1020184119930607201605127', 'Indra Angga P', 'Sidoarjo', '1993-06-07', 'LAKI-LAKI', '082132888883', 'indra.anggapermana@gmail.com', 'Perumahan Taman Edelweis blok C31 no.4 Rt 11/Rw 12 Satria Jaya Tambun Utara BEKASI', 1, 18, 14, 4, 4, 6, 3, '3515100706930001', '751548017603000', '53920000771', 'NON PNS', '0.01', '0.0054', '0.057', '0.03', NULL, 'data/foto_pegawai/1020184119930607201605127.jpg', '2016-05-01', NULL, 1, 1, 'KECAMATAN', NULL, '', '', '', '', NULL, NULL, NULL, NULL),
(174, '1020184119940819201605128', 'Lingga Wannahari S', 'Jakarta', '1994-08-19', 'LAKI-LAKI', '021 - 87782584 / 081297393462 ', 'linggawannahari@gmail.com', 'Jln. Lebak Sawah Rt 004 Rw 002 no. 58 Kel. Cijantung Kec. Pasar Rebo Jakarta Timur', 1, 18, 2, 4, 4, 6, 3, '3175051908940001', '760021048009000', '53020000697', 'NON PNS', '0.01', '0.0054', '0.057', '0.03', NULL, NULL, '2016-05-01', NULL, 1, 8, 'KELURAHAN', NULL, '', '', '', '', NULL, NULL, NULL, NULL),
(175, '1020184119911018201605129', 'Mastomi', 'Pontianak', '1991-10-18', 'LAKI-LAKI', '089617489475', 'ttommad55@gmail.com', 'Jeprah Rt 001/011 kel : jonggol, kec : Jonggol, kab : Bogor, kode pos : 16830', 1, 18, 21, 4, 1, 6, 1, '3201061810910009', '55.873.759.9-436.000', '53920.00088.7', 'NON PNS', '0.01', '0.0054', '0.057', '0.03', NULL, NULL, '2016-05-01', NULL, 1, 4, 'KELURAHAN', NULL, '', '', '', '', NULL, NULL, NULL, NULL),
(176, '1020184119871106201605130', 'Nurul Hidayati', 'Jakarta', '1987-11-06', 'PEREMPUAN', '085813403010', 'default@mail.com', 'Jl. SMA 48 rt.13 rw.01 no.06 \r\npinang ranti-Makasar, Jakarta-timur  13560', 1, 18, 23, 4, 1, 6, 1, '3175084611870007', '69.987.846.8-045.000', '-', 'NON PNS', '0.01', '0.0054', '0.057', '0.03', NULL, NULL, '2016-05-01', NULL, 1, 5, 'KELURAHAN', NULL, '', '', '', '', NULL, NULL, NULL, NULL),
(177, '1020184119930226201605131', 'Puji Tri Utami', 'Karanganyar', '1993-02-26', 'PEREMPUAN', '-', 'default@mail.com', '-', 1, 18, 24, 4, 3, 6, 1, '-', '-', '-', 'NON PNS', '0.01', '0.0054', '0.057', '0.03', NULL, 'data/foto_pegawai/1020184119930226201605131.jpg', '2016-05-01', NULL, 1, 6, 'KELURAHAN', NULL, '', '', '', '', NULL, NULL, NULL, NULL),
(178, '1020184119901128201605132', 'Riska Anggraini', 'Tanjung baru', '1990-11-28', 'PEREMPUAN', '081272566895', 'default@mail.com', 'Kp sindangkarsa RT 004 RW 006 sukamaju baru, kecamatan tapos, depok', 1, 18, 2, 4, 4, 6, 1, '1803016811900001', '984301945321000', '53920000721', 'NON PNS', '0.01', '0.0054', '0.057', '0.03', NULL, NULL, '2016-05-01', NULL, 1, 8, 'KELURAHAN', NULL, '', '', '', '', NULL, NULL, NULL, NULL),
(179, '1020184119860808201605133', 'Sri Puspa', 'JAKARTA', '1986-08-08', 'PEREMPUAN', '081280709588', 'pushchubz@gmail.com', 'JL. MASJID RAYA NO.19 JATICEMPAKA PONDOK GEDE, BEKASI 17411', 1, 18, 23, 4, 5, 6, 1, '3275084808860043', '242829430432000', '53920000747', 'NON PNS', '0.01', '0.0054', '0.057', '0.03', NULL, 'data/foto_pegawai/1020184119860808201605133.jpg', '2016-05-01', NULL, 1, 5, 'KELURAHAN', NULL, '', '', '', '', NULL, NULL, NULL, NULL),
(180, '1020184119880124201605134', 'Wahyu Saputro', 'Banyumas', '1988-01-24', 'LAKI-LAKI', '083806026900', 'wahyusaputra315@gmail.com', 'Jl. Tirta Sari 6 Blok F NO. 425 RT/RW 008/010', 1, 18, 2, 4, 5, 6, 4, '33020442401880004', '76.015.638.0-008.000', '-', 'NON PNS', '0.01', '0.0054', '0.057', '0.03', NULL, '', '2016-05-01', NULL, 1, 8, 'KELURAHAN', NULL, '', '', '', '', NULL, NULL, NULL, NULL),
(181, '1020184119900302201705147', 'Ahmad Pauzi', '', '1970-01-01', 'LAKI-LAKI', '', 'default@mail.com', '', 1, 18, 25, 4, 4, 6, 3, '', '', '', 'NON PNS', '0.01', '0.0054', '0.057', '0.03', NULL, NULL, '2017-05-01', NULL, 1, 7, 'KELURAHAN', NULL, '', '', '', '', NULL, NULL, NULL, NULL),
(182, '1020184119840805201303083', 'Elfitrianti', '', '1970-01-01', 'PEREMPUAN', '', 'default@mail.com', '', 1, 18, 20, 4, 4, 6, 1, '', '', '', 'NON PNS', '0.01', '0.0054', '0.057', '0.03', NULL, NULL, '2014-10-01', '1970-01-01', 1, 2, 'KELURAHAN', NULL, '', '', '', '', NULL, NULL, NULL, NULL),
(183, '1020184119931028201707153', 'Siti Rihanah', 'bogor', '1993-10-28', 'PEREMPUAN', '081290748906', 'default@mail.com', 'komplek PDK jalan ciburial no. 42 rt 04 rw 06 kelurahan ciparigi kecamatan bogor utara', 1, 18, 2, 4, 1, 6, 1, '3271056810930010', '710416207404000', '51323172545', 'NON PNS', '0.01', '0.0054', '0.057', '0.03', NULL, NULL, '2017-07-03', NULL, 1, 8, 'KELURAHAN', NULL, '', '', '', '', NULL, NULL, NULL, NULL),
(184, '1020184119911201201707154', 'Theresia Kristiani (THERE)', 'JAKARTA', '1991-12-01', 'PEREMPUAN', '081212489747', 'teresimbolon3@gmail.com', 'KAV DKI BLK B 19 no 5', NULL, 18, 12, NULL, NULL, NULL, NULL, '-', '-', '-', 'NON PNS', '0.01', NULL, NULL, '0.03', NULL, 'data/foto_pegawai/1020184119911201201707154.jpg', '2017-07-03', NULL, 0, 1, 'KECAMATAN', NULL, NULL, NULL, NULL, NULL, NULL, NULL, NULL, NULL),
(185, '1020184119820208201103024', 'Prawita Sari', 'Depok ', '1982-02-08', 'PEREMPUAN', '089632644508', 'default@mail.com', 'Kesatrian8h17', 1, 19, 24, 3, 5, 9, 1, '3175015014802820008', '-', '-', 'NON PNS', '0.01', '0.0054', '0.057', '0.03', NULL, 'data/foto_pegawai/1020184119820208201103024.jpg', '2011-03-14', NULL, 1, 6, 'KELURAHAN', NULL, '', '', '', '', NULL, NULL, NULL, NULL),
(186, '1020184119940525201605135', 'Nurhaeni', 'Majalengka', '1994-05-25', 'PEREMPUAN', '081382340637', 'default@mail.com', 'jl pergunas raya rt 7 rw 4 penggilingan cakung jaktim', 1, 19, 25, 4, 1, 6, 1, '3175066505941004', '760493387006000', '50620043270', 'NON PNS', '0.01', '0.0054', '0.057', '0.03', NULL, NULL, '2016-05-01', NULL, 1, 7, 'KELURAHAN', NULL, '', '', '', '', NULL, NULL, NULL, NULL),
(187, '1020184119900922201606136', 'Haryanti', 'Purwodadi', '1990-09-22', 'PEREMPUAN', '082113172430', 'haryanti_yayang26@yahoo.co.id', 'Jl H.M Sidik n0 68 pondok bambu rt 12/05 jakarta timur 13430', NULL, 19, 22, 4, 1, 6, 1, '3175076209900011', '882442940008000', '51220121267', 'NON PNS', '0.01', '0.0054', '0.057', '0.03', NULL, 'data/foto_pegawai/10201841199009222016061361.jpg', '2016-06-01', NULL, 1, 3, 'KELURAHAN', NULL, '', '', '', '', NULL, NULL, NULL, NULL),
(188, '1020184119930502201707155', 'Dewi Holistiyani', 'Jakarta', '1993-05-02', 'PEREMPUAN', '089672767829', 'default@mail.com', 'Jln. Galur Sari V No.72E Rt.004 Rw.01 Utan Kayu Selatan, Matraman, Jakarta Timur', 1, 19, 5, 4, 1, 6, 1, '3175014205930002', '809879299001000', '50623049481', 'NON PNS', '0.01', '0.0054', '0.057', '0.03', NULL, 'data/foto_pegawai/1020184119930502201707155.jpg', '2017-07-03', NULL, 1, 1, 'KECAMATAN', NULL, '', '', '', '', NULL, NULL, NULL, NULL),
(189, '1020184119911204201304042', 'Arum Hertiana Nastiti', 'Jakarta', '1970-01-01', 'PEREMPUAN', '-', 'default@mail.com', '-', 1, 20, 23, 4, 3, 6, 1, '-', '-', '-', 'NON PNS', '0.01', '0.0054', '0.057', '0.03', NULL, 'data/foto_pegawai/1020184119911204201304042.jpg', '2013-04-01', NULL, 1, 5, 'KELURAHAN', NULL, '', '', '', '', NULL, NULL, NULL, NULL),
(190, '1020184119900920201304041', 'Atik Wulandari', 'Banjarnegara', '1990-09-20', 'PEREMPUAN', '081280204767', 'default@mail.com', 'Jl.Tanjung Wangi 2rt 12 rw 12 penjaringan jakarta utara', NULL, 20, 10, NULL, NULL, NULL, NULL, '3172016009900001', '553399148041000', '500.23.16926.7', 'NON PNS', '0.01', NULL, NULL, '0.03', NULL, 'data/foto_pegawai/1020184119900920201304041.jpg', '2013-04-01', NULL, 0, 9, 'KELURAHAN', NULL, NULL, NULL, NULL, NULL, NULL, NULL, NULL, NULL),
(191, '1020184119870914201304051', 'Dini Armita Hasibuan', 'Medan', '1987-09-14', 'PEREMPUAN', '081264665226', 'default@mail.com', 'Jl.kemayoran barat 2 no 2 rt 011 Rw 005 kelurahan Kemayoran Kecamatan Kemayoran Jakarta pusat', 1, 20, 23, 4, 1, 6, 1, '1207265409870003', '55.382.506.8-027.000', '50023169381', 'NON PNS', '0.01', '0.0054', '0.057', '0.03', NULL, 'data/foto_pegawai/10201841198709142013040511.jpg', '2013-04-08', NULL, 0, 5, 'KELURAHAN', NULL, '', '', '', '', NULL, NULL, NULL, NULL),
(192, '1020184119921023201510084', 'Dwi Oktapiana', 'Jakarta', '1992-10-23', 'PEREMPUAN', '081281055523', 'dwioktapiana@gmail.com', 'Perumahan Villa Mahkota Indah Blok F17 No.5 \r\nRT: 003/010 Kel. Pahlawan Setia Kec. Tarumajaya', 1, 20, 16, 4, 3, 6, 1, '3172026310920007', '-', '20020183081', 'NON PNS', '0.01', '0.0054', '0.057', '0.03', NULL, 'data/foto_pegawai/1020184119921023201510084.jpg', '2015-10-01', NULL, 1, 1, 'KECAMATAN', NULL, '', '', '', 'A.Md.Keb', NULL, NULL, NULL, NULL),
(193, '1020184119900425201304050', 'Dyan Prafitasari', 'JAKARTA', '1990-04-25', 'PEREMPUAN', '08999125809', 'default@mail.com', 'JL.WALANG BARAT NO.38 RT05 RW 12 , KELURAHAN.TUGU UTARA, KECAMATAN KOJA , JAKARTA UTARA', 1, 20, 25, 4, 5, 6, 1, '3175076504900009', '55.360.856.3-008.000', '50023169356', 'NON PNS', '0.01', '0.0054', '0.057', '0.03', NULL, 'data/foto_pegawai/10201841199004252013040501.jpg', '2013-04-08', NULL, 1, 7, 'KELURAHAN', NULL, '', '', '', 'Am.keb ', NULL, NULL, NULL, NULL),
(194, '1020184119910219201510085', 'Febri Yulianti', 'Pariaman', '1991-02-19', 'PEREMPUAN', '081282220276', 'default@mail.com', 'Pondok Ungu Permai Blok AD 11  No.2 Rt 02 Rw 10 Bekasi', 1, 20, 10, 4, 5, 6, 1, '1306025902910002', '54.441.924.5-403.000', '50023199531', 'NON PNS', '0.01', '0.0054', '0.057', '0.03', NULL, 'data/foto_pegawai/1020184119910219201510085.jpg', '2015-10-01', NULL, 1, 9, 'KELURAHAN', NULL, '', '', '', '', NULL, NULL, NULL, NULL),
(195, '1020184119930205201510086', 'Furi Widyaningsih', 'Kulon progo', '1993-02-05', 'PEREMPUAN', '081315731461', 'default@mail.com', '-', 1, 20, 16, 4, 4, 6, 1, '3401034502930002', '-', '-', 'NON PNS', '0.01', '0.0054', '0.057', '0.03', NULL, NULL, '2015-10-01', NULL, 1, 1, 'KECAMATAN', NULL, '', '', '', '', NULL, NULL, NULL, NULL),
(196, '1020184119820827200601006', 'Hernita', 'Jakarta', '1970-01-01', 'PEREMPUAN', '081316061710', 'Nitavab@mail.com', 'Jl. Harun I no 71a Rt 007/06 \r\nkel.sukabumi utara kec.kebon jeruk \r\nJakarta barat 11540', 1, 20, 20, 4, 1, 6, 1, '3173056708820002', '893176164035000', '50023168929', 'NON PNS', '0.01', '0.0054', '0.057', '0.03', NULL, 'data/foto_pegawai/1020184119820827200601006.jpg', '2006-01-02', NULL, 1, 2, 'KELURAHAN', NULL, '', '', '', '', NULL, NULL, NULL, NULL),
(197, '1020184119920522201510087', 'Intan Nur Kholifah', 'Bekasi', '1992-05-22', 'PEREMPUAN', '081806512253', 'default@mail.com', 'Jl. Elang 6 No.255 RT 002 RW 004 Kelurahan Mutika Jaya Kecamatan Mustika Jaya Kota Bekasi', 1, 20, 10, 4, 1, 6, 1, '3275116205920006', '741539183432000', '50023199549', 'NON PNS', '0.01', '0.0054', '0.057', '0.03', NULL, 'data/foto_pegawai/1020184119920522201510087.jpg', '2015-10-01', NULL, 1, 9, 'KELURAHAN', NULL, '', '', '', '', NULL, NULL, NULL, NULL),
(198, '1020184119940422201510088', 'Kiki Apriani', 'Jakarta', '1994-04-22', 'PEREMPUAN', '087875075444', 'default@mail.com', 'Jl.tipar cakung rt 002 rw 05 no.19 kel.sukapura kec.cilincing jakarta utara 14140', 1, 20, 20, 4, 3, 6, 1, '-', '-', '-', 'NON PNS', '0.01', '0.0054', '0.057', '0.03', NULL, NULL, '2015-10-01', NULL, 1, 2, 'KELURAHAN', NULL, '', '', '', '', NULL, NULL, NULL, NULL),
(199, '1020184119730410200905013', 'Laelatul Hasanah', 'Subang', '1973-04-10', 'PEREMPUAN', '081310348824', 'default@mail.com', 'Jl hm Sabar no 12 rt 05/01 kelurahan rambutan kecamatan ciracas jakarta timur', 1, 20, 10, 4, 1, 6, 1, '375095004730006', '893176172009000', '52323013894', 'NON PNS', '0.01', '0.0054', '0.057', '0.03', NULL, 'data/foto_pegawai/10201841197304102009050131.jpg', '2009-05-01', NULL, 1, 1, 'KECAMATAN', NULL, '', '', '', '', NULL, NULL, NULL, NULL),
(200, '1020184119920802201510089', 'Mega Pertiwi', 'Cilacap', '1992-08-02', 'PEREMPUAN', '085883503187', 'default@mail.com', 'Karang Anyar Rt 04/Rw 04 Desa Madura, Kec. Wanareja Kab. Cilacap', 1, 20, 21, 4, 3, 6, 1, '3301154208920002', '74.187.093.5-403.000', '50023199581', 'NON PNS', '0.01', '0.0054', '0.057', '0.03', NULL, 'data/foto_pegawai/1020184119920802201510089.jpg', '2015-10-01', NULL, 1, 4, 'KELURAHAN', NULL, '', '', '', '', NULL, NULL, NULL, NULL),
(201, '1020184119910517201510090', 'Meiriza Andarwati', 'Jakarta', '1991-05-17', 'PEREMPUAN', '082112391600', 'default@mail.com', 'Jl. Cempaka Sari 2 No 26 Rt 009 Rw 08 Kelurahan Harapan Mulia Kecamatan Kemayoran. Jakarta Pusat', 1, 20, 10, 4, 1, 6, 1, '3171035705910002', '72.260.324.8-027.000', '500.23.19956.5', 'NON PNS', '0.01', '0.0054', '0.057', '0.03', NULL, 'data/foto_pegawai/10201841199105172015100901.jpg', '2015-10-01', NULL, 1, 9, 'KELURAHAN', NULL, '', '', '', '', NULL, NULL, NULL, NULL),
(202, '1020184119810616201103023', 'Muaina Firdaus', '', '1970-01-01', 'PEREMPUAN', '', 'default@mail.com', '', 1, 20, 24, 4, 5, 6, 1, '', '', '', 'NON PNS', '0.01', '0.0054', '0.057', '0.03', NULL, NULL, '2011-03-10', NULL, 1, 6, 'KELURAHAN', NULL, '', '', '', '', NULL, NULL, NULL, NULL),
(203, '1020184119911213201510091', 'Natalia Feranika Sirait', '', '1970-01-01', 'PEREMPUAN', '', 'default@mail.com', '', NULL, 20, 24, 4, 4, 6, 1, '', '', '', 'NON PNS', '0.01', '0.0054', '0.057', '0.03', NULL, NULL, '2015-10-01', NULL, 1, 6, 'KELURAHAN', NULL, '', '', '', '', NULL, NULL, NULL, NULL),
(204, '1020184119850626201011019', 'Niken Yunita', 'Jakarta', '1986-06-26', 'PEREMPUAN', '081280180078', 'default@mail.com', 'kp.sawah rt 001 rw 003 kelurahan srengseng  sawah kec.jagakarsa jakarta selatan', NULL, 20, 22, 4, 5, 6, 1, '3715056606850010', '259795177009000', '50023169020', 'NON PNS', '0.01', '0.0054', '0.057', '0.03', NULL, NULL, '2010-11-15', NULL, 1, 3, 'KELURAHAN', NULL, '', '', '', '', NULL, NULL, NULL, NULL),
(205, '1020184119860523201510092', 'Ninik Suyanti', 'Mojokerto', '1986-05-23', 'PEREMPUAN', '085213295044', 'default@mail.com', 'Asrama Denzipur 3 Rt/Rw. 008/004 kel.cijantung kec. pasar rebo jakarta timur', NULL, 20, 10, 4, 1, 6, 1, '3276026305860008', '984384321009000', '50623039265', 'NON PNS', '0.01', '0.0054', '0.057', '0.03', NULL, 'data/foto_pegawai/1020184119860523201510092.jpg', '2015-10-01', NULL, 1, 9, 'KELURAHAN', NULL, '', '', '', '', NULL, NULL, NULL, NULL),
(206, '1020184119921123201510093', 'Novika Sari', 'JAKARTA', '1992-11-23', 'PEREMPUAN', '083870776346', 'novikasari.ns@gmail.com', 'Kav. Rawa bugel jl. Jamblang 3 RT 05 RW 04 No. 15, kel. Harapan Jaya, kec. Bekasi Utara', NULL, 20, 23, 4, 1, 6, 1, '3275036311920007', '74.184.838.6-407.000', '50023199492', 'NON PNS', '0.01', '0.0054', '0.057', '0.03', NULL, 'data/foto_pegawai/1020184119921123201510093.jpg', '2015-10-01', NULL, 1, 5, 'KELURAHAN', NULL, '', '', '', '', NULL, NULL, NULL, NULL),
(207, '1020184119940222201510094', 'Nuranjani Baitul Romadona', 'Jakarta', '1994-02-22', 'PEREMPUAN', '081932792649', 'anjani.baitul@gmail.com', 'Jln. Bendungan Melayu No.66, RT 09/05, Kel. Tugu Selatan, Kec. Koja, Jakarta Utara', NULL, 20, 16, NULL, NULL, NULL, NULL, '3172036202940005', '-', '200.20.18322.7', 'NON PNS', '0.01', NULL, NULL, '0.03', NULL, NULL, '2015-10-01', NULL, 0, 1, 'KECAMATAN', NULL, NULL, NULL, NULL, NULL, NULL, NULL, NULL, NULL),
(208, '1020184119820315200811012', 'Rati Sandi Saputra', 'ciamis', '1982-03-30', 'PEREMPUAN', '081296846793', 'default@mail.com', 'jl h hanafi gang masjid nurul iman rt 07/02 kel pondokbambu kec durensawit', NULL, 20, 20, 4, 5, 6, 1, '3175015503820001', '893176230001000', '50023168970', 'NON PNS', '0.01', '0.0054', '0.057', '0.03', NULL, 'data/foto_pegawai/1020184119820315200811012.jpg', '2008-11-03', NULL, 1, 2, 'KELURAHAN', NULL, '', '', '', '', NULL, NULL, NULL, NULL),
(209, '1020184119900915201510095', 'Rissa Dyne Wardhani', 'Bogor', '1990-09-15', 'PEREMPUAN', '085210070093', 'default@mail.com', 'Jl. Raya Bogor KM. 26,5 RT 011/004 NO.37 Ciracas - JAKTIM', 1, 20, 20, 4, 1, 6, 1, '', '74.139.749.1-412.000', '61020016641', 'NON PNS', '0.01', '0.0054', '0.057', '0.03', NULL, 'data/foto_pegawai/1020184119900915201510095.jpg', '2015-10-01', NULL, 1, 2, 'KELURAHAN', NULL, '', '', '', '', NULL, NULL, NULL, NULL),
(210, '1020184119851205201104027', 'Ronika Natalia Saragi', 'TIGARAJA', '1985-12-05', 'PEREMPUAN', '081280399766', 'default@mail.com', 'CAWANG III JL.LETJEND SUTOYO NO.5 RT.006 RW.007\r\nKEL.KEBON PALA KEC.MAKASAR', NULL, 20, 10, 4, 5, 6, 1, '1055014512851008', '-', '500231691191', 'NON PNS', '0.01', '0.0054', '0.057', '0.03', NULL, 'data/foto_pegawai/10201841198512052011040271.jpg', '2011-04-01', NULL, 1, 9, 'KELURAHAN', NULL, '', '', '', '', NULL, NULL, NULL, NULL),
(211, '1020184119880910201304049', 'Sariana Rolinsana Manalu', 'jakarta ', '1986-09-10', 'PEREMPUAN', '085319990841', 'linsamanalu@gmail.com', 'Jl. rawa badung rt 006 rw 007 no. 198 kelurahan : jatinegara  , kecamatan : cakung  , jakarta timur 13930', 2, 20, 22, 4, 1, 6, 1, '3175065009860027', '', '50023169372', 'NON PNS', '0.01', '0.0054', '0.057', '0.03', NULL, NULL, '2013-04-08', NULL, 1, 3, 'KELURAHAN', NULL, '', '', '', 'Amd,Keb', NULL, NULL, NULL, NULL),
(212, '1020184119930501201510096', 'Shella Virginia', 'Jakarta', '1993-05-01', 'PEREMPUAN', '082255222881', 'default@mail.com', 'Permata Hijau Permai blok I no 6 RT/RW 04/020, Kel Kali Abang Tengah, Kec Bekasi Utara, Kota Bekasi', 1, 20, 10, 4, 1, 6, 1, '3275034105930018', '73.686.729.2-407.000', '50020230216', 'NON PNS', '0.01', '0.0054', '0.057', '0.03', NULL, 'data/foto_pegawai/1020184119930501201510096.jpg', '2015-10-01', NULL, 1, 9, 'KELURAHAN', NULL, '', '', '', '', NULL, NULL, NULL, NULL),
(213, '1020184119800204200704009', 'Tri Isnani', 'jakarta', '1980-02-04', 'PEREMPUAN', '', 'tri.isnani04@gmail.com', '', 1, 20, 25, 4, 5, 6, 1, '', '', '', 'NON PNS', '0.01', '0.0054', '0.057', '0.03', NULL, NULL, '2007-04-02', '1970-01-01', 1, 7, 'KELURAHAN', NULL, '', '', '', '', NULL, NULL, NULL, NULL),
(214, '1020184119890125201304040', 'Wahyu Tri Wulandari', 'Boyolali', '1989-01-25', 'PEREMPUAN', '082122702136', 'default@mail.com', 'Asrama Yonkav 7 RT.001/006 Kelurahan Baru, Pasar Rebo, Jakarta Timur', 1, 20, 21, 4, 1, 6, 1, '3309046501890003', '55.593.336.5-009.000', '500.23.16927.5', 'NON PNS', '0.01', '0.0054', '0.057', '0.03', NULL, 'data/foto_pegawai/1020184119890125201304040.jpg', '2013-04-01', NULL, 1, 4, 'KELURAHAN', NULL, '', '', '', '', NULL, NULL, NULL, NULL),
(215, '1020184119840215200705008', 'Windy Hendriani', 'jakarta ', '1984-02-15', 'PEREMPUAN', '081210787139', 'windyhendriani.wh@gmail.com', '', 1, 20, 10, 4, 4, 6, 1, '3173075502840006', '893176156031000', '500005020', 'NON PNS', '0.01', '0.0054', '0.057', '0.03', NULL, 'data/foto_pegawai/1020184119840215200705008.jpg', '2007-05-01', '1970-01-01', 1, 9, 'SHIFT', NULL, '', '', '', '', NULL, NULL, NULL, NULL),
(216, '1020184119900204201510097', 'Winna Puspitasariningrum', 'Jakarta', '1990-02-04', 'PEREMPUAN', '087787021070', 'default@mail.com', 'Jl. Anggrek No. 2 Rt 007/ Rw 025 Kp. Baru\r\nKaliabang Tengah. Bekasi Utara', 1, 20, 14, 4, 3, 6, 1, '3275034402900012', '70.213.671.4-407.000', '50023199506', 'NON PNS', '0.01', '0.0054', '0.057', '0.03', NULL, 'data/foto_pegawai/1020184119900204201510097.jpg', '2015-10-01', NULL, 1, 1, 'KECAMATAN', NULL, '', '', '', 'AM.Keb', NULL, NULL, NULL, NULL),
(217, '1020184119840914201103022', 'Wiwit Rahayu', 'jakarta', '1984-09-14', 'PEREMPUAN', '02122801550/ 081398284501', 'default@mail.com', 'jl.sumur jambu II no.50 Rt/Rw. 007/05 kel. makasar kec. makasar jakarta timur', 1, 20, 10, 4, 5, 6, 1, '3175085409840008', '251238218005000', '50023169062', 'NON PNS', '0.01', '0.0054', '0.057', '0.03', NULL, 'data/foto_pegawai/1020184119840914201103022.jpg', '2011-03-01', NULL, 1, 9, 'KELURAHAN', NULL, '', '', '', 'AM.Keb', NULL, NULL, NULL, NULL),
(218, '1020184119910121201510098', 'Yari Suni Fauziah', 'Bangun Rejo', '1991-01-21', 'PEREMPUAN', '085783887205', 'default@mail.com', 'KP GINTUNG RT 03 RW 08 KEL CIREUNDEU KEC CIPUTAT TIMUR TANGERANG SELATAN ', 1, 20, 21, 4, 3, 6, 1, '1805116101910009', '709180186017000', '50020300397', 'NON PNS', '0.01', '0.0054', '0.057', '0.03', NULL, 'data/foto_pegawai/1020184119910121201510098.jpg', '2015-10-01', NULL, 1, 4, 'KELURAHAN', NULL, '', '', '', '', NULL, NULL, NULL, NULL),
(219, '1020184119770717201304048', 'Yuli Rini', '', '1970-01-01', 'PEREMPUAN', '', 'default@mail.com', '', NULL, 20, 21, 4, 1, 6, 1, '', '', '', 'NON PNS', '0.01', '0.0054', '0.057', '0.03', NULL, NULL, '2013-04-08', NULL, 1, 4, 'KELURAHAN', NULL, '', '', '', '', NULL, NULL, NULL, NULL),
(220, '1020184119910411201605137', 'Misrah Kiranawati', 'Kefamenanu', '1991-04-11', 'PEREMPUAN', '085396774336', 'default@mail.com', 'jalan boulevard hijau blok c2 no 51 Rt 009 rw 024  kelurahan pejuang kecamatan medan satria harapan indah bekasi', 1, 20, 10, 4, 4, 6, 1, '5315055104910006', '760302513427000', '53920000739', 'NON PNS', '0.01', '0.0054', '0.057', '0.03', NULL, 'data/foto_pegawai/10201841199104112016051371.jpg', '2016-05-01', NULL, 1, 9, 'KELURAHAN', NULL, '', '', '', '', NULL, NULL, NULL, NULL),
(221, '1020184119931007201605138', 'Nurry Oktaviyana', '-', '1993-10-07', 'PEREMPUAN', '-', 'default@mail.com', '-', NULL, 20, 22, 4, 3, 6, 1, '-', '-', '-', 'NON PNS', '0.01', '0.0054', '0.057', '0.03', NULL, NULL, '2016-05-01', NULL, 1, 3, 'KELURAHAN', NULL, '', '', '', '', NULL, NULL, NULL, NULL),
(222, '1020184119940907201708159', 'Sri Shanti Wahyuni', '', '1970-01-01', 'PEREMPUAN', '', 'srishantiwahyuni94@gmail.com', '', 1, 21, 19, 4, 4, 6, 1, '', '', '', 'NON PNS', '0.01', '0.0054', '0.057', '0.03', NULL, NULL, '2017-08-01', NULL, 0, 1, 'KECAMATAN', NULL, '', '', '', '', NULL, NULL, NULL, NULL),
(223, '1020184119950102201712161', 'Elyana Agatia', '', '1970-01-01', 'PEREMPUAN', '', 'default@mail.com', '', NULL, 21, 19, NULL, NULL, NULL, NULL, '', '', '', 'NON PNS', '0.01', NULL, NULL, '0.03', NULL, NULL, '2017-12-11', NULL, 0, 1, 'KECAMATAN', NULL, NULL, NULL, NULL, NULL, NULL, NULL, NULL, NULL),
(224, '1020184119941014201712162', 'Larasati Wijayanti', 'Jakarta', '1994-10-14', 'PEREMPUAN', '085714989866 / 087889242085', 'larasati.wj@gmail.com', 'Jl Gandaria II RT 008 /02 No 83 Pekayon Pasar Rebo Jakarta Timur 13710', 1, 21, 19, 4, 3, 6, 1, '3175055410940001', '808202154009000', '50020292998', 'NON PNS', '0.01', '0.0054', '0.057', '0.03', NULL, NULL, '2017-12-11', NULL, 1, 1, 'KECAMATAN', NULL, '', '', '', '', NULL, NULL, NULL, NULL),
(225, '1020184119960903201712163', 'Nurina Listya Paramitha', '', '1970-01-01', 'PEREMPUAN', '', 'default@mail.com', '', 1, 21, 19, 4, 1, 6, 1, '', '', '', 'NON PNS', '0.01', '0.0054', '0.057', '0.03', NULL, NULL, '2017-12-11', NULL, 1, 1, 'KECAMATAN', NULL, '', '', '', '', NULL, NULL, NULL, NULL),
(226, '1020184119911126201303037', 'Nurma Sulistyani', 'jakarta', '1991-11-26', 'PEREMPUAN', '082157194747', 'nurma.tyani.cunha@gmail.com', 'kp. pisangan rt 003/03 no 25 kelurahan Penggilingan, kecamatan Cakung. JAKTIM 13940', 1, 22, 17, 4, 5, 6, 1, '3175066611910009', '09.452.589.6-004.000', '50023169216', 'NON PNS', '0.01', '0.0054', '0.057', '0.03', NULL, NULL, '2013-03-01', NULL, 1, 1, 'KECAMATAN', NULL, '', '', '', '', NULL, NULL, NULL, NULL),
(227, '1020184119830404201605139', 'Ai Faridatunnisa', 'Tasikmalaya', '1983-04-04', 'PEREMPUAN', '083871765329', 'default@mail.com', 'Bumi Dirgantara Permai Jl.Kakatua CF 47 Rt 10 Rw 11 Jatisari Jatiasih Bekasi 17426', NULL, 22, 17, 4, 1, 6, 1, '3275094404830014', '72.098.070.5-432.000', '-', 'NON PNS', '0.01', '0.0054', '0.057', '0.03', NULL, 'data/foto_pegawai/1020184119830404201605139.jpg', '2016-05-01', NULL, 1, 1, 'KECAMATAN', NULL, '', '', '', '', NULL, NULL, NULL, NULL),
(228, '1020184119940714201605140', 'Ayu Fatonah', 'bekasi', '1994-07-14', 'PEREMPUAN', '021-88956439/ 085714166928', 'ayufatonah14@gmail.com', 'jl banteng 004/014 No.39 Gg.swadaya 1, Kranji-Bekasi Barat, Kota Bekasi, Jawa Barat', 1, 22, 17, 4, 4, 6, 1, '3275025407940011', '74.200.949.1-427.000', '53920000917', 'NON PNS', '0.01', '0.0054', '0.057', '0.03', NULL, 'data/foto_pegawai/1020184119940714201605140.jpg', '2016-05-01', NULL, 1, 1, 'KECAMATAN', NULL, '', '', '', '', NULL, NULL, NULL, NULL),
(229, '1020184119921113201605141', 'Khoirunnisa Eka Novitasari', 'Bekasi', '1992-11-13', 'PEREMPUAN', '082260777171', 'default@mail.com', 'Jl. Cipinang Baru Bunder Rt. 13 Rw.18 No.30', 1, 22, 17, 4, 4, 6, 1, '3175025311920002', '70.064.754.8-003.000', '42820002942', 'NON PNS', '0.01', '0.0054', '0.057', '0.03', NULL, NULL, '2016-05-01', NULL, 1, 1, 'KECAMATAN', NULL, '', '', '', '', NULL, NULL, NULL, NULL),
(230, '1020184119870326201605142', 'Misry Susantry Marpaung', 'Pangkalan Susu', '1987-03-26', 'PEREMPUAN', '081210833280', 'misrysusantrym@yahoo.com', '-', 2, 22, 17, 4, 4, 6, 1, '1205156603870002', '-', '-', 'NON PNS', '0.01', '0.0054', '0.057', '0.03', NULL, '', '2016-05-01', NULL, 1, 1, 'KECAMATAN', NULL, '', '', '', '', NULL, NULL, NULL, NULL),
(231, '1020184119930205201712164', 'Tri Sukmaningrum', 'Cilacap', '1970-01-01', 'PEREMPUAN', '0895333455727', 'default@mail.com', 'jl. h. amsir no.36, sunter jaya, tanjung priok, jakarta utara', NULL, 22, 17, 4, 1, 6, 1, '3301214502930002', '75.494.238.1-009.000', '203200285611', 'PNS', '0.01', '0.0054', '0.057', '0.03', NULL, 'data/foto_pegawai/1020184119930205201712164.jpg', '2021-03-01', '1970-01-01', 1, 1, 'KECAMATAN', NULL, '', '', '', '', NULL, NULL, NULL, NULL),
(232, '1020184119940704201708156', 'Adnan Rachman', 'Jakarta', '1994-07-04', 'LAKI-LAKI', '-087777587555', 'myozehn@gmail.com', '-', 1, 23, 20, 4, 3, 6, 2, '-3175020407940008', '-82.530.731.7-003.000', '-', 'NON PNS', '0.01', '0.0054', '0.057', '0.03', NULL, NULL, '2017-08-01', NULL, 1, 2, 'KELURAHAN', NULL, '', '', '', '', NULL, NULL, NULL, NULL),
(233, '1020184119950726201708157', 'Radita', '', '1970-01-01', 'PEREMPUAN', '', 'default@mail.com', '', 1, 23, 21, 4, 1, 6, 1, '', '', '', 'NON PNS', '0.01', '0.0054', '0.057', '0.03', NULL, NULL, '2017-08-01', NULL, 1, 4, 'KELURAHAN', NULL, '', '', '', '', NULL, NULL, NULL, NULL),
(234, '1020184119940824201708158', 'Risya Nurrizky', 'Jakarta', '1994-08-24', 'PEREMPUAN', '08980426211', 'risyanurrizky4@gmail.com', 'Jl KH Maisin Kp Bulak Rt 006/015 nomor 33 klender jakarta timur', 1, 23, 18, 4, 1, 6, 1, '-', '-', '-', 'NON PNS', '0.01', '0.0054', '0.057', '0.03', NULL, NULL, '2017-08-01', NULL, 1, 1, 'KECAMATAN', NULL, '', '', '', '', NULL, NULL, NULL, NULL),
(235, '1020184119930113201605143', 'Budi Hartanto', 'bengkulu', '1993-01-12', 'LAKI-LAKI', '', 'inibudi458@gmail.com', '', 1, 24, 8, 4, 1, 6, 1, '', '', '', 'NON PNS', '0.01', '0.0054', '0.057', '0.03', NULL, NULL, '2016-05-01', NULL, 1, 1, 'KECAMATAN', NULL, '', '', '', 'A.Md RMIK', NULL, NULL, NULL, NULL),
(236, '1020184119911029201403061', 'Santi Rosmiyati', 'Jakarta', '1991-10-29', 'PEREMPUAN', '081385241898', 'santirosmiyati29@gmail.com', 'jl. biak dalam no.28 rt.001 rw.06 kel.cideng kec.gambir jak-pus 10150', 1, 25, 11, 4, 4, 6, 1, '3171.0169.1091.0002', '66.686.605.8-001.000', '50623032431', 'NON PNS', '0.01', '0.0054', '0.057', '0.03', NULL, 'data/foto_pegawai/1020184119911029201403061.jpg', '2014-03-01', NULL, 1, 1, 'KECAMATAN', NULL, '', '', '', '', NULL, NULL, NULL, NULL),
(237, '1020184119910919201801165', 'Dimas Wirawan Wicaksono', 'Jakarta', '1991-09-19', 'LAKI-LAKI', '082134700721', 'dimaswirawan@gmail.com', 'Jl. H. Rijin No. 89 RT 001/09, Jatimakmur, Pondok Gede, Bekasi', 1, 15, 15, 6, 4, 4, 3, '3275081909910025', '73.063.217.1-542.000', '51220126862', 'NON PNS', '0.01', '0.0054', '0.057', '0.03', NULL, 'data/foto_pegawai/1020184119910919201801165.png', '2018-01-03', NULL, 0, 1, 'KECAMATAN', NULL, '', '', 'dr', '', NULL, NULL, NULL, NULL),
(238, '1020184119901227201801166', 'Rahayu Afiah Surur', 'Jakarta', '1990-12-27', 'PEREMPUAN', '', 'rahayu@gmail.com', '', NULL, 15, 2, NULL, NULL, NULL, NULL, '', '', '', 'NON PNS', '0.01', NULL, NULL, '0.03', 27, '', '1970-01-01', NULL, 0, 1, 'KECAMATAN', NULL, NULL, NULL, NULL, NULL, NULL, NULL, NULL, NULL),
(239, '1020184119900623201802167', 'Arif Nurmansyah', 'Jakarta', '1990-06-23', 'LAKI-LAKI', '-', 'arifnurmansyah59@yahoo.com', '-', 1, 7, 37, 5, 4, 8, 3, '-', '-', '-', 'NON PNS', '0.01', '0.0054', '0.057', '0.03', NULL, 'data/foto_pegawai/10201841199006232018021671.jpg', '2018-02-01', '1970-01-01', 1, 1, 'KECAMATAN', NULL, '', '', '', '', NULL, NULL, NULL, NULL),
(240, '1020184119950719201804168', 'Fani Yonanda', '', '1995-07-19', 'PEREMPUAN', '', 'default@mail.com', '', 1, 21, 19, 4, 1, 6, 1, '', '', '', 'NON PNS', '0.01', '0.0054', '0.057', '0.03', NULL, '', '2018-04-03', NULL, 0, 1, 'KECAMATAN', NULL, '', '', '', '', NULL, NULL, NULL, NULL),
(241, '1020184119960221201804169', 'Febri Fitriyanti', '', '1970-01-01', 'PEREMPUAN', '', 'default@mail.com', '', 1, 20, 16, 4, 1, 6, 1, '', '', '', 'NON PNS', '0.01', '0.0054', '0.057', '0.03', NULL, '', '2018-04-03', NULL, 1, 1, 'KECAMATAN', NULL, '', '', '', '', NULL, NULL, NULL, NULL),
(242, '1020184119940817201804170', 'Irma Agustina', 'Jakarta', '1994-08-17', 'PEREMPUAN', '085782526390', 'irma.agustina17@gmail.com', '-', 1, 22, 17, 4, 1, 6, 1, '-', '-', '-', 'NON PNS', '0.01', '0.0054', '0.057', '0.03', NULL, '', '2018-04-03', NULL, 0, 1, 'KECAMATAN', NULL, '', '', '', '', NULL, NULL, NULL, NULL),
(243, '1020184119950606201804171', 'Eka Nurrizqi Zulfan Diary', '-', '1995-06-06', 'PEREMPUAN', '-', 'default@mail.com', '-', 1, 20, 27, 4, 1, 6, 1, '-', '-', '-', 'NON PNS', '0.01', '0.0054', '0.057', '0.03', NULL, '', '2018-04-03', NULL, 1, 1, 'KECAMATAN', NULL, '', '', '', '', NULL, NULL, NULL, NULL),
(244, '1020184119881019201804172', 'Earlene', 'jakarta', '1988-10-19', 'PEREMPUAN', '082121539977', 'earlene_88@yahoo.com', 'jalan sekip no 23 B', NULL, 15, 1, 6, 4, 4, 1, '3175035910880005', '55.880.964.6-002.000', '506.23.05500.7', 'NON PNS', '0.01', '0.0054', '0.057', '0.03', NULL, '', '2018-04-06', NULL, 1, 1, 'KECAMATAN', NULL, '', '', 'dr', '', NULL, NULL, NULL, NULL),
(245, '1020184119960222201804173', 'Fiqri Puji Utomo', 'Jakarta', '1996-02-22', 'PEREMPUAN', '081380781294', 'fiqripuji@gmail.com', 'Jl. Tirta Melati I Blok 31 No 54 RT 06 RW 03, Kec. Sukmajaya Kel. Abadijaya Depok Timur', 1, 17, 3, 4, 1, 6, 1, '3276052202960001', '810094326412000', '50623055066', 'NON PNS', '0.01', '0.0054', '0.057', '0.03', NULL, 'data/foto_pegawai/1020184119960222201804173.jpg', '2018-04-03', NULL, 1, 1, 'KECAMATAN', NULL, '', '', '', '', NULL, NULL, NULL, NULL),
(246, '1020184119960731201804174', 'Fatika Indah Nuraini', 'Surakarta', '1996-07-31', 'PEREMPUAN', '-', 'fatifatika8@gmail.com', '-', 1, 22, 17, 4, 1, 6, 1, '-', '-', '-', 'NON PNS', '0.01', '0.0054', '0.057', '0.03', NULL, '', '2018-04-03', NULL, 1, 1, 'KECAMATAN', NULL, '', '', '', '', NULL, NULL, NULL, NULL),
(247, '1020184119930304201804175', 'Thiara Yoestiti', 'Bekasi', '1993-03-04', 'PEREMPUAN', '089691986686', 'default@mail.com', 'kp.legon rt 002/004 kel.jatimulya tambun-bekasi', 1, 19, 5, 4, 1, 6, 1, '3216064403930020', '-', '-', 'NON PNS', '0.01', '0.0054', '0.057', '0.03', NULL, '', '2018-04-03', NULL, 1, 1, 'KECAMATAN', NULL, '', '', '', '', NULL, NULL, NULL, NULL),
(248, '1020184119960529201804176', 'Kartika Sita Dewi', 'BEKASI', '1970-01-01', 'PEREMPUAN', '081298084141', 'default@mail.com', 'TAMBUN SELATAN,BEKASI.', 1, 20, 23, 4, 1, 6, 1, '3216066905960005', '84.366.146.3-435.000', '50623054965', 'NON PNS', '0.01', '0.0054', '0.057', '0.03', NULL, '', '2018-04-03', '1970-01-01', 1, 5, 'SHIFT', NULL, '', '', '', '', NULL, NULL, NULL, NULL),
(249, '1020184119960923201804177', 'Ayu Ditya Ekawati', 'Banyumas', '1996-09-23', 'PEREMPUAN', '082183154858', 'ekatiwiiw@gmail.com', 'Pondok Ungu Permai Sektor V Blok R6 N0.3 RT/RW 005/029 kel.Bahagia, Kec. Babelan, Kab. Bekasi', 1, 20, 22, 4, 1, 6, 1, '3216026309960007', '84.423.544.0-435.000', '506.23.05495.7', 'NON PNS', '0.01', '0.0054', '0.057', '0.03', NULL, 'data/foto_pegawai/1020184119960923201804177.jpg', '2018-04-03', NULL, 1, 3, 'KELURAHAN', NULL, '', '', '', '', NULL, NULL, NULL, NULL),
(250, '1020184119960222201804178', 'Khantsa Rabbani Akbar', '', '1970-01-01', 'PEREMPUAN', '', 'default@mail.com', '', 1, 21, 19, 4, 1, 6, 1, '', '', '', 'NON PNS', '0.01', '0.0054', '0.057', '0.03', NULL, '', '2018-04-03', NULL, 1, 1, 'KECAMATAN', NULL, '', '', '', '', NULL, NULL, NULL, NULL),
(251, '1020184119941211201804179', 'Dessy Indah Pratiwi', 'KUNINGAN', '1994-12-11', 'PEREMPUAN', '082210258686', 'dessy.indah11@ymail.com', 'JL. PADI V NO 80 RT 001/029, KALIABANG TENGAH, BEKASI UTARA, BEKASI', 1, 20, 10, 4, 1, 6, 1, '-', '-', '-', 'NON PNS', '0.01', '0.0054', '0.057', '0.03', NULL, '', '2018-04-03', NULL, 1, 9, 'SHIFT', NULL, '', '', '', '', NULL, NULL, NULL, NULL),
(252, '1020184119920503201804180', 'Fakhrurrozy Nasron', 'Pekanbaru', '1992-05-03', 'LAKI-LAKI', '081805787737', 'ojiknasron@ymail.com', 'Jalan Ahmad Yani no.145B/23 Pekanbaru', 1, 15, 12, 6, 1, 4, 1, '1471020305920001', '76.600.747.0-211.000', '506.23.05532.5', 'NON PNS', '0.01', '0.0054', '0.057', '0.03', NULL, 'data/foto_pegawai/1020184119920503201804180.jpg', '2018-04-03', NULL, 1, 1, 'KECAMATAN', NULL, '', '', 'dr', '', NULL, NULL, NULL, NULL),
(253, '1020184119920127201804181', 'Dhea Rachmawati', 'Jakarta ', '1992-01-27', 'PEREMPUAN', '081908844669', 'dheararara@gmail.com', 'Jalan Asoka 4, RT 007/RW 04 No. 37, Cipinang, Jakarta Timur (Kode Pos: 13240)', 1, 15, 27, 6, 1, 4, 1, '3175026701920008', '75.600.059.2-003.000', '506.23.05503.1', 'NON PNS', '0.01', '0.0054', '0.057', '0.03', NULL, 'data/foto_pegawai/1020184119920127201804181.png', '2018-04-03', NULL, 1, 1, 'KECAMATAN', NULL, '', '', 'dr', '', NULL, NULL, NULL, NULL);
INSERT INTO `m_pegawai` (`id_pegawai`, `nip`, `nama_pegawai`, `tempat_lahir`, `tgl_lahir`, `jenis_kelamin`, `no_tlp`, `email`, `alamat`, `agama`, `jabatan`, `bagian`, `pendidikan`, `status`, `rumpun`, `pajak`, `no_ktp`, `npwp`, `norek_dki`, `status_pns`, `bpjs_ks`, `bpjs_jkk`, `bpjs_ijht`, `bpjs_jp`, `pj_cuti`, `foto_url`, `tgl_masuk`, `tmt_gaji`, `is_active`, `tempat_tugas`, `tempat_tugas_ket`, `shift_status`, `golongan`, `nrk`, `gelar_depan`, `gelar_belakang`, `created_by`, `created_date`, `updated_by`, `updated_date`) VALUES
(254, '1020184119910204201804182', 'Zia Ulhag', 'Jakarta ', '1991-02-04', 'LAKI-LAKI', '0218573816 / 08128828980', 'ziaulhag@yahoo.com', 'jl. permata 2 9/8 no32. kampung melayu jatinegara jakarta timur 13320', 1, 15, 15, 6, 4, 4, 3, '3175030402910003', '74.142.697.7-002.000', '506.23.05499.0', 'NON PNS', '0.01', '0.0054', '0.057', '0.03', NULL, 'data/foto_pegawai/1020184119910204201804182.jpg', '2018-04-03', NULL, 1, 1, 'KECAMATAN', NULL, '', '', 'dr', '', NULL, NULL, NULL, NULL),
(255, '1020184119780620201804183', 'Erni', 'lampung', '1978-06-20', 'PEREMPUAN', '082125405532', 'default@mail.com', 'jl tanggul gg amir no 6 rt 001/07 jatipulo palmerah jakarta barat', 1, 16, 24, 6, 1, 4, 1, '3674066006780021', '09.319.682.2-411.000', '425.20.02380.5', 'NON PNS', '0.01', '0.0054', '0.057', '0.03', NULL, '', '2018-04-03', NULL, 1, 6, 'KELURAHAN', NULL, '', '', 'drg', '', NULL, NULL, NULL, NULL),
(256, '1020184119960626201804184', 'Dewi Rachmawati', 'Jakarta', '1996-06-26', 'PEREMPUAN', '-', 'default@mail.com', '-', 1, 17, 3, 4, 1, 6, 1, '-', '-', '-', 'NON PNS', '0.01', '0.0054', '0.057', '0.03', NULL, '', '2018-04-13', NULL, 1, 1, 'KECAMATAN', NULL, '', '', '', '', NULL, NULL, NULL, NULL),
(257, '1020184119921124201805186', 'Asri Paramytha Supriyandini', 'Jakarta', '1992-11-24', 'PEREMPUAN', '081297032840', 'asriparamythas@gmail.com', 'Jalan Kelapa Sawit 8 L1 NO 4', 1, 15, 2, 6, 1, 4, 1, '3175076411920008', '76.540.626.9-008.000', '50020302209', 'NON PNS', '0.01', '0.0054', '0.057', '0.03', NULL, 'data/foto_pegawai/1020184119921124201805186.jpg', '2018-05-08', NULL, 1, 8, 'SHIFT', NULL, '', '', 'dr', '', NULL, NULL, NULL, NULL),
(258, '1020184119950815201805187', 'Nailatul Fadila', 'bukittinggi', '1995-08-15', 'PEREMPUAN', '082384079455', 'default@mail.com', 'jl kelapa muda IV blok J No.5 RT.08 RW.07 Tugu utara kecamatan koja jakarta utara', 1, 19, 5, 4, 3, 6, 1, '-', '-', '-', 'PNS', '0.01', '0.0054', '0.057', '0.03', NULL, '', '2021-03-01', '1970-01-01', 1, 1, 'KECAMATAN', NULL, '', '', '', '', NULL, NULL, NULL, NULL),
(259, '1020184119920616201805185', 'Ayu Zuraya', 'Jakarta', '1992-06-16', 'PEREMPUAN', '082298199942', 'zu.raya@yahoo.com', 'Jln. KH Syafii Hadzami Gg. Irekad RT 007/06 No.49, Gandaria. Kebayoran Lama Utara - Jakarta Selatan 12240', 1, 16, 23, 6, 1, 4, 1, '3174055606920001', '847474947013000', '', 'NON PNS', '0.01', '0.0054', '0.057', '0.03', NULL, 'data/foto_pegawai/10201841199206162018051851.jpg', '2018-05-04', '1970-01-01', 1, 5, 'KELURAHAN', NULL, '', '', 'drg', '', NULL, NULL, NULL, NULL),
(260, '1020184119930627201805188', 'Rengga Prima Rachim', 'Bogor', '1993-06-27', 'LAKI-LAKI', '081290118820', 'renggaprima.r27@gmail.com', 'Kp. Pabuaran RT 05 / RW 02 No. 94, Kel. Cimandala, Kec. Sukaraja, Kab. Bogor, Jawa Barat\r\n16710', 1, 18, 12, 4, 1, 6, 1, '3201042706930002', '84.875.147.5-403.000', '50620053739', 'NON PNS', '0.01', '0.0054', '0.057', '0.03', NULL, 'data/foto_pegawai/1020184119930627201805188.jpg', '2018-05-08', NULL, 0, 1, 'KECAMATAN', NULL, '', '', '', 'A.Md.Kep', NULL, NULL, NULL, NULL),
(261, '1020184119911025201805189', 'Kety Hasanah', 'jakarta', '1991-10-25', 'PEREMPUAN', '081325880346', 'default@mail.com', 'jalan kincir raya rt 003 rw 06 n0. 40 cengkareng timur kecamatan cengkareng jakarta timur 11730', 1, 18, 1, 4, 4, 6, 1, '3173016510910002', '', '', 'NON PNS', '0.01', '0.0054', '0.057', '0.03', NULL, '', '2018-05-08', NULL, 1, 1, 'KECAMATAN', NULL, '', '', '', '', NULL, NULL, NULL, NULL),
(262, '1020184119940522201806190', 'Merry Veronika', 'Bandung', '1994-05-22', 'PEREMPUAN', '082122438822', 'default@mail.com', 'Jalan Cipinang Baru Raya Asrama Sat-Sik POLRI I/10 008/06 Cipinang Pulogadung 13240 Jakarta Timur', 2, 28, 29, 4, 1, 6, 1, '3175026205940003', '817421571003000', '15320045210', 'NON PNS', '0.01', NULL, NULL, '0.03', NULL, 'data/foto_pegawai/1020184119940522201806190.jpg', '2018-06-04', NULL, 1, 1, 'KECAMATAN', NULL, '', '', '', 'Amd. Ft', NULL, NULL, NULL, NULL),
(263, '1020184119870226201806191', 'Muhammad Ari Wibowo', 'Dili', '1987-02-26', 'LAKI-LAKI', '082111390525', 'ari_schatz@yahoo.com', '-', 1, 31, 14, 6, 3, 4, 2, '3175092602870008', '256307158009000', '50220298291', 'NON PNS', '0.01', '0.0054', '0.057', '0.03', NULL, 'data/foto_pegawai/1020184119870226201806191.JPG', '2018-06-04', NULL, 1, 1, 'KECAMATAN', NULL, '', '', '', '', NULL, NULL, NULL, NULL),
(264, '1020184119900903201806192', 'Renti Nurma Gupita', 'Jakarta', '1990-09-03', 'PEREMPUAN', '085693978156', 'rentygupitarg@gmail.com', 'JL RAYA CENTEX RT 002 RW 010 NO 31 D KEL.CIRACAS KEC.CIRACAS JAKARTA TIMUR 13740', 1, 22, 17, 4, 1, 6, 1, '3175094309900002', '571580521009000', '-', 'NON PNS', '0.01', '0.0054', '0.057', '0.03', NULL, 'data/foto_pegawai/10201841199009032018061921.jpg', '2018-06-04', NULL, 1, 1, 'KECAMATAN', NULL, '', '', '', '', NULL, NULL, NULL, NULL),
(265, '1020184119920225201808193', 'Nita Nurmala', 'Jakarta', '1992-02-25', 'PEREMPUAN', '081286154101', 'nurmalanita2204@gmail.com', 'jl vini vidi vici , jakarta timur', 1, 18, 15, 4, 4, 6, 1, '3175096502920000', '98.157.273.8.009.000', '539 2305036.2', 'NON PNS', '0.01', '0.0054', '0.057', '0.03', NULL, '', '2018-08-01', NULL, 1, 1, 'KECAMATAN', NULL, '', '', '', '', NULL, NULL, NULL, NULL),
(266, '1020184119950708201808194', 'Laili Hayati', 'JEPARA', '1995-07-08', 'PEREMPUAN', '081284518601', 'lailihayati26@gmail.com', 'DK. JERUK REJO RT 01/RW07 DESA BANYUMANIS, KECAMATAN  DONOROJO, KABUPATEN JEPARA ', 1, 18, 13, 4, 1, 6, 1, '3320164807950002', '802420869516000', '53920006745', 'NON PNS', '0.01', '0.0054', '0.057', '0.03', NULL, 'data/foto_pegawai/1020184119950708201808194.jpg', '2018-08-13', NULL, 1, 1, 'KECAMATAN', NULL, '', '', '', '', NULL, NULL, NULL, NULL),
(267, '197407072014081002', 'Al Ashar', '', '1970-01-01', 'LAKI-LAKI', '', 'default@mail.com', '', NULL, NULL, 6, NULL, NULL, NULL, NULL, '', '', '', 'PNS', NULL, NULL, NULL, NULL, NULL, '', '2019-01-02', NULL, 1, 1, 'KECAMATAN', NULL, NULL, NULL, NULL, NULL, NULL, NULL, NULL, NULL),
(268, '196111061988022001', 'Angliana Dianawati', '', '1970-01-01', 'PEREMPUAN', '', 'default@mail.com', '', NULL, 15, 16, NULL, NULL, NULL, NULL, '', '', '', 'PNS', '0.02', '0.0054', '0.057', NULL, NULL, '', '2018-12-17', NULL, 1, 1, 'KECAMATAN', NULL, '', '', 'dr', '', NULL, NULL, NULL, NULL),
(269, '1020184119860626201901195', 'MARADONA', 'JAKARTA', '1986-06-25', 'LAKI-LAKI', '081380607668', 'diegomaradona244@gmail.com', 'Jalan Cipinang Ciracas RT 015 RW 004 No 35 Ciracas Jakarta Timur', 1, 9, 9, 3, 1, 10, 1, '3276102505860003', '739732113412000', '51323141003', 'NON PNS', '0.01', '0.0054', '0.057', '0.03', NULL, '', '2019-01-01', NULL, 1, 1, 'KECAMATAN', NULL, '', '', '', '', NULL, NULL, NULL, NULL),
(270, '1020184119930526201902196', 'Melinda Anzani Putri', 'Jakarta', '1993-05-26', 'PEREMPUAN', '0877874523952', 'melindanzaniputri@yahoo.com', 'Jl. Taman Malaka Barat BLK E10/1A RT 001 RW 009 Kel Malaka Sari Kec Duren Sawit', 1, 15, 2, 6, 1, 4, 1, '3175076605930001', '82.614.899.1-008.000', '-', 'NON PNS', '0.01', '0.0054', '0.057', '0.03', NULL, '', '2019-02-18', NULL, 1, 8, 'KELURAHAN', NULL, '', '', '', '', NULL, NULL, NULL, NULL),
(271, '1020184119951029201902197', 'Oktavia Rianti', '', '1995-10-29', 'PEREMPUAN', '089637011836', 'oktavia112129@gmail.com', 'Jalan Anyar Desa Leuwinutug RT 005 RW 001 No 39 Citereup Bogor', 1, 21, 19, 4, 1, 6, 1, '3201036910950004', '', '', 'NON PNS', '0.01', '0.0054', '0.057', '0.03', NULL, '', '2019-02-18', NULL, 1, 1, 'KECAMATAN', NULL, '', '', '', '', NULL, NULL, NULL, NULL),
(272, '1020184119950803201903198', 'Chaerunisa', 'Jakarta', '1995-08-03', 'PEREMPUAN', '082122645686', 'chaerunisamaulidantika@gmail.com', 'perumahan bogor asri blok c7 nomor 9 rt 015 rw 009 kelurahan nanggewer kecamatan cibinong kabupaten bogor', 1, 19, 21, 4, 1, 6, 1, '3201014308950003', '905162756403000', '53323021185', 'NON PNS', '0.01', '0.0054', '0.057', '0.03', NULL, 'data/foto_pegawai/1020184119950803201903198.jpeg', '2019-03-01', NULL, 1, 4, 'KELURAHAN', NULL, '', '', '', '', NULL, NULL, NULL, NULL),
(273, '1020184119930102201904200', 'Karmelia Desiliyani Rusch', '', '1993-01-02', 'PEREMPUAN', '', 'example@mail.com', '', NULL, 16, 5, 6, 1, 4, 1, '3174104201930003', '', '', 'NON PNS', '0.01', '0.0054', '0.057', '0.03', NULL, '', '2019-04-01', NULL, 1, 1, 'KECAMATAN', NULL, NULL, NULL, NULL, NULL, NULL, NULL, NULL, NULL),
(274, '1020184119941104201904199', 'Ihsan Fadhielah Novtayana', 'Bandung', '1994-11-04', 'LAKI-LAKI', '-', 'default@mail.com', '-', 1, 23, 18, 4, 1, 6, 1, '3671060411940003', '-', '-', 'NON PNS', '0.01', '0.0054', '0.057', '0.03', NULL, '', '2019-04-01', NULL, 1, 1, 'KECAMATAN', NULL, NULL, NULL, '', '', NULL, NULL, NULL, NULL),
(275, '1020184119960213201904201', 'Muhammad Syahri Ramadhan', 'TANGERANG', '1996-02-13', 'LAKI-LAKI', '087883416307', 'default@mail.com', 'Jl. Kerinci 1 Blok BB04 No. 26 RT. 06 RW. 10 Villa Tangerang Indah, Kel. Gebang Raya, Kec. Periuk, Kota Tangerang', 1, 22, 17, 4, 1, 6, 1, '3671081302960003', '-', '-', 'NON PNS', '0.01', '0.0054', '0.057', '0.03', NULL, '', '2019-04-01', NULL, 0, 1, 'KECAMATAN', NULL, '', '', '', '', NULL, NULL, NULL, NULL),
(276, '1020184119930604201904202', 'Siti Hajar', 'bekasi', '1993-06-04', 'PEREMPUAN', '-', 'default@mail.com', '', 1, 20, 10, 4, 1, 6, 1, '-', '-', '-', 'NON PNS', '0.01', '0.0054', '0.057', '0.03', NULL, '', '2019-04-01', NULL, 1, 9, 'SHIFT', NULL, '', '', '', '', NULL, NULL, NULL, NULL),
(277, '1020184119940727201904203', 'Tresna Yulianty', '-', '1994-07-27', 'PEREMPUAN', '-', 'default@mail.com', '', NULL, 20, 10, 4, 1, 6, 1, '-', '-', '-', 'NON PNS', '0.01', '0.0054', '0.057', '0.03', NULL, '', '2019-04-01', NULL, 1, 9, 'SHIFT', NULL, '', '', '', '', NULL, NULL, NULL, NULL),
(278, '1020184119950101201905204', 'Rara Ferly Desilva', '', '1995-01-01', 'PEREMPUAN', '', 'example@mail.com', '', NULL, 18, 2, 4, 1, 6, 1, '3601174101950009', '', '', 'NON PNS', '0.01', '0.0054', '0.057', '0.03', NULL, '', '2019-05-02', NULL, 1, 8, 'KELURAHAN', NULL, NULL, NULL, NULL, NULL, NULL, NULL, NULL, NULL),
(279, '1020184119921108201910205', 'Resty Putri Sastika', '', '1970-01-01', 'PEREMPUAN', '', 'resty@gmail.com', '', 1, 7, 36, 3, 1, 10, 1, '3171054811920003', '', '', 'NON PNS', '0.01', '0.0054', '0.057', '0.03', NULL, '', '2019-10-01', '1970-01-01', 1, 1, 'KECAMATAN', NULL, '', '', '', '', NULL, NULL, NULL, NULL),
(280, '1020184119941109202002206', 'Rheza Pratama Dharmawan', 'bekasi', '1994-11-09', 'LAKI-LAKI', '081280571550', 'rhezapd@gmail.com', '', 5, 15, 2, 6, 1, 4, 1, '3216060911940014', '858098510435000', '60023039203', 'NON PNS', '0.01', '0.0054', '0.057', '0.03', NULL, '', '2020-02-03', NULL, 1, 1, 'KECAMATAN', NULL, '', '', 'dr', '', NULL, NULL, NULL, NULL),
(281, '1020184119940430202002207', 'Rudy Setiady', 'Jakarta', '1994-04-30', 'LAKI-LAKI', '087786608400', 'setiadyrudy@hotmail.com', '', 5, 15, 2, 6, 1, 4, 1, '3603143004940002', '85.662.220.4-418.000', '', 'NON PNS', '0.01', '0.0054', '0.057', '0.03', NULL, 'data/foto_pegawai/1020184119940430202002207.jpg', '2020-02-03', NULL, 1, 1, 'KECAMATAN', NULL, '', '', 'dr', '', NULL, NULL, NULL, NULL),
(282, '1020184119980515202002208', 'Sofia Zahra Nabila W', 'Jakarta', '1998-05-15', 'PEREMPUAN', '081775492125', 'sofizahranbl@gmail.com', '', 1, 18, 25, 4, 1, 6, 1, '3171045505980003', '', '', 'NON PNS', '0.01', '0.0054', '0.057', '0.03', NULL, '', '2020-02-03', NULL, 1, 7, 'KELURAHAN', NULL, '', '', '', '', NULL, NULL, NULL, NULL),
(283, '199112172014032002', 'Ayu Diaz Adhiyanti', 'Lebak', '1991-12-17', 'PEREMPUAN', '081314444306', 'ayudiazadh@gmail.com', 'Jl. Kapuk Raya Cemara 4 RT 005 RW 018 Kel. Pengasinan Kec. Rawa Lumbu, Kota Bekasi', 1, 17, 3, 4, 3, NULL, NULL, '3674015712910001', '543663264411000', '', 'PNS', NULL, NULL, NULL, NULL, NULL, 'data/foto_pegawai/199112172014032002.jpg', '1970-01-01', '1970-01-01', 1, 1, 'KECAMATAN', NULL, 'II/d', '183446', '', 'A.Md. Far.', NULL, NULL, NULL, NULL),
(284, '199005282019032011', 'Tri Mustikawati', '', '1970-01-01', 'PEREMPUAN', '', 'default@mail.com', '', 1, NULL, 12, NULL, NULL, NULL, NULL, '', '', '', 'PNS', NULL, NULL, NULL, NULL, NULL, '', '2019-03-01', '2019-03-01', 1, 1, 'KECAMATAN', NULL, 'III/b', '', 'dr', '', NULL, NULL, NULL, NULL),
(285, '199303202019031006', 'Yoseph Marlin', '', '1970-01-01', 'LAKI-LAKI', '', 'default@mail.com', '', NULL, NULL, 2, NULL, NULL, NULL, NULL, '', '', '', 'PNS', NULL, NULL, NULL, NULL, NULL, '', '2019-03-01', '2019-03-01', 1, 1, 'KECAMATAN', NULL, 'III/b', '', 'dr', '', NULL, NULL, NULL, NULL),
(286, '199011132019032006', 'Dewi Ayu Wulandari', '', '1970-01-01', 'PEREMPUAN', '', 'default@mail.com', '', NULL, NULL, 18, NULL, NULL, NULL, NULL, '', '', '', 'PNS', NULL, NULL, NULL, NULL, NULL, '', '2019-03-01', '2019-03-01', 1, 1, 'KECAMATAN', NULL, 'III/a', '', '', '', NULL, NULL, NULL, NULL),
(287, '199105042019031011', 'Nizar Haqiki', '', '1970-01-01', 'LAKI-LAKI', '', 'default@mail.com', '', NULL, NULL, 2, NULL, NULL, NULL, NULL, '', '', '', 'PNS', NULL, NULL, NULL, NULL, NULL, '', '2019-03-01', '2019-03-01', 1, 1, 'KECAMATAN', NULL, 'III/a', '', '', '', NULL, NULL, NULL, NULL),
(288, '199509042019032007', 'Anggraini Pangestu Widiasih', '', '1970-01-01', 'PEREMPUAN', '', 'default@mail.com', '', 1, NULL, 19, NULL, NULL, NULL, NULL, '', '', '', 'PNS', NULL, NULL, NULL, NULL, NULL, '', '2019-03-01', '2019-03-01', 1, 1, 'KECAMATAN', NULL, 'III/a', '', '', '', NULL, NULL, NULL, NULL),
(289, '199104182019031004', 'Sandi Aprianto', 'Kuningan', '1991-04-18', 'LAKI-LAKI', '085659731185', 'default@mail.com', 'Jalan Haji Tamin, Pesona Hinggil Residence Blok B2, RT/RW:002/002, Kelurahan:L Cipayung, Kecamatan: Cipayung. Depok. Jawa Barat', 1, NULL, 12, NULL, NULL, NULL, NULL, '3208041804910002', '757901863016000', '10923138840', 'PNS', NULL, NULL, NULL, NULL, NULL, '', '2019-03-01', '2019-03-01', 1, 1, 'KECAMATAN', NULL, 'II/c', '', '', '', NULL, NULL, NULL, NULL),
(290, '199308022019032012', 'Nila Rosliana', '', '1970-01-01', 'PEREMPUAN', '', 'default@mail.com', '', NULL, NULL, 18, NULL, NULL, NULL, NULL, '', '', '', 'PNS', NULL, NULL, NULL, NULL, NULL, '', '2019-03-01', '2019-03-01', 1, 1, 'KECAMATAN', NULL, 'II/c', '', '', '', NULL, NULL, NULL, NULL),
(291, '1020184119901109201602188', 'Ali Munsip', 'Pemalang', '1990-11-11', 'LAKI-LAKI', '085707423021', 'mail@mail.com', 'Jl Dahlia 2 BD 3 No 4 Rt 6/10 Mangun jaya ,Kec  Tambun Selatan , Kab Bekasi - Jawa Barat', 1, 18, 13, 4, 4, 6, 3, '3327010911900004', '728581000001000', '50023265134', 'NON PNS', '0.01', '0.0054', '0.057', '0.03', NULL, 'data/foto_pegawai/1020184119901109201602188.jpeg', '2016-02-01', '2016-02-01', 1, 1, 'KECAMATAN', NULL, '', '', '', 'Amd Kep', NULL, NULL, NULL, NULL),
(292, '12345', 'Dummy', '', '1970-01-01', 'LAKI-LAKI', '', 'mail@gmail.com', '', 1, 18, 11, 4, 1, 6, 3, '', '', '', 'NON PNS', '0.01', '0.0054', '0.057', '0.03', NULL, '', '2021-01-01', '2021-01-01', 1, 9, 'SHIFT', NULL, '', '', '', '', NULL, NULL, NULL, NULL),
(293, '1020184119950609202107209', 'Nahdya Putri Octavina', '', '1970-01-01', 'PEREMPUAN', '', 'nahdya@gmail.com', '', 1, 26, 26, 5, NULL, NULL, NULL, '', '', '', 'NON PNS', NULL, NULL, NULL, NULL, NULL, '', '2021-07-01', '2021-07-01', 1, 1, 'KECAMATAN', NULL, '', '', '', '', NULL, NULL, NULL, NULL),
(294, '1020184119860919202107210', 'Rizal Purnomo', 'Cilacap', '1986-09-19', 'LAKI-LAKI', '085714851984', 'rizalpurnomo222@gmail.com', 'Karet Belakang RT:005/02, Karet Kuningan, Setiabudi, Jakarta Selatan', 1, 11, 34, 5, 1, 8, 2, '3174021909860003', '075623413011000', '30323400955', 'NON PNS', NULL, NULL, NULL, NULL, NULL, 'data/foto_pegawai/10201841198609192021072101.jpg', '2021-07-01', '2021-07-01', 1, 1, 'KECAMATAN', NULL, '', '0', '', 'S.Kom', NULL, NULL, NULL, NULL),
(295, '1020184119961130202107211', 'Sidik Purnomo', 'Bekasi', '1996-11-30', 'LAKI-LAKI', '089696673577', 'sidikpurnomo1996@gmail.com', 'Jl.Wibawa Mukti IV Rt 05/017 No 64 kel jatimekar Kec jatiasih Kota Bekasi,Jawa Barat 17422', 1, 7, 33, 4, 7, 8, 1, '3275093011960007', '902347912447000', '60123194339', 'NON PNS', NULL, NULL, NULL, NULL, NULL, 'data/foto_pegawai/1020184119961130202107211.jpg', '2021-07-01', '2021-07-01', 1, 1, 'KECAMATAN', NULL, '', '0', '', 'AMTE', NULL, NULL, NULL, NULL),
(296, '1020184119980619202107212', 'Singgih Arief Kurniawan', 'Jakarta', '1998-06-19', 'LAKI-LAKI', '085711662706', 'singgihariefk19@gmail.com', 'komplek dit bekang cibinong rt 2 rw 7 ', 1, 22, 17, 4, NULL, NULL, NULL, '3201011906980002', '807426747403000', '51320171963', 'NON PNS', NULL, NULL, NULL, NULL, NULL, 'data/foto_pegawai/10201841199806192021072122.jpg', '2021-07-01', '2021-07-01', 1, 1, 'KECAMATAN', NULL, '', '', '', 'A.Md.Kes', NULL, NULL, NULL, NULL),
(297, '1020184119900502202107213', 'Rekha Dewi Amiati', 'Jakarta', '1990-05-02', 'PEREMPUAN', '085778661018', 'rekhadewi90@gmail.com', 'Jalan Menjangan 1 B1 No 59 Taman Permata Cikunir , Jaka Mulya . Bekasi Selatan', 1, 15, 2, 6, NULL, NULL, NULL, '3275044205900017', '643017510432000', '51823046532', 'NON PNS', NULL, NULL, NULL, NULL, NULL, '', '2021-07-01', '2021-07-01', 1, 1, 'KECAMATAN', NULL, '', '', 'dr', '', NULL, NULL, NULL, NULL);

-- --------------------------------------------------------

--
-- Table structure for table `rzl_aksescourse`
--

CREATE TABLE `rzl_aksescourse` (
  `idaksescourse` int(11) NOT NULL,
  `idbagian` int(11) DEFAULT NULL,
  `idkategori` int(11) DEFAULT NULL
) ENGINE=InnoDB DEFAULT CHARSET=utf8mb4;

--
-- Dumping data for table `rzl_aksescourse`
--

INSERT INTO `rzl_aksescourse` (`idaksescourse`, `idbagian`, `idkategori`) VALUES
(1, 34, 9),
(15, 33, 11),
(16, 1, 1),
(17, 2, 1),
(18, 3, 1),
(19, 5, 1),
(20, 6, 1),
(21, 8, 1),
(22, 9, 1),
(23, 10, 1),
(24, 11, 1),
(25, 12, 1),
(26, 13, 1),
(27, 14, 1),
(28, 15, 1),
(29, 16, 1),
(30, 17, 1),
(31, 18, 1),
(32, 19, 1),
(33, 20, 1),
(34, 21, 1),
(35, 22, 1),
(36, 23, 1),
(37, 24, 1),
(38, 25, 1),
(39, 26, 1),
(40, 27, 1),
(41, 28, 1),
(42, 29, 1),
(43, 34, 1),
(44, 32, 1),
(45, 33, 1),
(46, 35, 1),
(47, 36, 1),
(48, 37, 1),
(49, 1, 2),
(50, 2, 2),
(51, 10, 2),
(52, 11, 2),
(53, 12, 2),
(54, 13, 2),
(55, 14, 2),
(56, 15, 2),
(57, 16, 2),
(58, 18, 2),
(59, 19, 7),
(60, 26, 7);

-- --------------------------------------------------------

--
-- Table structure for table `rzl_answer`
--

CREATE TABLE `rzl_answer` (
  `idanswer` int(11) NOT NULL,
  `idgetcourse` int(11) DEFAULT NULL,
  `idquestion` int(11) DEFAULT NULL,
  `answer` varchar(10) DEFAULT NULL,
  `key` varchar(10) DEFAULT NULL,
  `benar` varchar(2) DEFAULT NULL
) ENGINE=InnoDB DEFAULT CHARSET=utf8mb4;

--
-- Dumping data for table `rzl_answer`
--

INSERT INTO `rzl_answer` (`idanswer`, `idgetcourse`, `idquestion`, `answer`, `key`, `benar`) VALUES
(1, 2, 41, 'A', 'C', 'n'),
(2, 2, 42, 'B', 'A', 'n'),
(3, 2, 43, 'C', 'D', 'n'),
(4, 2, 44, 'E', 'A', 'n'),
(5, 2, 45, 'B', 'E', 'n'),
(6, 2, 46, 'B', 'C', 'n'),
(7, 2, 47, 'C', 'A', 'n'),
(8, 2, 48, 'D', 'D', 'y'),
(9, 2, 49, 'D', 'B', 'n'),
(10, 2, 50, 'E', 'A', 'n'),
(11, 1, 31, 'D', 'D', 'y'),
(12, 1, 32, 'B', 'B', 'y'),
(13, 1, 33, 'C', 'C', 'y'),
(14, 1, 34, 'A', 'A', 'y'),
(15, 1, 35, 'B', 'E', 'n'),
(16, 1, 36, 'A', 'D', 'n'),
(17, 1, 37, 'A', 'E', 'n'),
(18, 1, 38, 'C', 'C', 'y'),
(19, 1, 39, 'D', 'D', 'y'),
(20, 1, 40, 'B', 'B', 'y'),
(21, 4, 41, 'A', 'C', 'n'),
(22, 4, 42, 'B', 'A', 'n'),
(23, 4, 43, 'D', 'D', 'y'),
(24, 4, 44, 'B', 'A', 'n'),
(25, 4, 45, 'C', 'E', 'n'),
(26, 4, 46, 'E', 'C', 'n'),
(27, 4, 47, 'C', 'A', 'n'),
(28, 4, 48, 'B', 'D', 'n'),
(29, 4, 49, 'E', 'B', 'n'),
(30, 4, 50, 'D', 'A', 'n'),
(31, 5, 51, 'C', 'B', 'n'),
(32, 5, 52, 'D', 'D', 'y'),
(33, 5, 53, 'C', 'C', 'y'),
(34, 5, 54, 'A', 'C', 'n'),
(35, 5, 55, 'A', 'D', 'n'),
(36, 5, 56, 'C', 'A', 'n'),
(37, 5, 57, 'B', 'A', 'n'),
(38, 5, 58, 'A', 'B', 'n'),
(39, 5, 59, 'B', 'B', 'y'),
(40, 5, 60, 'D', 'A', 'n');

-- --------------------------------------------------------

--
-- Table structure for table `rzl_answerpost`
--

CREATE TABLE `rzl_answerpost` (
  `idanswerpost` int(11) NOT NULL,
  `idgetcourse` int(11) DEFAULT NULL,
  `idquestion` int(11) DEFAULT NULL,
  `answerpost` varchar(10) DEFAULT NULL,
  `key` varchar(10) DEFAULT NULL,
  `benarpost` varchar(2) DEFAULT NULL
) ENGINE=InnoDB DEFAULT CHARSET=utf8mb4;

--
-- Dumping data for table `rzl_answerpost`
--

INSERT INTO `rzl_answerpost` (`idanswerpost`, `idgetcourse`, `idquestion`, `answerpost`, `key`, `benarpost`) VALUES
(1, 2, 41, 'B', 'C', 'n'),
(2, 2, 42, 'B', 'A', 'n'),
(3, 2, 43, 'C', 'D', 'n'),
(4, 2, 44, 'C', 'A', 'n'),
(5, 2, 45, 'D', 'E', 'n'),
(6, 2, 46, 'D', 'C', 'n'),
(7, 2, 47, 'E', 'A', 'n'),
(8, 2, 48, 'E', 'D', 'n'),
(9, 2, 49, 'A', 'B', 'n'),
(10, 2, 50, 'A', 'A', 'y');

-- --------------------------------------------------------

--
-- Table structure for table `rzl_getcourse`
--

CREATE TABLE `rzl_getcourse` (
  `idgetcourse` int(11) NOT NULL,
  `datecourse` datetime DEFAULT NULL,
  `nip` varchar(100) NOT NULL,
  `idcourse` int(11) DEFAULT NULL,
  `flag` varchar(20) DEFAULT NULL
) ENGINE=InnoDB DEFAULT CHARSET=utf8mb4;

--
-- Dumping data for table `rzl_getcourse`
--

INSERT INTO `rzl_getcourse` (`idgetcourse`, `datecourse`, `nip`, `idcourse`, `flag`) VALUES
(1, '2021-08-02 05:49:30', '1020184119860919202107210', 1, 'materi'),
(2, '2021-08-02 05:49:37', '1020184119860919202107210', 3, 'finish'),
(3, '2021-08-05 04:05:05', '1020184119900502202107213', 3, 'pre'),
(4, '2021-08-10 10:06:06', '1020184119961130202107211', 3, 'materi'),
(5, '2021-08-10 10:25:05', '1020184119961130202107211', 4, 'materi');

-- --------------------------------------------------------

--
-- Table structure for table `rzl_m_competency`
--

CREATE TABLE `rzl_m_competency` (
  `idcompetency` int(11) NOT NULL,
  `nip` varchar(100) DEFAULT NULL,
  `date` datetime DEFAULT NULL,
  `title` varchar(50) DEFAULT NULL,
  `instance` varchar(50) DEFAULT NULL,
  `files` varchar(100) DEFAULT NULL,
  `statuscompetency` varchar(20) DEFAULT NULL,
  `jplrequest` int(11) DEFAULT NULL,
  `jplapproved` int(11) DEFAULT NULL
) ENGINE=InnoDB DEFAULT CHARSET=utf8mb4;

--
-- Dumping data for table `rzl_m_competency`
--

INSERT INTO `rzl_m_competency` (`idcompetency`, `nip`, `date`, `title`, `instance`, `files`, `statuscompetency`, `jplrequest`, `jplapproved`) VALUES
(1, '1020184119860919202107210', '2021-08-10 07:58:26', 'Sertifikat Kompetensi IT', 'Puskesmas Kecamatan Matraman', 'Rizal Purnomo - 123.pdf', 'approved', 2, 2),
(2, '1020184119860919202107210', '2021-08-11 08:29:58', 'Sertifikat 2', 'Puskesmas Kecamatan Matraman', 'Rizal Purnomo - test.pdf', 'pending', 2, NULL);

-- --------------------------------------------------------

--
-- Table structure for table `rzl_m_course`
--

CREATE TABLE `rzl_m_course` (
  `idcourse` int(11) NOT NULL,
  `title` varchar(50) DEFAULT NULL,
  `jpl` int(11) DEFAULT NULL,
  `materi` text,
  `idkategori` int(11) DEFAULT NULL,
  `filemateri` varchar(45) DEFAULT NULL
) ENGINE=InnoDB DEFAULT CHARSET=utf8mb4;

--
-- Dumping data for table `rzl_m_course`
--

INSERT INTO `rzl_m_course` (`idcourse`, `title`, `jpl`, `materi`, `idkategori`, `filemateri`) VALUES
(1, 'Ujian Rekrutmen Pranata Komputer', 2, '<p>MateriUjian Rekrutmen Pranata Komputer</p>', 9, 'sdsd.pdf'),
(2, 'Ujian Rekrutmen Pranata Komputer Part 2', 2, '<p>Materi&nbsp;Ujian Rekrutmen Pranata Komputer Part 2</p>', 9, NULL),
(3, 'Ujian Rekrutmen Soal Umum', 1, 'Materi&nbsp;Ujian Rekrutmen Soal Umum', 1, NULL),
(4, 'Ujian Rekrutmen Soal Umum Part 2', 1, '<p>MateriUjian Rekrutmen Soal Umum Part 2</p>', 1, '123.pdf');

-- --------------------------------------------------------

--
-- Table structure for table `rzl_m_kategori`
--

CREATE TABLE `rzl_m_kategori` (
  `idkategori` int(11) NOT NULL,
  `kategori` varchar(50) DEFAULT NULL
) ENGINE=InnoDB DEFAULT CHARSET=utf8mb4;

--
-- Dumping data for table `rzl_m_kategori`
--

INSERT INTO `rzl_m_kategori` (`idkategori`, `kategori`) VALUES
(1, 'Umum'),
(2, 'Dokter'),
(3, 'Perawat'),
(4, 'Tata Usaha'),
(5, 'Laboratorium'),
(6, 'Kesehatan Lingkungan'),
(7, 'Promkes'),
(8, 'Fisioterapi'),
(9, 'Data dan Informasi'),
(10, 'Perencanaan'),
(11, 'Kepegawaian'),
(12, 'Pengadaan'),
(13, 'Barang dan Jasa'),
(14, 'Keuangan');

-- --------------------------------------------------------

--
-- Table structure for table `rzl_m_profile`
--

CREATE TABLE `rzl_m_profile` (
  `id` int(11) NOT NULL,
  `appname` varchar(100) DEFAULT NULL
) ENGINE=InnoDB DEFAULT CHARSET=utf8mb4;

--
-- Dumping data for table `rzl_m_profile`
--

INSERT INTO `rzl_m_profile` (`id`, `appname`) VALUES
(1, 'Sibening Apps');

-- --------------------------------------------------------

--
-- Table structure for table `rzl_m_question`
--

CREATE TABLE `rzl_m_question` (
  `idquestion` int(11) NOT NULL,
  `idcourse` int(11) DEFAULT NULL,
  `nomor` int(11) DEFAULT NULL,
  `question` longtext,
  `pila` longtext,
  `pilb` longtext,
  `pilc` longtext,
  `pild` longtext,
  `pile` longtext,
  `key` varchar(1) DEFAULT NULL
) ENGINE=InnoDB DEFAULT CHARSET=utf8mb4;

--
-- Dumping data for table `rzl_m_question`
--

INSERT INTO `rzl_m_question` (`idquestion`, `idcourse`, `nomor`, `question`, `pila`, `pilb`, `pilc`, `pild`, `pile`, `key`) VALUES
(21, 2, NULL, 'Perhatikan kode berikut : $x = 1; do { echo $x.\" \"; $x++; } while ($x > 2); Program tersebut menghasilkan output.', '1', '2', '1 2', '2 1', 'Tidak menghasilkan output', 'A'),
(22, 2, NULL, 'Perhatikan kode berikut: $nama = array(\"Dina\", \"Aldi\", \"Okta\",\"Bayu\",\"Mirza\"); echo $nama[2]; Kode tersebut menghasilkan output?', 'Dina', 'Aldi', 'Okta', 'Bayu', 'Mirza', 'C'),
(23, 2, NULL, 'Secara default, bagaimana cara Switch menghandle broadcast?', 'Broadcast are filtered', 'Broadcast are blocked', 'Broadcast are forwarded to a specific ports', 'Broadcast are forwarded out all ports except the one it was received upon', 'Broadcast are forwarded out all ports', 'D'),
(24, 2, NULL, 'Perhatikan kode Berikut : $a = 50; $b = 10; if ($b>=$a) { echo $b; } Kode tersebut menghasilkan output?', '50', '10', '40', 'Error pada sintak program', 'Tidak menghasilkan output', 'E'),
(25, 2, NULL, 'Berikut cara memanggil helper yang benar adalah', 'system.load.helper(pranata_komputer_helper.php);', 'this.load.helper(pranata_komputer_helper.php);', '$this->load->helper(pranata_komputer);', '$system->load->model(pranata_komputer_helper.php);', '$system->load->model<pranata_komputer_helper.php>;', 'C'),
(26, 2, NULL, 'Perintah untuk koneksi PHP di database yang benar dibawah ini adalah', '$conn = mysqli_connect($servername, $username, $password, $database);', '$conn = mysql_connect($servername, $username, $password, $database)', '$connect = mysqli_connect($servername, $username, $password, $database)', '$connect = mysql_connect($servername, $username, $password, $database);', '$connect = mysqli_connect($servername, $username, $password, $database);', 'A'),
(27, 2, NULL, 'Apa urutan warna kabel LAN pada pemasangan kabel Cross? ', 'Putih orange  orange  putih biru  biru  putih hijau  hijau  putih coklat  coklat', 'Putih orange  orange  putih hijau  biru  putih biru  hijau  putih coklat  coklat', 'Putih hijau  hijau  putih orange  biru  putih biru  orange  putih coklat  coklat', 'Putih hijau  biru  putih biru  hijau  putih orange  orange  putih coklat  coklat', 'Putih biru  biru  Putih hijau  hijau  putih orange  orange  putih coklat  coklat', 'C'),
(28, 2, NULL, 'Dalam framework Codeigniter, yang bertanggung jawab untuk melakukan pengelolaan data adalah', 'Model', 'View', 'Controller', 'Helper', 'Library', 'A'),
(29, 2, NULL, 'Layer manakah pada OSI Model yang melakukan translasi data?', 'Application', 'Presentation', 'Session', 'Transport', 'Network', 'B'),
(30, 2, NULL, 'Termasuk network service tipe apakah UDP itu?', 'Connectionless', 'Flow Control', 'Error correction', 'Connection-oriented', 'Buffering-oriented', 'A'),
(31, 1, NULL, 'Helper dalam Codeigniter adalah', 'Kumpulan informasi penjelasan dan tutorial codeigniter', 'Kumpulan dari library', 'Sebuah kelas (class)', 'Kumpulan fungsi untuk melakukan tugas tertentu', 'Yang mengatur hubungan antara model dengan view', 'D'),
(32, 1, NULL, 'Cara memanggil model dalam suatu controller pada Codeigniter adalah', 'system.load.model(nama_model);', '$this->load->model(nama_model);', '$system->load->model(nama_model);', 'this.load.model(nama_model);', '$system->load->model<nama_model>;', 'B'),
(33, 1, NULL, 'Manakah di bawah ini yang terjadi pertama kali ketika koneksi tersambung?', 'Service Request Coordination', 'Response Coordination', 'Synchronization and Acknowledgement', 'Flow control and error recovery', 'Information download', 'C'),
(34, 1, NULL, 'Manakah yang bukan elemen di dalam framework Codeigniter?', 'Header', 'Plugin', 'Library', 'Helper', 'Hook', 'A'),
(35, 1, NULL, 'Manakah di bawah ini yang termasuk jenis library secara umum dalam Codeigniter?', 'System library', 'Database library', 'Client library', 'Server library', 'User-defined library', 'E'),
(36, 1, NULL, 'Pilihlah <tag> mana yang digunakan untuk nomor list di HTML 5?', '<ul>', '<tr>', '<br>', '<ol>', '<no>', 'D'),
(37, 1, NULL, 'Berikut adalah fitur yang terdapat pada file konfigurasi SSH, kecuali', 'Port', 'ListenAddress', 'HostKey', 'RandomSeed', 'UserLog', 'E'),
(38, 1, NULL, 'Port yang digunakan SSH adalah', '20', '21', '22', '23', '24', 'C'),
(39, 1, NULL, 'Perintah linux untuk melihat isi dalam suatu direktori adalah', '/cd', 'chmod', 'cp', 'ls', 'ifconfig', 'D'),
(40, 1, NULL, 'Dalam framework Codeigniter, yang merupakan tempat untuk meletakkan apa yang akan ditampilkan di halaman browser adalah', 'Model', 'View', 'Controller', 'Helper', 'Library', 'B'),
(41, 3, NULL, 'Seorang pedagang menjual baju dengan harga Rp 60.000 dan memperoleh laba 20% dari harga beli. Berapa harga beli baju tersebut?', '72000', '56000', '50000', '48000', '30000', 'C'),
(42, 3, NULL, 'Ciri-ciri Negara Hukum adalah ', 'Pengakuan atas HAM termasuk pemisahan kekuasaan untuk menjamin HAM', 'Pemerintah berdasarkan hukum', 'Pengadilan untuk menyelesaikan masalah akibat pelanggaran HAM', 'Semua jawaban salah', 'Semua jawaban benar', 'A'),
(43, 3, NULL, 'Kalimat berikut yang termasuk kalimat pasif adalah ..', 'Pembalap itu merajai lomba pada etape pertama', 'Pembicara itu berceramah tentang refleksi diri', 'Guru yang sedang berbicara itu seorang penulis cerita pendek', 'Telah kukirimkan kembali buku itu kemarin kepada pemiliknya', 'Diskusi yang sedang berlangsung membicarakan peningkatan etos kerja', 'D'),
(44, 3, NULL, 'Batang tubuh UUD 1945, dalam hubungannya dengan pembukaan, seperti ditegaskan dalam penjelasan pada hakekatnya merupakan ', 'Penjabaran lebih rinci dari pokok-pokok pikiran yang terkandung dalam pembukaan', 'Norma norma dasar dalam kehidupan bernegara bagi bangsa Indonesia', 'Dua dokumen historis dalam kehidupan berbangsa dan bernegara bagi bangsa Indonesia', 'Penjabaran seluruh konsepsi tentang Negara yang terkandung dalam pembukaan', 'Semua jawaban benar', 'A'),
(45, 3, NULL, '1,2,4,5,25,26, ...., .......', '27, 54', '21, 52', '27, 28', '254, 255', '676, 677', 'E'),
(46, 3, NULL, 'Untuk membentuk panitia sebuah acara ada 2 calon ketua, 3 orang calon sekretaris dan 2 orang calon bendahara serta tidak ada seorangpun yang dicalonkan pada dua atau jabatan yang berbeda. Jika susunan panitia terdiri dari seorang ketua, seorang sekretaris dan seorang bendahara, ada berapa cara susunan panitia tersebut dapat dibentuk ?', '18 cara', '16 cara', '12 cara', '8 cara', '10 cara', 'C'),
(47, 3, NULL, 'Ardi mengendarai mobil dari kota A ke kota B. Rute perjalanannya adalah sebagai berikut. Ia berangkat dari kota A menuju timur sejauh 20 km, kemudian belok ke utara 20 km, kemudian belok lagi ke timur sejauh 10 km, kemudian belok ke utara lagi sejauh 10 km. Terakhir ia belok ke timur sejauh 10 km sampai ke kota B. Sebenarnya berapa jarak kota A ke kota B ?', '80 km', '70 km', '60 km', '50 km', '40 km', 'A'),
(48, 3, NULL, 'Penulisan tanggal surat yang benar adalah ', 'Jakarta, 24-12-2011', 'Jakarta, 24 Desember 2011.', 'Jakarta, 24-Desember 2011', 'Jakarta, 24 Desember 2011', 'Semua jawaban salah', 'D'),
(49, 3, NULL, 'Sistem pemerintahan kabinet presidensiil ditandai oleh ', 'Kepala negaranya seorang Presiden', 'Presiden merupakan kepala pemerintahan', 'Kedudukan kabinet sederajat dengan parlemen', 'Presiden memegang kekuasaan tertinggi dalam Negara', 'Semua jawaban salah', 'B'),
(50, 3, NULL, 'HUJAN : BASAH = BAKAR :  ', 'Hangus', 'Mati', 'Habis', 'Kering', 'Dingin', 'A'),
(51, 4, NULL, 'Bangsa Indonesia merasa dirinya sebagai bagian dari seluruh umat manusia, oleh karena itu dikembangkan sikap hormat-menghormati dan bekerja sama dengan bangsa lain. Hal ini adalah ', 'Sila pertama', 'Sila kedua', 'Sila ketiga', 'Sila keempat', 'Sila kelima', 'B'),
(52, 4, NULL, '1,3,12,60,360, ......', '1440', '1210', '2790', '2520', '2880', 'D'),
(53, 4, NULL, '1/8 berbanding 3/5 adalah ', '1 berbanding 3', '3 berbanding 20', '5 berbanding 24', '3 berbanding 4', '5 berbanding 4', 'C'),
(54, 4, NULL, 'Bunyi pasal 32 ayat 1 mengenai kebudayaan nasional Indonesia adalah ', 'Setiap warga Negara berhak mendapatkan pengetahuan kebudayaan Indonesia', 'Negara Indonesia dilandasi oleh beragam budaya', 'Negara memajukan kebudayaan nasional Indonesia ditengah peradaban dunia dengan menjamin kebebasan masyarakat dalam memelihara dan mengembangkan nilai-nilai budayanya', 'Negara menghormati dan memelihara bahasa daerah sebagai kekayaan budaya nasional', 'Semua jawaban salah', 'C'),
(55, 4, NULL, 'APEL : POHON =  : ', 'Kayu : Triplek', 'Batako : Tembok', 'Batu bata : Semen', 'Emas : Tambang', 'Ayam : Kandang', 'D'),
(56, 4, NULL, 'Setiap warga negara berhak mendapat pendidikan. Hal ini tercantum dalam UUD 1945 pasal ', '31 ayat 1', '31 ayat 2', '31 ayat 3', '31 ayat 4', '31 ayat 5', 'A'),
(57, 4, NULL, 'Makna imbuhan men-kan pada kalimat  Ayah membelikan saya sepatu baru. Sama dengan makna imbuhan men-kan yang terdapat pada kalimat ... ', 'Dia mengambilkan ayah kaca mata', 'Tono memasukkan sepeda motornya ke garasi', 'Saya menyerahkan surat-surat kepada kepala sekolah', 'Nita meletakkan tasnya di meja', 'Dia menjahitkan baju kepada Bu Rini', 'A'),
(58, 4, NULL, 'Tujuh orang membuat jembatan di atas sungai dan bisa selesai dalam waktu 12 hari. Jika jembatan ingin diselesaikan dalam waktu 6 hari, berapa orang yang diperlukan :', '12 orang', '14 orang', '15 orang', '18 orang', '20 orang', 'B'),
(59, 4, NULL, '94,88,82,76,70,64, .... , ...... ', '52, 60', '58, 52', '56, 50', '70, 68', '60, 54', 'B'),
(60, 4, NULL, 'Pada tanggal 25 Desember 1912 di kota Bandung, Jawa Barat didirikan organisasi bernama Indische Partij . Organisasi ini didirikan oleh ', 'Douwes Dekker, H. Samanhudi dan RM Suwardi Suryaningrat', 'dr. Cipto Mangunkusomo, dr. Sutomo dan RM Suwardi Suryaningrat', 'KH Achmad Dahlan, Ki Hajar Dewantoro, dr. Cipto Mangunkusomo', 'Ki Hajar Dewantoro, dr. Cipto Mangunkusumo, dr. Danudirja Setiabudi', 'Semua jawaban diatas salah', 'A');

-- --------------------------------------------------------

--
-- Table structure for table `_mpeserta`
--

CREATE TABLE `_mpeserta` (
  `idpeserta` int(11) NOT NULL,
  `username` varchar(50) DEFAULT NULL,
  `namapeserta` varchar(100) DEFAULT NULL,
  `password` varchar(50) DEFAULT NULL,
  `lastlogin` datetime DEFAULT NULL,
  `bagian_id` int(11) DEFAULT NULL
) ENGINE=InnoDB DEFAULT CHARSET=utf8mb4;

--
-- Dumping data for table `_mpeserta`
--

INSERT INTO `_mpeserta` (`idpeserta`, `username`, `namapeserta`, `password`, `lastlogin`, `bagian_id`) VALUES
(1, 'rizalpurnomo@gmail.com', 'Rizal Purnomo', 'c6318323cc5693ce1f8d220cc9a5030e', '2021-07-05 08:21:31', 34),
(2, 'sidikpurnomo@gmail.com', 'Sidik Purnomo', 'c6318323cc5693ce1f8d220cc9a5030e', '2021-07-05 08:21:07', 33),
(5, 'husnulfakhri@gmail.com', 'Husnul Fakhri', 'a6870fd395279883571ee16d0c8a0960', NULL, 34);

-- --------------------------------------------------------

--
-- Table structure for table `_muser`
--

CREATE TABLE `_muser` (
  `iduser` int(11) NOT NULL,
  `username` varchar(50) DEFAULT NULL,
  `realname` varchar(100) DEFAULT NULL,
  `password` varchar(200) DEFAULT NULL,
  `lastlogin` datetime DEFAULT NULL
) ENGINE=InnoDB DEFAULT CHARSET=utf8mb4;

--
-- Dumping data for table `_muser`
--

INSERT INTO `_muser` (`iduser`, `username`, `realname`, `password`, `lastlogin`) VALUES
(1, 'rizal', 'Rizal Purnomo', 'c6318323cc5693ce1f8d220cc9a5030e', '2021-07-28 09:02:49');

--
-- Indexes for dumped tables
--

--
-- Indexes for table `aauth_groups`
--
ALTER TABLE `aauth_groups`
  ADD PRIMARY KEY (`id`);

--
-- Indexes for table `aauth_login_attempts`
--
ALTER TABLE `aauth_login_attempts`
  ADD PRIMARY KEY (`id`);

--
-- Indexes for table `aauth_perms`
--
ALTER TABLE `aauth_perms`
  ADD PRIMARY KEY (`id`);

--
-- Indexes for table `aauth_users`
--
ALTER TABLE `aauth_users`
  ADD PRIMARY KEY (`id`);

--
-- Indexes for table `aauth_userslog`
--
ALTER TABLE `aauth_userslog`
  ADD PRIMARY KEY (`log_id`);

--
-- Indexes for table `m_bagian`
--
ALTER TABLE `m_bagian`
  ADD PRIMARY KEY (`bagian_id`);

--
-- Indexes for table `m_jabatan`
--
ALTER TABLE `m_jabatan`
  ADD PRIMARY KEY (`id_jabatan`);

--
-- Indexes for table `m_pegawai`
--
ALTER TABLE `m_pegawai`
  ADD PRIMARY KEY (`id_pegawai`);

--
-- Indexes for table `rzl_aksescourse`
--
ALTER TABLE `rzl_aksescourse`
  ADD PRIMARY KEY (`idaksescourse`);

--
-- Indexes for table `rzl_answer`
--
ALTER TABLE `rzl_answer`
  ADD PRIMARY KEY (`idanswer`),
  ADD KEY `idgetcourse` (`idgetcourse`);

--
-- Indexes for table `rzl_answerpost`
--
ALTER TABLE `rzl_answerpost`
  ADD PRIMARY KEY (`idanswerpost`);

--
-- Indexes for table `rzl_getcourse`
--
ALTER TABLE `rzl_getcourse`
  ADD PRIMARY KEY (`idgetcourse`),
  ADD KEY `idpeserta` (`nip`),
  ADD KEY `idcourse` (`idcourse`);

--
-- Indexes for table `rzl_m_competency`
--
ALTER TABLE `rzl_m_competency`
  ADD PRIMARY KEY (`idcompetency`);

--
-- Indexes for table `rzl_m_course`
--
ALTER TABLE `rzl_m_course`
  ADD PRIMARY KEY (`idcourse`);

--
-- Indexes for table `rzl_m_kategori`
--
ALTER TABLE `rzl_m_kategori`
  ADD PRIMARY KEY (`idkategori`);

--
-- Indexes for table `rzl_m_profile`
--
ALTER TABLE `rzl_m_profile`
  ADD PRIMARY KEY (`id`);

--
-- Indexes for table `rzl_m_question`
--
ALTER TABLE `rzl_m_question`
  ADD PRIMARY KEY (`idquestion`),
  ADD KEY `idcourse` (`idcourse`);

--
-- Indexes for table `_mpeserta`
--
ALTER TABLE `_mpeserta`
  ADD PRIMARY KEY (`idpeserta`);

--
-- Indexes for table `_muser`
--
ALTER TABLE `_muser`
  ADD PRIMARY KEY (`iduser`);

--
-- AUTO_INCREMENT for dumped tables
--

--
-- AUTO_INCREMENT for table `aauth_groups`
--
ALTER TABLE `aauth_groups`
  MODIFY `id` int(11) UNSIGNED NOT NULL AUTO_INCREMENT, AUTO_INCREMENT=26;

--
-- AUTO_INCREMENT for table `aauth_login_attempts`
--
ALTER TABLE `aauth_login_attempts`
  MODIFY `id` int(11) NOT NULL AUTO_INCREMENT, AUTO_INCREMENT=58901;

--
-- AUTO_INCREMENT for table `aauth_perms`
--
ALTER TABLE `aauth_perms`
  MODIFY `id` int(11) UNSIGNED NOT NULL AUTO_INCREMENT, AUTO_INCREMENT=74;

--
-- AUTO_INCREMENT for table `aauth_users`
--
ALTER TABLE `aauth_users`
  MODIFY `id` int(11) UNSIGNED NOT NULL AUTO_INCREMENT, AUTO_INCREMENT=305;

--
-- AUTO_INCREMENT for table `aauth_userslog`
--
ALTER TABLE `aauth_userslog`
  MODIFY `log_id` int(11) NOT NULL AUTO_INCREMENT, AUTO_INCREMENT=72;

--
-- AUTO_INCREMENT for table `m_bagian`
--
ALTER TABLE `m_bagian`
  MODIFY `bagian_id` int(11) NOT NULL AUTO_INCREMENT, AUTO_INCREMENT=38;

--
-- AUTO_INCREMENT for table `m_jabatan`
--
ALTER TABLE `m_jabatan`
  MODIFY `id_jabatan` int(11) NOT NULL AUTO_INCREMENT, AUTO_INCREMENT=32;

--
-- AUTO_INCREMENT for table `m_pegawai`
--
ALTER TABLE `m_pegawai`
  MODIFY `id_pegawai` int(11) NOT NULL AUTO_INCREMENT, AUTO_INCREMENT=298;

--
-- AUTO_INCREMENT for table `rzl_aksescourse`
--
ALTER TABLE `rzl_aksescourse`
  MODIFY `idaksescourse` int(11) NOT NULL AUTO_INCREMENT, AUTO_INCREMENT=61;

--
-- AUTO_INCREMENT for table `rzl_answer`
--
ALTER TABLE `rzl_answer`
  MODIFY `idanswer` int(11) NOT NULL AUTO_INCREMENT, AUTO_INCREMENT=41;

--
-- AUTO_INCREMENT for table `rzl_answerpost`
--
ALTER TABLE `rzl_answerpost`
  MODIFY `idanswerpost` int(11) NOT NULL AUTO_INCREMENT, AUTO_INCREMENT=11;

--
-- AUTO_INCREMENT for table `rzl_getcourse`
--
ALTER TABLE `rzl_getcourse`
  MODIFY `idgetcourse` int(11) NOT NULL AUTO_INCREMENT, AUTO_INCREMENT=6;

--
-- AUTO_INCREMENT for table `rzl_m_competency`
--
ALTER TABLE `rzl_m_competency`
  MODIFY `idcompetency` int(11) NOT NULL AUTO_INCREMENT, AUTO_INCREMENT=3;

--
-- AUTO_INCREMENT for table `rzl_m_course`
--
ALTER TABLE `rzl_m_course`
  MODIFY `idcourse` int(11) NOT NULL AUTO_INCREMENT, AUTO_INCREMENT=5;

--
-- AUTO_INCREMENT for table `rzl_m_kategori`
--
ALTER TABLE `rzl_m_kategori`
  MODIFY `idkategori` int(11) NOT NULL AUTO_INCREMENT, AUTO_INCREMENT=15;

--
-- AUTO_INCREMENT for table `rzl_m_profile`
--
ALTER TABLE `rzl_m_profile`
  MODIFY `id` int(11) NOT NULL AUTO_INCREMENT, AUTO_INCREMENT=2;

--
-- AUTO_INCREMENT for table `rzl_m_question`
--
ALTER TABLE `rzl_m_question`
  MODIFY `idquestion` int(11) NOT NULL AUTO_INCREMENT, AUTO_INCREMENT=61;

--
-- AUTO_INCREMENT for table `_mpeserta`
--
ALTER TABLE `_mpeserta`
  MODIFY `idpeserta` int(11) NOT NULL AUTO_INCREMENT, AUTO_INCREMENT=6;

--
-- AUTO_INCREMENT for table `_muser`
--
ALTER TABLE `_muser`
  MODIFY `iduser` int(11) NOT NULL AUTO_INCREMENT, AUTO_INCREMENT=2;
COMMIT;

/*!40101 SET CHARACTER_SET_CLIENT=@OLD_CHARACTER_SET_CLIENT */;
/*!40101 SET CHARACTER_SET_RESULTS=@OLD_CHARACTER_SET_RESULTS */;
/*!40101 SET COLLATION_CONNECTION=@OLD_COLLATION_CONNECTION */;
