/*
SQLyog Ultimate v12.5.1 (64 bit)
MySQL - 10.4.13-MariaDB : Database - dbsibening
*********************************************************************
*/

/*!40101 SET NAMES utf8 */;

/*!40101 SET SQL_MODE=''*/;

/*!40014 SET @OLD_UNIQUE_CHECKS=@@UNIQUE_CHECKS, UNIQUE_CHECKS=0 */;
/*!40014 SET @OLD_FOREIGN_KEY_CHECKS=@@FOREIGN_KEY_CHECKS, FOREIGN_KEY_CHECKS=0 */;
/*!40101 SET @OLD_SQL_MODE=@@SQL_MODE, SQL_MODE='NO_AUTO_VALUE_ON_ZERO' */;
/*!40111 SET @OLD_SQL_NOTES=@@SQL_NOTES, SQL_NOTES=0 */;
CREATE DATABASE /*!32312 IF NOT EXISTS*/`dbsibening` /*!40100 DEFAULT CHARACTER SET utf8mb4 */;

USE `dbsibening`;

/*Table structure for table `aauth_users` */

DROP TABLE IF EXISTS `aauth_users`;

CREATE TABLE `aauth_users` (
  `id` int(11) unsigned NOT NULL AUTO_INCREMENT,
  `email` varchar(100) NOT NULL,
  `pass` varchar(64) NOT NULL,
  `username` varchar(100) DEFAULT NULL,
  `banned` tinyint(1) DEFAULT 0,
  `last_login` datetime DEFAULT NULL,
  `last_activity` datetime DEFAULT NULL,
  `date_created` datetime DEFAULT NULL,
  `forgot_exp` text DEFAULT NULL,
  `remember_time` datetime DEFAULT NULL,
  `remember_exp` text DEFAULT NULL,
  `verification_code` text DEFAULT NULL,
  `totp_secret` varchar(16) DEFAULT NULL,
  `ip_address` text DEFAULT NULL,
  `nama_lengkap` varchar(250) DEFAULT NULL,
  `nip` varchar(100) DEFAULT NULL,
  `is_upd_username` int(11) DEFAULT NULL,
  PRIMARY KEY (`id`)
) ENGINE=InnoDB AUTO_INCREMENT=301 DEFAULT CHARSET=utf8;

/*Data for the table `aauth_users` */

insert  into `aauth_users`(`id`,`email`,`pass`,`username`,`banned`,`last_login`,`last_activity`,`date_created`,`forgot_exp`,`remember_time`,`remember_exp`,`verification_code`,`totp_secret`,`ip_address`,`nama_lengkap`,`nip`,`is_upd_username`) values 
(1,'admin@example.com','dd5073c93fb477a167fd69072e95455834acd93df8fed41a2c468c45b394bfe3','Admin',0,'2021-06-10 13:55:31','2021-06-10 14:25:41',NULL,NULL,NULL,NULL,NULL,NULL,'10.15.32.218',NULL,NULL,NULL),
(5,'default@mail.com','0ffdf1753b9bd00b67ace168ae3a66bda7a89e3e1fdf763b3e9fe256645e1d28','197503162006042018',1,'2018-03-06 12:12:42','2018-03-06 12:15:42','2018-01-03 10:43:07',NULL,NULL,NULL,'',NULL,'36.84.146.66','dr.Herni Lestyaningsih, MARS','197503162006042018',0),
(6,'default@mail.com','ae2cd0b068a3daef8df321870e0f555ef5d165ee308d317ef01378242929923c','196612111991031002',0,'2021-07-07 14:09:12','2021-07-07 14:09:13','2018-01-03 10:43:07',NULL,NULL,NULL,NULL,NULL,'::1','Teguh Handoyo, S.AP','196612111991031002',0),
(7,'default@mail.com','29f5dcb7bc6fc5b6245f683f6d4b9018fad6d08c7eb14773944132f4c0aac203','196405181986032015',0,'2021-07-06 13:15:24','2021-07-06 13:30:29','2018-01-03 10:43:07',NULL,NULL,NULL,NULL,NULL,'10.15.32.219','A m z a n i . B','196405181986032015',0),
(8,'default@mail.com','26b5e046568abbeba202264731d1b94b5f78634031c077336e0053593ff5f335','196209161987032002',0,'2020-07-28 09:49:32','2020-07-28 09:50:13','2018-01-03 10:43:07',NULL,NULL,NULL,NULL,NULL,'10.15.32.218','Gati Purwari','196209161987032002',0),
(9,'default@mail.com','3f711f6c7388a8025beb0996aedf44e2caf735b9854746dcb86157a68a81cd76','196511081988032004',0,'2019-10-07 00:12:23','2019-10-07 00:12:30','2018-01-03 10:43:08',NULL,NULL,NULL,NULL,NULL,'114.4.79.78','Endah Wijiarti','196511081988032004',0),
(10,'default@mail.com','d126eff1f25d737e41f634d66600fcdaff4d3314fd6342c175e1cada8f01fbbf','196102151986032013',1,NULL,NULL,'2018-01-03 10:43:08',NULL,NULL,NULL,'',NULL,NULL,'Dwiana Rachmianthi','196102151986032013',0),
(11,'default@mail.com','8843cb38da9c0f16e9ccbaa9b7bd75b76cb371fcaa5cc398a855f3244f031d10','196907111994032005',0,'2018-12-20 10:36:22','2018-12-20 10:36:26','2018-01-03 10:43:08',NULL,NULL,NULL,NULL,NULL,'103.209.7.44','Manne Matondang','196907111994032005',0),
(12,'default@mail.com','d21e0f285921bd4a7ed92e3956a66d6a12b137b60afbc541a5fa0b44eb6ac51b','196705081987121002',0,'2020-03-02 10:55:09','2020-03-02 10:59:58','2018-01-03 10:43:08',NULL,NULL,NULL,NULL,NULL,'10.15.32.219','Ismadi Wibowo','196705081987121002',0),
(13,'default@mail.com','0671ac83972347a006610e4e53398ef76a26e550b8374f3d29568821f9909785','196304241987031007',0,NULL,NULL,'2018-01-03 10:43:08',NULL,NULL,NULL,NULL,NULL,NULL,'Djodi Sunarto','196304241987031007',0),
(14,'default@mail.com','299db51828f3cae1e88d66894268976303bfb0eff18d12aa76c5d391afb8eb9b','196601071987031006',0,'2021-07-05 08:26:57','2021-07-05 08:30:45','2018-01-03 10:43:08',NULL,NULL,NULL,NULL,NULL,'10.15.32.218','Yana Hidayana','196601071987031006',0),
(15,'default@mail.com','eb944c17939a9bf8eb2723797ae476800521fba64a1472bae8892793ddf88422','196403101985111001',0,'2019-10-07 00:11:21','2019-10-07 00:11:38','2018-01-03 10:43:08',NULL,NULL,NULL,NULL,NULL,'114.4.79.78','Sodikin','196403101985111001',0),
(16,'default@mail.com','02cb4f39474e84707658c59638d9498e38ac299bfc73867256c88c86c7b7371a','196712241995031002',0,'2020-07-21 09:17:55','2020-07-21 09:17:55','2018-01-03 10:43:08',NULL,NULL,NULL,NULL,NULL,'10.15.32.219','Mulyono','196712241995031002',0),
(17,'default@mail.com','50636e0a6d9a991868d8537cc324cf89f0f9fe90b587e55be9e2108a1fff895e','196502261986102002',0,'2018-06-29 15:45:56','2018-06-29 15:57:19','2018-01-03 10:43:08',NULL,NULL,NULL,NULL,NULL,'36.84.148.3','Fenni Djamilah','196502261986102002',0),
(18,'default@mail.com','370bf60edfc8f7e9cfd255994b4dd9b12cce6a1473541cf29ddda343d557d406','196403061985011002',0,'2019-07-11 13:27:17','2019-07-11 13:32:09','2018-01-03 10:43:09',NULL,NULL,NULL,NULL,NULL,'36.70.181.109','Haryanto','196403061985011002',0),
(19,'default@mail.com','d03757a8af3fd5c96ebe704cafdb5df996f413d246f12cdafa90060039429063','197203251996032003',0,'2021-07-05 08:06:36','2021-07-05 08:31:08','2018-01-03 10:43:09',NULL,NULL,NULL,NULL,NULL,'10.15.32.218','Tetty Muna Sumiwaty Simanjuntak','197203251996032003',0),
(20,'default@mail.com','b343393cbbbff9b01fddee0bf4c386d44f171d5fb98180e9e17041d4a3afb3c5','196910041994032002',0,'2021-06-04 15:17:53','2021-06-04 15:39:14','2018-01-03 10:43:09',NULL,NULL,NULL,NULL,NULL,'10.15.32.219','Menna Ria Pasaribu','196910041994032002',0),
(21,'default@mail.com','4814943bc3c1080d91af3fd371d0f4542f7c0f57186e749a6aba6883f54d40e1','196210061989032004',0,NULL,NULL,'2018-01-03 10:43:09',NULL,NULL,NULL,NULL,NULL,NULL,'Rosmawati, AMG','196210061989032004',0),
(22,'default@mail.com','4ecad8d041496fbf2b9ddaee1d6935c70567174fb8c895eb5fd17609dc9e70b1','197305241993012001',0,'2018-12-14 11:12:38','2018-12-14 11:36:11','2018-01-03 10:43:09',NULL,NULL,NULL,NULL,NULL,'36.84.143.184','Sonya Paula Connie Fransesca','197305241993012001',0),
(23,'default@mail.com','b93e120e710088ac69de2d6ca9d948daabf4602887693bf6e46673dd188ed0f6','196301021987031009',0,'2019-10-07 00:16:45','2019-10-07 00:17:42','2018-01-03 10:43:09',NULL,NULL,NULL,NULL,NULL,'114.4.79.78','Erlan Yudo Heriyanto','196301021987031009',0),
(24,'default@mail.com','0a41917b0f5702a43c2ccdcaa530e1688b4fee11855a2ac1251b36b364bac53e','197912022014122002',0,'2019-12-23 15:56:09','2019-12-23 15:57:44','2018-01-03 10:43:09',NULL,NULL,NULL,NULL,NULL,'125.166.89.84','Lina Nashrulloh Nurlaeni','197912022014122002',0),
(25,'default@mail.com','5c72fb35d8520c78e072af946c0b4ff83d4194dae48c4460c2753393f3441dbf','195806271987091002',1,'2018-05-25 11:20:21','2018-05-25 11:21:51','2018-01-03 10:43:09',NULL,NULL,NULL,'',NULL,'110.138.148.101','Mohammad Herry Zainal Mochlas','195806271987091002',0),
(26,'alfiah_koes@yahoo.com','c2c467c67a66b48db1ade34d342e33bba364a8358b4158864c1407d7fce86c2a','alfiah',0,'2021-06-04 19:02:41','2021-06-04 19:10:52','2018-01-03 10:43:09',NULL,NULL,NULL,NULL,NULL,'10.15.32.218','Alfiah Koes','197608162003122015',1),
(27,'default@mail.com','e95ef1066b98ce6efa4bf010a2f4e8675389291d94f4933cdd17483c51361fd1','196712142007012025',0,'2021-07-04 20:20:57','2021-07-04 20:25:25','2018-01-03 10:43:10',NULL,NULL,NULL,NULL,NULL,'10.15.32.218','Heni Puspawati','196712142007012025',0),
(28,'default@mail.com','e5c873c3dd262f3f3f0eb489db14d68a06b6103ec9e8d0c1f3c18c7b89ad6c72','197203182006042011',0,'2021-07-06 14:56:03','2021-07-06 15:00:45','2018-01-03 10:43:10',NULL,NULL,NULL,NULL,NULL,'10.15.32.219','Desty Darman','197203182006042011',0),
(29,'default@mail.com','d803af7c31b1f4a61519795b93ae4355265482e3b1926923f61b44b25e827060','197702092006042020',0,'2021-07-07 07:31:42','2021-07-07 07:31:42','2018-01-03 10:43:10',NULL,NULL,NULL,NULL,NULL,'10.15.32.219','Neli Mayaferani','197702092006042020',0),
(30,'default@mail.com','97caae6adf22a56e7f8b9df0a6d42188dbf5278bb46c6af780f29be46e47fd4a','197112312008012071',0,'2021-07-04 11:48:14','2021-07-04 12:23:29','2018-01-03 10:43:10',NULL,NULL,NULL,NULL,NULL,'10.15.32.218','Desy Safitri','197112312008012071',0),
(31,'putudatika_02@yahoo.com','ce7380f43176c6b301625562e3efd2db33664a6e270b3acbb491ff0e7f64f1e8','178458',0,'2021-06-06 21:14:53','2021-06-06 21:38:37','2018-01-03 10:43:10',NULL,NULL,NULL,NULL,NULL,'10.15.32.218','Putu Datika Puspitasari','198412152010012031',1),
(32,'default@mail.com','98c04081beaa8bf275628db4f20e8b38cd0e3b89685009527972396296760160','198306082010012037',0,'2021-07-01 07:36:36','2021-07-01 08:13:38','2018-01-03 10:43:10',NULL,NULL,NULL,NULL,NULL,'10.15.32.218','Nina Triana','198306082010012037',0),
(33,'default@mail.com','07ddfa59bfca31880308ec6d08d17f555f7f6a01772b5fef524d74ce71ec4375','anitasari',0,'2021-07-01 10:32:25','2021-07-01 10:44:50','2018-01-03 10:43:10',NULL,NULL,NULL,NULL,NULL,'10.15.32.218','Anita Sari','198206052010012044',1),
(34,'default@mail.com','a057f63c16c8b30c27f4e3f542c7ec95f3edcb92d8f72ce518aea26b39388ac0','198507242011012015',0,'2021-06-08 11:18:55','2021-06-08 11:26:05','2018-01-03 10:43:10',NULL,NULL,NULL,NULL,NULL,'10.15.32.218','Rahadhini Ayu Setyaningrum','198507242011012015',0),
(35,'tobingyosie@yahoo.com','8e35eae57179c90161447b01ac20fcede159de25dd8cd8e171cd70be3dc3dcc4','183768',0,'2021-07-07 08:00:28','2021-07-07 08:02:52','2018-01-03 10:43:11',NULL,NULL,NULL,NULL,NULL,'10.15.32.218','dr.Yosui Eka Karuniawati','198609142014032002',1),
(36,'default@mail.com','b1d14021de8d9c28e0640861ba41d215e1ed6e9a8c3bd56b493e191871551237','195708081983112002',0,'2021-05-04 15:24:18','2021-05-04 15:48:27','2018-01-03 10:43:11',NULL,NULL,NULL,NULL,NULL,'10.15.32.218','Yuyut Indrawati','195708081983112002',0),
(37,'default@mail.com','c553a593a5c0c85043b30d55ba261983644a40cc98966b9cda9beeed78767fdd','195810141987102001',0,'2021-07-02 20:10:37','2021-07-02 20:42:41','2018-01-03 10:43:11',NULL,NULL,NULL,NULL,NULL,'10.15.32.219','Homalessy Rosalina','195810141987102001',0),
(38,'budisuryoningsih@gamail.com','4de812247f8d6b69bb8cbd3b803126f151669fe64deed692651fc77c40c8477a','196512241993022001',0,'2021-05-27 10:21:09','2021-05-27 10:22:36','2018-01-03 10:43:11',NULL,NULL,NULL,NULL,NULL,'10.15.32.219','Budi Suryoningsih','196512241993022001',0),
(39,'default@mail.com','f5e061919f4618f82ad73166f73c1c0f0e9b8d8f764c5a1f8bcc5b5d395e5c78','196610101993022003',0,'2021-07-01 16:12:54','2021-07-01 16:15:42','2018-01-03 10:43:11',NULL,NULL,NULL,NULL,NULL,'10.15.32.219','Henny Oktaria Aziz','196610101993022003',0),
(40,'default@mail.com','9ae8ce1aa8668241895c3d5ba1b355876aea8c1b87793ec9dc8149f7c82e035c','196410251992032004',0,'2019-06-25 15:17:52','2019-06-25 15:17:52','2018-01-03 10:43:11',NULL,NULL,NULL,NULL,NULL,'36.70.121.41','Katarina Dairi','196410251992032004',0),
(41,'default@mail.com','df6b27ab0b0dd2c3bea861b416550cf5142f389b655a513ae59041c2be880469','195910301984032002',0,'2019-08-21 11:25:37','2019-08-21 11:28:02','2018-01-03 10:43:11',NULL,NULL,NULL,NULL,NULL,'36.84.141.135','Hajar Noer Hayati','195910301984032002',0),
(42,'default@mail.com','be97c154b2407af03e149f9723ed603133813ccb6bd50f79aa709648cf04cef3','agungtia',0,'2021-07-05 10:04:32','2021-07-05 11:18:13','2018-01-03 10:43:11',NULL,NULL,NULL,NULL,NULL,'10.15.32.218','Agung Setiayanti','198508302011012015',1),
(43,'default@mail.com','3d91328a84bcf8da8e7cee5dc7fc72da149ab0a121ed02a37ed03588118fee2c','199108042014032001',0,'2019-10-01 14:50:56','2019-10-01 14:51:48','2018-01-03 10:43:11',NULL,NULL,NULL,NULL,NULL,'180.244.209.159','Erni Engeline, A.Md. Farm','199108042014032001',0),
(44,'default@mail.com','7bb4995fd65cb801ae42b6549bd6155854bf0620649f277b6bdaf1650790c3a7','196601121986022004',0,'2019-11-18 14:37:46','2019-11-18 14:42:01','2018-01-03 10:43:11',NULL,NULL,NULL,NULL,NULL,'125.166.90.180','Delfina Mariany Purba','196601121986022004',0),
(45,'default@mail.com','715edfc3a8abad9a494ac4e25435e2d2dcdda353e124fd160831f958b74d45d3','197108131998032004',0,'2020-08-03 07:57:12','2020-08-03 08:01:18','2018-01-03 10:43:12',NULL,NULL,NULL,NULL,NULL,'10.15.32.219','Neny Agustini','197108131998032004',0),
(46,'default@mail.com','8058b78357e1666de78ad8fc8507ed0817820d3482bdc6e696e67473a4ef7756','197006021993032005',0,'2019-06-28 10:21:50','2019-06-28 10:22:23','2018-01-03 10:43:12',NULL,NULL,NULL,NULL,NULL,'36.70.121.41','Yuni Adriani','197006021993032005',0),
(47,'default@mail.com','8306d71a257ec14298c45eccec36c11317a11064f2e8a728e792c927bc8fca12','196905141991012001',0,'2018-02-01 14:12:45','2018-02-01 14:12:45','2018-01-03 10:43:12',NULL,NULL,NULL,NULL,NULL,'110.138.125.26','Ernawati','196905141991012001',0),
(48,'default@mail.com','1a76d48f9fd5134027dd6c0719b727358d26ad124452a521c0031eff57e6afba','196002291983012001',1,NULL,NULL,'2018-01-03 10:43:12',NULL,NULL,NULL,'',NULL,NULL,'Noorce Umboh','196002291983012001',0),
(49,'default@mail.com','164d2c9dde0d67ff67c88fc2186531b1c3a044d2f5dad22fb2c098b0739428f7','197505291996032004',0,'2019-10-22 12:17:13','2019-10-22 12:19:10','2018-01-03 10:43:12',NULL,NULL,NULL,NULL,NULL,'180.243.44.110','Sulastri Kusmala Dewi S','197505291996032004',0),
(50,'default@mail.com','c24b0ff6dd5df8ea3aa63437839020a987a2f726e0308e38f0d80f2c6691d811','197905172007012022',0,NULL,NULL,'2018-01-03 10:43:12',NULL,NULL,NULL,NULL,NULL,NULL,'Eli Nurhayati','197905172007012022',0),
(51,'default@mail.com','636ab7246d628a02fdfb3855fc48c456d12e9f7b7f3d3a874adcfd9ea4a1c22c','197905202008012032',0,'2018-07-13 12:39:46','2018-07-13 12:40:47','2018-01-03 10:43:12',NULL,NULL,NULL,NULL,NULL,'125.166.74.28','Maysa Rachmawati','197905202008012032',0),
(52,'default@mail.com','380d2c6aee00510dddf300d68a1daffd3902cc98caa630f066c1635f702e8443','198212082011011009',0,'2021-07-05 10:34:18','2021-07-05 10:43:33','2018-01-03 10:43:12',NULL,NULL,NULL,NULL,NULL,'10.15.32.218','Herman Susilo','198212082011011009',0),
(53,'default@mail.com','98920a85f1f1bbfc902b982350332f5c309f91a21d165cf1f6075b4abe2a70f7','198205292007012006',0,'2019-11-19 11:51:47','2019-11-19 11:52:01','2018-01-03 10:43:12',NULL,NULL,NULL,NULL,NULL,'125.166.90.180','Sri Haryati','198205292007012006',0),
(54,'default@mail.com','fefc81348f2f338ddb02ec55a5f58e50fe7491106e7eb2870db13134a18c39cc','mellgomell',0,'2021-06-04 12:26:11','2021-06-04 12:29:01','2018-01-03 10:43:13',NULL,NULL,NULL,NULL,NULL,'10.15.32.219','Melisa Mustikawati, A.Md.Kep.','199105062014032001',0),
(55,'default@mail.com','23783437e93c6548a4638c6336d539d08e6261b045140a26c08550513b73eb03','199004192014031002',0,'2021-06-06 17:19:43','2021-06-06 17:37:24','2018-01-03 10:43:13',NULL,NULL,NULL,NULL,NULL,'10.15.32.219','Ade Ryandhono, A.Md.Kep.','199004192014031002',0),
(56,'n12hni@yahoo.com','c0548f931cc3f387130c2517c57716507df5022daae67b7781aa44c5c282489f','nui',0,'2018-01-31 08:48:42','2018-01-31 09:01:17','2018-01-03 10:43:13',NULL,NULL,NULL,NULL,NULL,'125.166.93.227','Nurhaeni','198002122008012033',1),
(57,'default@mail.com','e91329c693a57215abb60dc0d31c2a1735371f14f95594fa7b551197df548f93','196110091983022001',1,'2018-12-17 07:37:31','2018-12-17 07:44:17','2018-01-03 10:43:13',NULL,NULL,NULL,'',NULL,'36.84.143.184','Puji Wahyuni','196110091983022001',0),
(58,'default@mail.com','d71196ef6d36110db2bc3cf134dedb48d08c62626adcbd0af435eecc576db4fc','196003071980122004',1,'2018-02-21 12:11:14','2018-02-21 12:14:34','2018-01-03 10:43:13',NULL,NULL,NULL,'',NULL,'36.84.116.25','Sumarni Sebayang','196003071980122004',0),
(59,'default@mail.com','6da20f5cb0d2c9904135657224d7c5e92ee22996b9f6fa64a5db067c3621ccfa','197211171994032002',0,'2018-04-03 08:09:14','2018-04-03 08:12:49','2018-01-03 10:43:13',NULL,NULL,NULL,NULL,NULL,'61.5.94.22','Kunmaryani','197211171994032002',0),
(60,'default@mail.com','67c749745501fa583c20e593d2036adc03c78f6b381e9ba5f8c8288f875309c9','196912231990032005',0,'2018-06-21 07:29:56','2018-06-21 07:38:45','2018-01-03 10:43:13',NULL,NULL,NULL,NULL,NULL,'36.70.187.160','Yesni Syarbaini','196912231990032005',0),
(61,'default@mail.com','f81d958cd4318a5c5ee5ee08988cef397cf4ee1eff463d7ff021d4462cddd34e','196501251990032006',0,'2018-11-30 10:56:25','2018-11-30 11:06:17','2018-01-03 10:43:13',NULL,NULL,NULL,NULL,NULL,'103.209.7.44','Moina Sihombing','196501251990032006',0),
(62,'default@mail.com','7c7f136842f55bbc30e3652bc2e9dcdf81d8f7402aa87bc2ea40ff62e9f8ceae','196202101983112002',0,'2020-06-24 09:12:11','2020-06-24 09:12:11','2018-01-03 10:43:13',NULL,NULL,NULL,NULL,NULL,'10.15.32.218','Zaerina','196202101983112002',0),
(63,'default@mail.com','58ebe8fc399c78c3cbc94e31396fdb4704f1e02b7a41114e117b23b8e0e2f76b','196809241991032006',0,'2019-07-30 09:56:47','2019-07-30 09:59:36','2018-01-03 10:43:13',NULL,NULL,NULL,NULL,NULL,'110.138.88.5','Wiwik Surtika Dewi','196809241991032006',0),
(64,'default@mail.com','278721290bf5bf47d8dea5633682d3d2b39970e809debb435d2499e2b44b2ac3','197210191993032003',0,'2018-12-20 09:26:14','2018-12-20 09:28:32','2018-01-03 10:43:14',NULL,NULL,NULL,NULL,NULL,'103.209.7.44','Romauli Sitompul','197210191993032003',0),
(65,'default@mail.com','90da9651f7e95268f92cd3c017800082ade96ce72702b1d5360e6e05a461c174','196701021990032004',0,'2021-07-01 15:04:58','2021-07-01 15:04:58','2018-01-03 10:43:14',NULL,NULL,NULL,NULL,NULL,'10.15.32.218','Siti Ruliyah','196701021990032004',0),
(66,'default@mail.com','36f413a0d131a84189dc3bce47d27227a07e598f9aced8903c84ae6e22f91d04','197211171993012001',0,NULL,NULL,'2018-01-03 10:43:14',NULL,NULL,NULL,NULL,NULL,NULL,'Yuli Marnis','197211171993012001',0),
(67,'default@mail.com','62062a1dee167e7f6b94f46539d36b98a88e6e89577fc6805d07d9e77f4aa958','198511092010012039',0,'2020-09-22 14:28:03','2020-09-22 14:28:03','2018-01-03 10:43:14',NULL,NULL,NULL,NULL,NULL,'10.15.32.218','Mutia Novinina','198511092010012039',0),
(68,'default@mail.com','76f15dcdbaabbd3765de5cbe3c9b9b2a2240c8ff94938dafb975a00ee84cc0d6','198501162010012026',0,'2019-11-22 06:37:21','2019-11-22 06:39:51','2018-01-03 10:43:14',NULL,NULL,NULL,NULL,NULL,'125.166.90.180','Silvia Oka Ayuphita, AM.Keb','198501162010012026',0),
(69,'default@mail.com','51b5d8e561bb3ed5177c0057d6edefeeba0fc32c2eda7f0a0359d3a468a67470','198204022008012030',0,'2018-02-01 14:33:25','2018-02-01 14:33:25','2018-01-03 10:43:14',NULL,NULL,NULL,NULL,NULL,'115.178.211.8','Maswah','198204022008012030',0),
(70,'default@mail.com','8880394d79530222bea8eabae88fdbbb215b68489fecf67b6a7e0a2b2d2b6b24','199001282014032003',0,'2018-10-15 13:48:45','2018-10-15 13:53:09','2018-01-03 10:43:14',NULL,NULL,NULL,NULL,NULL,'180.252.216.253','Hanifah Fauziyyah, A.Md.Keb.','199001282014032003',0),
(71,'devirahmaa@gmail.com','7a548aebaf5d00e3429f90594ee6e9bfafdd527c93e107499e8bcdc0e5451916','199206042014032001',0,'2021-04-09 08:03:03','2021-04-09 08:04:10','2018-01-03 10:43:14',NULL,NULL,NULL,NULL,NULL,'10.15.32.219','Devi Rahmayani Budaya Putri, A.Md.Keb.','199206042014032001',0),
(72,'default@mail.com','01dcc5770d447ed93a20f2c48b163954f942771d8f525a4d598ea3307504921d','196808051992032008',0,'2021-06-06 10:09:14','2021-06-06 10:21:53','2018-01-03 10:43:14',NULL,NULL,NULL,NULL,NULL,'10.15.32.218','Sri Supraptiningsih','196808051992032008',0),
(73,'default@mail.com','3824a4f9cfb4275b25eef4d25ddf688a6eac1789fbee209c17d8d232efe65e94','197212061996032002',0,'2020-02-18 09:30:08','2020-02-18 09:30:08','2018-01-03 10:43:14',NULL,NULL,NULL,NULL,NULL,'10.15.32.219','Elseria Sianipar','197212061996032002',0),
(74,'default@mail.com','1fde7446001334daff73c7d27ccdc4d3dee088c36d12fcb8997537ce79b6a5d6','196909191991032004',0,'2019-11-14 14:41:04','2019-11-14 14:41:50','2018-01-03 10:43:15',NULL,NULL,NULL,NULL,NULL,'36.71.212.102','Melita Simorangkir, SKM','196909191991032004',0),
(75,'default@mail.com','81071bfbc060c553ae5cdb18b02a2d7fdabba929f26dcaa62eaaee5e7c5c7579','198809222010012012',0,'2021-07-06 14:11:57','2021-07-06 14:12:15','2018-01-03 10:43:15',NULL,NULL,NULL,NULL,NULL,'10.15.32.218','Dwi Soviarni, A.Md. Fis.','198809222010012012',0),
(76,'default@mail.com','015962f4afe3f22a4c14cdf6fee2f432ba520f273e1b3f38b97c8202dbd371b4','agustina',0,'2021-07-01 15:36:28','2021-07-01 15:36:38','2018-01-03 10:43:15',NULL,NULL,NULL,NULL,NULL,'10.15.32.218','Agustina Yuniati','1020184119760626200501003',1),
(77,'default@mail.com','e85cc2f75745395814e818b02ae00fe4db02d836a87c86980d794d8bedbb2685','1020184119910606201605100',0,'2021-07-01 13:05:46','2021-07-01 13:05:55','2018-01-03 10:43:15',NULL,NULL,NULL,NULL,NULL,'10.15.32.219','Ayu Yuningsih','1020184119910606201605100',0),
(78,'rajasimanihuruk@gmail.com','62be384607923946bdd099f83c878bac2192f5a54899e8035c70e302f09bc8d0','hasudungan',0,'2021-06-30 16:49:23','2021-06-30 17:01:23','2018-01-03 10:43:15',NULL,NULL,NULL,NULL,NULL,'10.15.32.218','Hasudungan Simanihuruk','1020184119900821201510064',1),
(79,'default@mail.com','d1d70b17301ad3885da4e157a605ad740492030f345f2d919fdf25d1861235e8','ibnuardhi',0,'2021-07-01 00:52:06','2021-07-01 00:52:15','2018-01-03 10:43:15',NULL,NULL,NULL,NULL,NULL,'10.15.32.219','Ibnu Ardhi','1020184119930127201605101',1),
(80,'m.23fahlefi@gmail.com','0c89eb4b46bc7ce185f590772c78745bbabd1262fbc1b926e5a27806bd60d0b7','merza fahlefi',0,'2021-07-05 18:37:59','2021-07-05 18:57:05','2018-01-03 10:43:15',NULL,NULL,NULL,NULL,NULL,'10.15.32.219','Merza Fahlefi','1020184119800523201106028',1),
(81,'dhona83@gmail.com','b5e2e33069f663d641e2d0e3374c2ced375470554a80092ebf162e929048e225','dhona iriandes',0,'2021-06-30 17:46:10','2021-06-30 17:52:04','2018-01-03 10:43:15',NULL,NULL,NULL,NULL,NULL,'10.15.32.219','Kus May Dona Irandes','1020184119830509201101020',1),
(82,'suwardidirun@gmail.com','1822ae81d9ae83e3a46d3472e5222b2829db5e1e31a6648ba8e091bf11be0a51','suwardi',0,'2021-06-30 17:03:51','2021-06-30 17:07:13','2018-01-03 10:43:15',NULL,NULL,NULL,NULL,NULL,'10.15.32.219','Suwardi','1020184119631018198606002',1),
(83,'erna10927@gmail.com','76cae03ec4a795da34b1ce3ac347e9e4345422103a7a29ea50b78d7591bd9832','ernawati',0,'2021-07-06 08:24:46','2021-07-06 08:33:03','2018-01-03 10:43:15',NULL,NULL,NULL,NULL,NULL,'10.15.32.219','Ernawati','1020184119920106201201030',1),
(84,'franspkm@gmail.com','b0409c8e8463a6dc57f1782099745364693ee9a5f9d1aa8ebbc3ff9fdeff31c3','frans',0,'2021-07-03 00:38:14','2021-07-03 00:38:40','2018-01-03 10:43:16',NULL,NULL,NULL,NULL,NULL,'10.15.32.218','Frans Julianto','1020184119890703201510056',1),
(85,'restusyabani@gmail.com','cfb7a0834751c4929ada9837965270e4af8eca8019d11b89dfe1c4c0345f5438','Restusya',0,'2021-07-06 10:05:42','2021-07-06 10:07:15','2018-01-03 10:43:16',NULL,NULL,NULL,NULL,NULL,'10.15.32.219','Restu Syabani','1020184119950103201605102',1),
(86,'aguseaven@gmail.com','6189273ef50709bf690754961daf5098fb86f15d1b844bacda18af021647469f','agussusanto',0,'2021-06-30 22:50:15','2021-06-30 22:56:08','2018-01-03 10:43:16',NULL,NULL,NULL,NULL,NULL,'10.15.32.218','Agus Susanto','1020184119970830201605103',1),
(87,'ynrdhaditya@gmail.com','43003e25aa2a00e6589a8b14556d3d6c032e06e0ece4da9c589b86da4c53f6d1','Yannuardhi',0,'2021-07-06 20:11:33','2021-07-06 20:12:21','2018-01-03 10:43:16',NULL,NULL,NULL,NULL,NULL,'10.15.32.218','Yanuardhi Aditya','1020184119940602201605104',1),
(88,'muhammadfahrudin36@gmail.com','aa1d5657f4ea865a6ff3b8b7f49a01de3a52c631ff40a08618973706e9139f4b','fahrudin',0,'2021-07-07 07:02:10','2021-07-07 07:03:31','2018-01-03 10:43:16',NULL,NULL,NULL,NULL,NULL,'10.15.32.218','Mohammad Fahrudin','1020184119970817201605105',1),
(89,'sarjopkc@gmail.com','ecd4c401d8f7c411263c7694f249a035e832be8df2bfd9ae32f9e54f1c23721e','sarjo',0,'2021-07-05 08:47:00','2021-07-05 09:55:56','2018-01-03 10:43:16',NULL,NULL,NULL,NULL,NULL,'10.15.32.218','Sarjo','1020184119641112198508001',1),
(90,'ogghie.mardianto@gmail.com','617f36ea1c614154e202927b795e9987f351c55a1cde9783c30d7051d199fe6b','yogi',0,'2021-07-05 14:47:01','2021-07-05 14:49:02','2018-01-03 10:43:16',NULL,NULL,NULL,NULL,NULL,'10.15.32.218','Yogi Mardianto','1020184119920327201304054',1),
(91,'ekoischadarto@gmail.com','76879e36acea3bc3f79ff03e9616ffbc10854af5f91488ff91b013889d10d8bb','Eko Ischadarto',0,'2021-07-01 22:04:29','2021-07-01 22:07:02','2018-01-03 10:43:16',NULL,NULL,NULL,NULL,NULL,'10.15.32.218','Eko Ischadarto','1020184119800226201005017',1),
(92,'sumolangeddy13@gmail.com','9e9fa248eed5d1efbe89b522e9dd37e809c302da4f20c646ff4cade15e72c480','eddy',0,'2021-07-01 00:26:38','2021-07-01 00:26:43','2018-01-03 10:43:16',NULL,NULL,NULL,NULL,NULL,'10.15.32.218','Eddy Y Sumolang','1020184119691213201004016',1),
(93,'ikhromdarwanto1975@gmail.com','d28785e03b7e64524b32943f23bc9c1c8d79a679673f60dea8a8dc0062067381','ikhrom',0,'2021-07-01 19:43:05','2021-07-01 19:45:13','2018-01-03 10:43:17',NULL,NULL,NULL,NULL,NULL,'10.15.32.218','Ikhrom Darwanto','1020184119750109201002018',1),
(94,'heriyansyah50837@gmail.com','30b3510d4932dc92adb933409c373e775840d32bcebce1c3af919d8cd5cf0c04','heriyansyah',0,'2021-06-30 22:24:16','2021-07-01 00:38:51','2018-01-03 10:43:17',NULL,NULL,NULL,NULL,NULL,'10.15.32.218','Heriansyah','1020184119850828201605106',1),
(95,'wawanfirmansyah767@gmail.com','c695fb776a20a9bdba3c7e1c015335ebc0a10fab37ea736938f6cd7ec2007cff','awan firmansyah',0,'2021-06-30 20:05:03','2021-06-30 20:08:29','2018-01-03 10:43:17',NULL,NULL,NULL,NULL,NULL,'10.15.32.218','Awan Firmansyah','1020184119870409201710107',1),
(96,'bayuadi.kurnia.p@mail.com','887556a324eaf1ec2aee1ff651494d54439b3ab1f363e1276fedaf71ade93791','bayuadi89',0,'2021-07-01 16:08:59','2021-07-01 16:09:05','2018-01-03 10:43:17',NULL,NULL,NULL,NULL,NULL,'10.15.32.218','Bayuadi Kurnia Putra','1020184119890601201304053',1),
(97,'default@mail.com','a16bbffa53efe68e08ad1c62728f1dba208aa69f16ce495e41c201dfdd9f6983','dwiwidiyastoto',0,'2021-06-22 14:42:48','2021-06-22 14:58:12','2018-01-03 10:43:17',NULL,NULL,NULL,NULL,NULL,'10.15.32.219','Dwi Widiyastoto','1020184119871219201701144',1),
(98,'riayoppaputrisari@gmail.com','83d0681e11ac40693caf1bafde5940250ec4cb3d19a910a7f6a3c7469dfcc69d','RIA YOPPA PUTRI SARI',0,'2021-06-30 21:37:52','2021-06-30 21:54:02','2018-01-03 10:43:17',NULL,NULL,NULL,NULL,NULL,'10.15.32.219','Ria Yoppa Putri Sari','1020184119851223201510066',1),
(99,'husnulfakhri@gmail.com','9ff6ca63aa6e3ead88691b7b0ba802af5fa9dd847c4cfc7860f41af903c981db','geniouz',0,'2021-07-07 14:53:40','2021-07-07 15:04:16','2018-01-03 10:43:17',NULL,NULL,NULL,NULL,NULL,'::1','Husnul Fakhri','1020184119900509201510068',1),
(100,'sarahafifah18@ymail.com','2a2f7e137540251f49ce4bac02be0f960d3f44fef40d10e67538e4deb4721be9','sarah1811',0,'2021-07-06 13:24:07','2021-07-06 13:24:19','2018-01-03 10:43:17',NULL,NULL,NULL,NULL,NULL,'10.15.32.219','Sarah Afifah','1020184119911118201510069',1),
(101,'malikiahmad11@gmail.com','4f1e8b1e49638bdc61f0640759ee0c72154b1da843d0bf984131eb1414cc832c','201707152',0,'2021-05-22 13:24:44','2021-05-22 13:25:46','2018-01-03 10:43:17',NULL,NULL,NULL,NULL,NULL,'10.15.32.218','Maliki Ahmad Nur','1020184119900911201707152',1),
(102,'abay.mt.18@gmail.com','296022c6c800ea5d559eadc6f4f469840e3fd5a86f93e668cf963035ca01c1d8','Akbar M T',0,'2021-07-01 20:24:44','2021-07-01 21:28:40','2018-01-03 10:43:18',NULL,NULL,NULL,NULL,NULL,'10.15.32.219','Akbar Mei Trianto','1020184119930518201304052',1),
(103,'default@mail.com','35e6bd17520e81a1f7747816a14355b035a3deffe0c4be097f70b4764d747c51','1020184119811111201304047',0,'2021-07-04 22:08:21','2021-07-04 22:11:36','2018-01-03 10:43:18',NULL,NULL,NULL,NULL,NULL,'10.15.32.219','Primanto Fatha Satria','1020184119811111201304047',0),
(104,'cassanovasendi16@gmail.com','bab4f09ed0924ad17707ca4f164d15a7ac3587a45fa40fc1e19cdd1f7138e0a8','Sendi Agustian',0,'2021-07-01 07:20:46','2021-07-01 08:17:53','2018-01-03 10:43:18',NULL,NULL,NULL,NULL,NULL,'10.15.32.219','Sendy Agustian','1020184119870820201304055',1),
(105,'deboranatalia1512@gmail.com','a1ae4b00cdc35f176ecea0f40ccec9a93873580171d59cc35b887cb8015c66a6','DEBORA',0,'2021-07-04 13:35:04','2021-07-04 13:35:08','2018-01-03 10:43:18',NULL,NULL,NULL,NULL,NULL,'10.15.32.218','Debora Natalia','1020184119861215201303039',1),
(106,'default@mail.com','13d7d0e2dda141a67a0b01c6d9f56b41fa4c5bc3c579a95fc834fc72bce90e52','Ahmad Arief Nur Wibowo',0,'2021-07-01 13:43:32','2021-07-01 13:58:49','2018-01-03 10:43:18',NULL,NULL,NULL,NULL,NULL,'10.15.32.219','Ahmad Arief Nur Wibowo','1020184119880920201303038',1),
(107,'default@mail.com','26dc00aee2e0a5df226ef726a179a3474bcf51d17ee7c849547b68e72979434d','SETIAWATI',0,'2021-07-06 12:40:42','2021-07-06 13:19:57','2018-01-03 10:43:18',NULL,NULL,NULL,NULL,NULL,'10.15.32.219','Setiawati','1020184119840716201404062',1),
(108,'silva26.alamrie@gmail.com','c187b137a0083e77dc40981b4564539da52598eb589956ba7982f0ea5f373017','Silvana muhamad alamrie',0,'2021-06-27 19:36:32','2021-06-27 19:46:47','2018-01-03 10:43:18',NULL,NULL,NULL,NULL,NULL,'10.15.32.219','Silvana Muhamad Alamrie','1020184119891031201304056',1),
(109,'jakasamudrasyukri0808@gmail.com','4b874fe05bf70e019f9a71137fbc5169a2b08231c12862545ea7fce6760e6aa7','samudra',0,'2021-06-30 08:47:50','2021-06-30 08:48:10','2018-01-03 10:43:18',NULL,NULL,NULL,NULL,NULL,'10.15.32.219','Jaka Samudra','1020184119860808201510067',1),
(110,'tenyfebry@gmail.com','ef11ae49790d446cff6a5f826e7d219fa3065f000ca0c1a7b7ba29c73317fbf5','19880314201104026',0,'2021-07-01 07:25:13','2021-07-01 07:50:19','2018-01-03 10:43:18',NULL,NULL,NULL,NULL,NULL,'10.15.32.218','Teny F Nurdin','1020184119880314201104026',1),
(111,'default@mail.com','4d5439ecd13ad38ce884322fd6472838efdd4e27957846cc687219381b797b15','hasanah',0,'2021-07-04 07:02:06','2021-07-04 07:31:31','2018-01-03 10:43:19',NULL,NULL,NULL,NULL,NULL,'10.15.32.218','Hasanah','1020184119720903201601099',1),
(112,'ypuskesmas@gmail.com','70638eadd7d80a3bfa1929aa458c721f9fd525bcea45d4bd6a4a84efe8b81dac','Yeti',0,'2021-06-30 16:09:57','2021-06-30 16:40:11','2018-01-03 10:43:19',NULL,NULL,NULL,NULL,NULL,'10.15.32.219','Yeti','1020184119720404201401060',1),
(113,'default@mail.com','0d345d675c9c4d9c416dde7dceede08f486336e433ad0e9bb9df4c2161568c09','anto coy',1,'2018-12-31 07:03:23','2018-12-31 07:33:43','2018-01-03 10:43:19',NULL,NULL,NULL,'',NULL,'36.70.29.114','Anto','1020184119961118201710160',1),
(114,'default@mail.com','c43f32cde45e15f413dd996cf8ada80e9d8eaef8a5dbb9e920840497f6216fc7','1020184119810822201710161',0,'2021-06-30 15:49:36','2021-06-30 15:52:54','2018-01-03 10:43:19',NULL,NULL,NULL,NULL,NULL,'10.15.32.219','Bagus Kurniawan','1020184119810822201710161',0),
(115,'default@mail.com','027286b52d62bcfb7e80e12fb498a2c2f82bff8939f44b153b8e23c6e19e8bd4','1020184119750610200501004',0,'2021-06-22 08:56:42','2021-06-22 08:57:25','2018-01-03 10:43:19',NULL,NULL,NULL,NULL,NULL,'10.15.32.219','Saikin','1020184119750610200501004',0),
(116,'default@mail.com','db8c97afc8e60d443f0994cb7c702aaa506a74a69ff1d47f70ec4c892da88200','Liada',0,'2021-07-06 14:05:15','2021-07-06 14:07:58','2018-01-03 10:43:19',NULL,NULL,NULL,NULL,NULL,'10.15.32.219','Liada','1020184119890410201304046',1),
(117,'default@mail.com','b5c2bf957cdd0e3bb293fbb62743a8ad5bf23eb53a57d7d46eb2740529b08d4f','nurul handayani',0,'2021-07-07 07:29:42','2021-07-07 07:30:05','2018-01-03 10:43:19',NULL,NULL,NULL,NULL,NULL,'10.15.32.218','Nurul Handayani','1020184119930729201304045',1),
(118,'default@mail.com','240014f6b28be192def9279d7bbf0a893bb4edce0dc6ca430c5152329244f938','skylab',0,'2021-07-06 10:03:09','2021-07-06 10:04:51','2018-01-03 10:43:20',NULL,NULL,NULL,NULL,NULL,'10.15.32.219','Skylab Sariyati','1020184119790712201308058',1),
(119,'default@mail.com','7734b863d53030a59ca1a285366c9fe05b404ed63c18402e8a3e7b9e61976822','1020184119801117200911015',0,'2021-06-30 14:37:41','2021-06-30 14:50:29','2018-01-03 10:43:20',NULL,NULL,NULL,NULL,NULL,'10.15.32.219','Alfriyano Arsie','1020184119801117200911015',0),
(120,'anyra_ivon@gmail.com','28fef570db3c7f1dc80ba9d2e522bb1d225f2e23aa0f008d341209aa25a488dd','arinanoviyanti',0,'2020-10-01 10:26:01','2020-10-01 10:30:43','2018-01-03 10:43:20',NULL,NULL,NULL,NULL,NULL,'10.15.32.218','Arina Novianti','1020184119821116201510070',1),
(121,'mei.rumiyati@gmail.com','d7ca8732cbf59c7c84e9450e26526d14a38bf2a40522a80047eb80e89be5e267','mymalakias',0,'2021-07-02 18:34:48','2021-07-02 18:41:56','2018-01-03 10:43:20',NULL,NULL,NULL,NULL,NULL,'10.15.32.219','M.G. Mei Rumiyati','1020184119710501200902014',1),
(122,'default@mail.com','eb938e57988447180c22d9e494330ebf0c013f37b435c5651c63d86db8a7183d','dr marloni',0,'2021-06-30 14:58:50','2021-06-30 15:14:09','2018-01-03 10:43:20',NULL,NULL,NULL,NULL,NULL,'10.15.32.219','Marloni Marsada Astrid','1020184119870429201510071',1),
(123,'default@mail.com','96eec153931787621b5f81b06e820137d230e4672befe803eb9ef9386e2f1877','MIKI',0,'2021-07-06 12:28:57','2021-07-06 12:38:10','2018-01-03 10:43:20',NULL,NULL,NULL,NULL,NULL,'10.15.32.219','Meike Pudjiastuti','1020184119760518201510072',1),
(124,'natmauziee@gmail.com','8787c06fae8abcd932423e84f2ef753563cc2976242f997d02cb0b9515ed4f9b','Natasya Sintawati',0,'2021-07-06 07:34:35','2021-07-06 07:36:36','2018-01-03 10:43:20',NULL,NULL,NULL,NULL,NULL,'10.15.32.219','Natasya Sintawati','1020184119830625201510073',1),
(125,'dewikrsna@gmail.com','dfe74955a0232bf271c6dc99fca3f1f7058a490a7fa4793d772e52d588debd74','dewikenken',0,'2021-07-06 08:30:04','2021-07-06 08:30:09','2018-01-03 10:43:20',NULL,NULL,NULL,NULL,NULL,'10.15.32.218','Ni Made Ayu Dewi','1020184119760920201201031',1),
(126,'dr.nuramalia@yahoo.co.id','84bd5ce391c153c43738ebd97d65ee1827dfdbd293c6d0601b166976e9c74429','Nur Amalia',0,'2021-06-30 13:52:07','2021-06-30 14:13:27','2018-01-03 10:43:21',NULL,NULL,NULL,NULL,NULL,'10.15.32.219','Nur Amalia Basri','1020184119830531201510074',1),
(127,'default@mail.com','1d2c3148682a936a6c7e30b4c086d4da5c6127840e9a27a57f60cdc713cb2fe9','Emma Junita',0,'2021-07-06 12:13:09','2021-07-06 12:13:26','2018-01-03 10:43:21',NULL,NULL,NULL,NULL,NULL,'10.15.32.219','Emma Junita','1020184119810620201605108',1),
(128,'laura.syerin.n@gmail.com','d8b924db166bc0ba7bc46999cdcf8797617d295f5e4a90d8161e985993413a87','drlaurasyerin',0,'2021-06-02 06:50:29','2021-06-02 06:50:36','2018-01-03 10:43:21',NULL,NULL,NULL,NULL,NULL,'10.15.32.218','Laura Syerin','1020184119900206201605109',1),
(129,'default@mail.com','c2ea718a8b20b206c232a82c41396581b7089c153c72b27acfc633bdd7aa6857','1020184119780703201605110',1,NULL,NULL,'2018-01-03 10:43:21',NULL,NULL,NULL,'',NULL,NULL,'Niken Sulastri','1020184119780703201605110',0),
(130,'immasyintia@gmail.com','f3600959fcffa9ff66415ebf33a410138f1a28db9e8110545d6c904dc5838337','mimmarose',1,'2018-12-31 18:22:25','2018-12-31 18:36:02','2018-01-03 10:43:21',NULL,NULL,NULL,'',NULL,'125.165.136.39','Imma Syintia Rose','1020184119850205201606111',1),
(131,'default@mail.com','eecdd17ab7981062fdf1a2e9ac6476933ef1b9c1ad08c02ce51466ca43df4b1a','muhamaddwiputra',0,'2021-06-30 22:58:23','2021-06-30 22:59:07','2018-01-03 10:43:22',NULL,NULL,NULL,NULL,NULL,'10.15.32.219','Muhamad Dwi Putra','1020184119920110201606112',1),
(132,'default@mail.com','4e83533f40c35077a8b5faa3123a79a7d726cf1ab8b858e1624228e13f917686','Dewi Novelina',0,'2021-07-06 10:32:16','2021-07-06 10:34:53','2018-01-03 10:43:22',NULL,NULL,NULL,NULL,NULL,'10.15.32.218','Normala Dewi Nainggolan','1020184119761124201606113',1),
(133,'default@mail.com','7b0f39934d3f3ba6c8de729baa1454963bc619816e4e6086309ed0db931c85a4','sulvitalaunda',0,'2021-06-30 18:02:39','2021-06-30 18:06:24','2018-01-03 10:43:22',NULL,NULL,NULL,NULL,NULL,'10.15.32.218','Sulfita Launda','1020184119900718201606114',1),
(134,'febynyanita@gmail.com','b8416042e9517eca4d7320bef9cad4f86bf0cb916a696ed4a9ba494d004b9770','DWINITA AMANDA',0,'2021-07-05 14:01:30','2021-07-05 14:18:49','2018-01-03 10:43:22',NULL,NULL,NULL,NULL,NULL,'10.15.32.218','Dwinita Amanda','1020184119890920201704145',1),
(135,'indahtrianaputri@gmail.com','65efa84a41283b2fe09bb3098f17967b69867a9fa497a6aa2f8960a7d697b163','indah triana putri',1,'2019-12-27 14:39:52','2019-12-27 14:41:38','2018-01-03 10:43:22',NULL,NULL,NULL,'',NULL,'36.69.243.219','Indah Triana Putri','1020184119930329201704146',1),
(136,'default@mail.com','16cf3fc728a9ceff34e2d73fa0937e39097732fce93c1a8d25c00b061fecd10b','yunitaekaputri',0,'2021-06-30 09:35:56','2021-06-30 11:42:09','2018-01-03 10:43:22',NULL,NULL,NULL,NULL,NULL,'10.15.32.219','Yunita Eka Putri','1020184119880609201605115',1),
(137,'default@mail.com','80fdabfd90b48d01d73e13fd681240e267fa2fd86a55e90241783832b25cb1be','b.anindita.p',0,'2019-01-02 06:22:23','2019-01-02 06:26:04','2018-01-03 10:43:22',NULL,NULL,NULL,NULL,NULL,'139.192.5.69','Besthari Anindita Pramitasari','199112162019032008',1),
(138,'default@mail.com','a0a8342fd888d26e67e669a5c608569b432f696f6c8f86493e9ab4582301b765','MAHESA',0,'2021-06-30 18:58:01','2021-06-30 19:10:48','2018-01-03 10:43:22',NULL,NULL,NULL,NULL,NULL,'10.15.32.218','Mahesa Bonang','1020184119900531201706149',1),
(139,'nandachaerully@gmail.com','1a843dc786b50128752a3e58a61b0be7fad52af1b4f0957e34ebc064a893c1b2','nandachaerully',0,'2019-01-02 14:47:55','2019-01-02 16:18:01','2018-01-03 10:43:22',NULL,NULL,NULL,NULL,NULL,'36.69.212.248','Nanda Chaerully','199204262019032018',1),
(140,'pujaadibimoseno@gmail.com','d2fbf81ac820949ed6b7dd81e96fe57c317124d0ce1f81bb9c9cd6cbde3bafdc','puja adi',0,'2021-06-30 14:26:36','2021-06-30 15:09:27','2018-01-03 10:43:23',NULL,NULL,NULL,NULL,NULL,'10.15.32.219','Puja Adi Bimoseno','1020184119870602201706151',1),
(141,'default@mail.com','718540b000cdbf0a97d46d52dab50083745cc9d8e5f754c8854b72b23ab457f6','hanipanda',0,'2018-12-31 16:18:05','2018-12-31 16:21:54','2018-01-03 10:43:23',NULL,NULL,NULL,NULL,NULL,'36.71.210.115','Hani Amalia','199004072019032006',1),
(142,'default@mail.com','8eeb09b81cdabf7a6331281995175b88eefe2cdd87e769a9616994be166cb5cb','dokcin',0,'2021-06-30 14:09:12','2021-06-30 15:05:48','2018-01-03 10:43:23',NULL,NULL,NULL,NULL,NULL,'10.15.32.218','Azelia Cinta Ayu','1020184119860903201404063',1),
(143,'default@mail.com','0ffbe60b512aa24360f0b1a848a63696526a34eb2684c9a2c906f23fd59de349','anggi hayani',0,'2021-06-30 23:05:10','2021-06-30 23:12:57','2018-01-03 10:43:23',NULL,NULL,NULL,NULL,NULL,'10.15.32.219','Anggi Hayani','1020184119900623201605116',1),
(144,'default@mail.com','6f628849fbfbb72be29ba388ec4e244b8c52253ba84c6314088dc2172f31b463','1020184119860306201605117',0,'2021-07-06 13:19:04','2021-07-06 13:23:59','2018-01-03 10:43:23',NULL,NULL,NULL,NULL,NULL,'10.15.32.218','Debora Veronika','1020184119860306201605117',0),
(145,'default@mail.com','26cc863391e787905fbd643996249a818b644268d7d80ffc8ac68ecec10bf283','1020184119840509201605118',0,'2021-07-05 11:51:52','2021-07-05 11:57:02','2018-01-03 10:43:23',NULL,NULL,NULL,NULL,NULL,'10.15.32.219','Denty Meira Nuswantari','1020184119840509201605118',0),
(146,'default@mail.com','d39444fe4e803505da88667bde2287fb8710e68c61a2fa13e0d2fdac552639d4','ZAENAL',0,'2021-07-05 10:33:15','2021-07-05 10:33:27','2018-01-03 10:43:23',NULL,NULL,NULL,NULL,NULL,'10.15.32.219','Ahmad Zaenal Abidin','1020184119870518201201032',1),
(147,'default@mail.com','78a64aa30082e9c97fec8c7cf3334f722ed5dd66e6c1dc8f7cc9a34b75320cdf','1020184119910527201510075',0,'2021-07-06 14:09:59','2021-07-06 14:10:33','2018-01-03 10:43:23',NULL,NULL,NULL,NULL,NULL,'10.15.32.219','Ambisi Sarjana Putri','1020184119910527201510075',0),
(148,'default@mail.com','e98d333a26ecbf5178f645e1aa8e80a2cf65865cfde52b2e2cd8f2002d4fc2dc','atiyyatul',0,'2021-06-26 05:21:50','2021-06-26 05:28:19','2018-01-03 10:43:23',NULL,NULL,NULL,NULL,NULL,'10.15.32.218','Atiyyatul Maula','1020184119900320201201033',1),
(149,'default@mail.com','21ddc6430115b452d269171d9a4473ebb2e1050b114145c10147e53a3991a25b','desdania',0,'2021-06-30 10:01:50','2021-06-30 10:55:55','2018-01-03 10:43:23',NULL,NULL,NULL,NULL,NULL,'10.15.32.218','Desdania','1020184119841211201304044',1),
(150,'dwi.sraharti@gmail.com','1caf74654edd5aec1853e1659b580ddc351949457d3cc45bcc07c48e42e35d28','dwiwahyu',0,'2021-07-01 06:18:49','2021-07-01 06:19:33','2018-01-03 10:43:23',NULL,NULL,NULL,NULL,NULL,'10.15.32.218','Dwi Wahyu Setyo Raharti','1020184119890122201102029',1),
(151,'ecca.utari@gmail.com','c12308921fba5c266aec9bd4eacc6455483cc948322e4d3ec9d9a6550ae7a5aa','1020184119940302201303036',0,'2021-06-30 15:28:11','2021-06-30 15:30:12','2018-01-03 10:43:24',NULL,NULL,NULL,NULL,NULL,'10.15.32.218','Eka Diah Utari','1020184119940302201303036',0),
(152,'margarethsgraces@gmail.com','310b93f2e380cb81ee72178ac776f1eadaca657b29d71afe850bc59c4e4cf5b4','GGajja',0,'2021-06-30 09:52:59','2021-06-30 10:01:26','2018-01-03 10:43:24',NULL,NULL,NULL,NULL,NULL,'10.15.32.218','Grace Margaretha','1020184119910411201510076',1),
(153,'default@mail.com','37e36327a5c3d3e2fe9f2b435af4aef489d6c86cad8604cdb6a83f8ac2d94458','mutiara astuti',0,'2021-07-02 21:41:29','2021-07-02 21:41:34','2018-01-03 10:43:24',NULL,NULL,NULL,NULL,NULL,'10.15.32.219','Mutiara Astuti','1020184119890501201201034',1),
(154,'default@mail.com','a2093e70a0ab2930d99bf3712d9e9d859bafe0c57b38950e95eb94421c16756a','Novi Fitriani Agustin',0,'2021-07-01 06:57:24','2021-07-01 07:03:04','2018-01-03 10:43:24',NULL,NULL,NULL,NULL,NULL,'10.15.32.219','Novi Fitriani Agustin','1020184119970824201510078',1),
(155,'default@mail.com','2f22702bbfaecce4611f49aad8f994ca3bdcc2662ce3ec0d8efbf6ac5de30c46','1020184119840316201102021',0,'2021-06-29 10:12:51','2021-06-29 10:12:58','2018-01-03 10:43:24',NULL,NULL,NULL,NULL,NULL,'10.15.32.219','Tri Mauresti','1020184119840316201102021',0),
(156,'default@mail.com','c653e088183dedc97a7c3fcc39fd0c836c969b967f5ec13acf1c58693bd1605f','tuty',0,'2021-07-01 14:40:34','2021-07-01 14:44:06','2018-01-03 10:43:24',NULL,NULL,NULL,NULL,NULL,'10.15.32.218','Tuty Sugiarti','1020184119800802201301035',1),
(157,'tha_yank@ymail.com','9745aa40dc28f7d4d59c56623f5a74843dff2fdd314d90e16dacb91b4447d297','citra',0,'2021-06-30 23:32:57','2021-06-30 23:39:44','2018-01-03 10:43:24',NULL,NULL,NULL,NULL,NULL,'10.15.32.218','Citra Purnama Sari','1020184119880820201605119',1),
(158,'farizal.akbar27@gmail.com','72cb3373c855ceb74caab2da86ff144f15488792f54ea440c3c7062f60082696','Farizal Akbar',0,'2021-07-01 19:40:17','2021-07-01 19:42:37','2018-01-03 10:43:24',NULL,NULL,NULL,NULL,NULL,'10.15.32.218','Farizal Akbar','1020184119851027201605120',1),
(159,'default@mail.com','fe068a98d2ce59335c5aa32e96118806c5e4ff190727edc7b9a6934c1783f9be','Ifah puspitasari',0,'2021-07-07 07:49:50','2021-07-07 08:07:05','2018-01-03 10:43:24',NULL,NULL,NULL,NULL,NULL,'10.15.32.219','Ifah Puspitasari','1020184119890129201605121',1),
(160,'default@mail.com','b81c29560be68fad5553d8644c36926742fae585c4a74e6ec314e1435fd84189','trisye Nurpuspitarini',0,'2021-07-01 08:45:30','2021-07-01 08:46:44','2018-01-03 10:43:25',NULL,NULL,NULL,NULL,NULL,'10.15.32.219','Trisye Nurpita','1020184119820223201605122',1),
(161,'default@mail.com','4153a64ba760d56894f38544ae4cc6364b84bfe2ee1d0f8c39f42b3545a2a697','Erni Nopianti',0,'2021-07-03 08:13:03','2021-07-03 08:21:12','2018-01-03 10:43:25',NULL,NULL,NULL,NULL,NULL,'10.15.32.219','Erni Nopianti','1020184119811106200701011',1),
(162,'iivanvoice@gmail.com','696b9baa6ccc5bdc8d94031642fa2b5a013c4bb22e5d619373ecde4beef151ff','Irvan Sofana',0,'2021-06-25 13:15:45','2021-06-25 13:18:40','2018-01-03 10:43:25',NULL,NULL,NULL,NULL,NULL,'10.15.32.219','Irvan Sofana','1020184119920711201510079',1),
(163,'default@mail.com','091bd5f34b4c84c57414ae8c07720b20a41e0448cae010216fbddbcd464721d9','1020184119720930200708007',0,'2021-06-30 16:19:26','2021-06-30 17:25:59','2018-01-03 10:43:25',NULL,NULL,NULL,NULL,NULL,'10.15.32.218','Kuatno','1020184119720930200708007',0),
(164,'maulina.kurniasih@gmail.com','85124df4b5034bb69d7aab874b04d8f613a4714144a1192a2eb939ffeaf3523b','maulina',0,'2021-07-01 15:23:32','2021-07-01 15:26:17','2018-01-03 10:43:25',NULL,NULL,NULL,NULL,NULL,'10.15.32.218','Maulina Kurniasih','1020184119810107200601005',1),
(165,'default@mail.com','e5f207a36c6d9dfda0696c7c1338f9fbb32e09cd90032e64c12f70fd3b61cc41','essya',0,'2021-07-01 07:39:23','2021-07-01 07:41:50','2018-01-03 10:43:25',NULL,NULL,NULL,NULL,NULL,'10.15.32.219','Mira Damayanti','1020184119830520201104025',1),
(166,'www.saintsaiya28@gmail.com','db14f781f28a73d20c21d71d7b020faa655baf46f621bf2e7b477fad1e46fef4','Nurul HUda',0,'2021-07-05 13:45:34','2021-07-05 13:59:51','2018-01-03 10:43:25',NULL,NULL,NULL,NULL,NULL,'10.15.32.219','Nurul Huda','1020184119850228201304057',1),
(167,'sumartiamira@gmail.com','ff29af6aeffa508671c671bc6b22b80dfcf6c62b8e286de03b955d907ccbe3a2','sumarti',0,'2021-07-05 08:01:07','2021-07-05 08:22:10','2018-01-03 10:43:25',NULL,NULL,NULL,NULL,NULL,'10.15.32.219','Sumarti','1020184119790401200701010',1),
(168,'ucipratami@ymail.com','99a63de057fffc4de7b8264d8e2f6716acc5478080565c38bb37024b0e002121','uci pratami',0,'2021-07-05 14:35:01','2021-07-05 14:42:58','2018-01-03 10:43:26',NULL,NULL,NULL,NULL,NULL,'10.15.32.218','Uci Pratami','1020184119890121201510080',1),
(169,'wiji.nurkolip@gmail.com','7440a9d4e1670a07375c9c7d8e95491498f7b7607140aee06def2657be97bc60','WIJI NURKOLIP',0,'2021-07-01 15:23:21','2021-07-01 15:42:20','2018-01-03 10:43:26',NULL,NULL,NULL,NULL,NULL,'10.15.32.219','Wiji Nur Kolip','1020184119830529201304043',1),
(170,'wiwinsetiani048@gmai.lcom','77d7d0cb307d05e5a7cc6cd72cd71f0ca84a20caacc11f324e76d0a952482fa1','wiwinsetiani',1,'2019-12-27 14:47:27','2019-12-27 14:55:28','2018-01-03 10:43:26',NULL,NULL,NULL,'',NULL,'180.242.180.9','Wiwin Satiani','1020184119910330201510081',1),
(171,'default@mail.com','3c92f7ae51a0fe280cd7a86fab5cac3b4a8f4db8d1e2d03e56d24028b7dfd683','1020184119880527201304059',0,'2021-07-07 07:11:28','2021-07-07 07:12:57','2018-01-03 10:43:26',NULL,NULL,NULL,NULL,NULL,'10.15.32.219','Yonas Pahala','1020184119880527201304059',0),
(172,'default@mail.com','e097eb38254c2eb1ea6f4f9da5df46df5f2d9d08f3076f3bdb8a89bc95eefcec','1020184119880718201510082',0,'2021-06-30 16:26:25','2021-06-30 19:02:15','2018-01-03 10:43:26',NULL,NULL,NULL,NULL,NULL,'10.15.32.219','Yuli Supriyani','1020184119880718201510082',0),
(173,'agus.2014.au@gmail.com','6e0aeacf5d41a89a93070b0de297077e234a84959b1c285f84233aaba7facd74','agus eko saputro',0,'2021-06-30 20:37:33','2021-06-30 21:12:15','2018-01-03 10:43:26',NULL,NULL,NULL,NULL,NULL,'10.15.32.219','Agus Eko Saputro','1020184119920822201605123',1),
(174,'ekifimi@mail.com','b68441936c43692de49f41f84ce5b530102ff994f8376e629c71d0f13657aedb','Eki fitriani Miandari',0,'2021-07-02 15:33:34','2021-07-02 15:40:19','2018-01-03 10:43:26',NULL,NULL,NULL,NULL,NULL,'10.15.32.219','Eki Fitriani M','1020184119920402201605124',1),
(175,'default@mail.com','eb882e26fd8d1ac484c2556b09bf1d102ae8657391e252918fe54c1352ed58dc','ferawati',0,'2021-06-30 20:37:23','2021-06-30 21:10:19','2018-01-03 10:43:26',NULL,NULL,NULL,NULL,NULL,'10.15.32.218','Ferawati ','1020184119890829201605125',1),
(176,'tanzafiq@gmail.com','6124a98d57d6108bb3345f5ab5b98ec2da45a1a83ae34ab82672d75fc3ecbf9b','tanza',0,'2021-07-01 07:39:34','2021-07-01 07:48:28','2018-01-03 10:43:26',NULL,NULL,NULL,NULL,NULL,'10.15.32.218','Fiqri Tanza','1020184119931101201605126',1),
(177,'indra.anggapermana@gmail.com','9f962a6252510681589bacb94886a1b3c3d7fe188dcb5e6e47f5077738386a00','indra angga permana',0,'2021-06-30 15:27:01','2021-06-30 15:35:42','2018-01-03 10:43:27',NULL,NULL,NULL,NULL,NULL,'10.15.32.218','Indra Angga P','1020184119930607201605127',1),
(178,'linggawannahari@gmail.com','145c1a88ccbbc4b6373df9942ef618fe0822b2e3b5898c2b72945c2946838d83','linggawannahari',0,'2021-06-30 12:00:25','2021-06-30 12:25:52','2018-01-03 10:43:27',NULL,NULL,NULL,NULL,NULL,'10.15.32.219','Lingga Wannahari S','1020184119940819201605128',1),
(179,'ttommad55@gmail.com','2709bd930153c415777561e7d330c48f5c6315247a214a55fc4b6a78313dca52','mastomi',0,'2021-06-30 14:49:23','2021-06-30 15:48:56','2018-01-03 10:43:27',NULL,NULL,NULL,NULL,NULL,'10.15.32.219','Mastomi','1020184119911018201605129',1),
(180,'default@mail.com','5aff59b5d0d4212812ebbfdf91247dc1090e0df49d026daede67d1431dbdde7d','nurulhidayati',0,'2021-07-04 13:32:21','2021-07-04 13:34:59','2018-01-03 10:43:27',NULL,NULL,NULL,NULL,NULL,'10.15.32.218','Nurul Hidayati','1020184119871106201605130',1),
(181,'default@mail.com','4a5d681deaeb017955394890d4a032cec8614e566513d1a0a658c458aab97d37','PUJITRIUTAMI',0,'2021-07-06 13:59:11','2021-07-06 14:01:41','2018-01-03 10:43:27',NULL,NULL,NULL,NULL,NULL,'10.15.32.218','Puji Tri Utami','1020184119930226201605131',1),
(182,'default@mail.com','70aa67321b53b34522a3c362b61ab201b6365b857443012ce0cade0e0db1be16','Riska Anggraini',0,'2021-07-04 21:18:50','2021-07-04 21:22:55','2018-01-03 10:43:27',NULL,NULL,NULL,NULL,NULL,'10.15.32.218','Riska Anggraini','1020184119901128201605132',1),
(183,'pushchubz@gmail.com','3518c90988c74911d57c7fbb5a549ede5b53acea38b09f44e018430ff2bd3d0c','bilbar',0,'2021-07-05 14:01:11','2021-07-05 14:07:46','2018-01-03 10:43:27',NULL,NULL,NULL,NULL,NULL,'10.15.32.218','Sri Puspa','1020184119860808201605133',1),
(184,'wahyusaputra315@gmail.com','50276131c829264435079d1d70151fe5c9f0fad9f999a0a00a0c8654b5e3cad4','wahyusky',0,'2021-06-30 01:35:14','2021-06-30 01:51:55','2018-01-03 10:43:27',NULL,NULL,NULL,NULL,NULL,'10.15.32.219','Wahyu Saputro','1020184119880124201605134',1),
(185,'default@mail.com','ef27b4f95bac8cdacb01bd98f67bccfdd6e03ca2322cf310204c99756fbb14ff','pejuanghalal90',0,'2021-06-30 16:58:37','2021-06-30 16:59:47','2018-01-03 10:43:27',NULL,NULL,NULL,NULL,NULL,'10.15.32.218','Ahmad Pauzi','1020184119900302201705147',1),
(186,'default@mail.com','524fa23e9ffeee4f4ad9fc9a0638356f6542d640e25b533405d075929f41b9ad','elfitrianti',0,'2021-07-01 11:38:26','2021-07-01 11:51:51','2018-01-03 10:43:28',NULL,NULL,NULL,NULL,NULL,'10.15.32.219','Elfitrianti','1020184119840805201510083',1),
(187,'default@mail.com','a65736435dc394371090169570fafd65cd1c8319e7a0141d01bf059fdc9a2425','Siti Rihanah',0,'2021-06-30 10:31:25','2021-06-30 10:41:04','2018-01-03 10:43:28',NULL,NULL,NULL,NULL,NULL,'10.15.32.219','Siti Rihanah','1020184119931028201707153',1),
(188,'teresimbolon3@gmail.com','20ff438113b439065c0047bfe492905560a5d4436d1dd56a856553f006765e6f','theresiakristiani',1,'2018-12-28 15:15:30','2018-12-28 15:24:13','2018-01-03 10:43:28',NULL,NULL,NULL,'',NULL,'125.165.136.39','Theresia Kristiani','1020184119911201201707154',1),
(189,'default@mail.com','f5fa3e469af51c6bed95bf841cb4aa3ed34282fdd39d0e17078844f87c5480ce','1020184119820208201103024',0,'2021-07-02 16:23:09','2021-07-02 16:31:10','2018-01-03 10:43:28',NULL,NULL,NULL,NULL,NULL,'10.15.32.218','Prawita Sari','1020184119820208201103024',0),
(190,'default@mail.com','1fe9771a4950647d5b6a395a26a7589de3c7627a9d0db21c3a3308863a1177df','nurhaeni',0,'2021-07-06 13:37:42','2021-07-06 13:44:14','2018-01-03 10:43:28',NULL,NULL,NULL,NULL,NULL,'10.15.32.219','Nurhaeni','1020184119940525201605135',1),
(191,'haryanti_yayang26@yahoo.co.id','77ca1f95fe5e8584b0788d1433c8e68b43dccbd55380e7abf4d328d2373e6480','haryanti',0,'2021-06-30 14:58:39','2021-06-30 14:59:48','2018-01-03 10:43:28',NULL,NULL,NULL,NULL,NULL,'10.15.32.218','Haryanti','1020184119900922201606136',1),
(192,'default@mail.com','a2bafda8a12a13e2512d701c2bcb84a39bbc1ae3ceb8243668de2a877d64ef0d','dehol',0,'2021-06-30 14:54:57','2021-06-30 15:00:34','2018-01-03 10:43:28',NULL,NULL,NULL,NULL,NULL,'10.15.32.219','Dewi Holistiyani','1020184119930502201707155',1),
(193,'default@mail.com','113e8329095087163486e9536e3720467d3a2fcc04ecbaf962940dde0f2fc367','ARUMHERTIANA',0,'2021-06-27 19:34:10','2021-06-27 19:55:12','2018-01-03 10:43:28',NULL,NULL,NULL,NULL,NULL,'10.15.32.219','Arum Hertiana N','1020184119911204201304042',1),
(194,'default@mail.com','f1c31eb14b9b405318f439588c8cff6861e981b6391c757cc7749b7554fc91be','1020184119900920201304041',1,'2019-08-02 15:22:51','2019-08-02 15:22:51','2018-01-03 10:43:28',NULL,NULL,NULL,'',NULL,'125.160.255.215','Atik Wulandari','1020184119900920201304041',0),
(195,'default@mail.com','0febbb9f90eec8a26c194bd94ed56e0d626aebb1e505a52b567e613192af4986','diniarmita',1,'2020-05-28 14:58:26','2020-05-28 14:58:32','2018-01-03 10:43:28',NULL,NULL,NULL,'',NULL,'10.15.32.218','Dini Armita Hasibuan','1020184119870914201304051',1),
(196,'dwioktapiana@gmail.com','0e76c941423c27ead5065c208b8376b6603786f5c31f131236d5ddd947faa058','dwioktapiana23',0,'2021-07-06 12:33:25','2021-07-06 12:36:13','2018-01-03 10:43:29',NULL,NULL,NULL,NULL,NULL,'10.15.32.218','Dwi Oktapiana','1020184119921023201510084',1),
(197,'default@mail.com','0ae0f3f66b0fcc08808ff7b35a60555575a787bb3c727b6154b52f5fd8706614','Dyan Prafitasari',0,'2021-07-06 13:28:21','2021-07-06 13:37:24','2018-01-03 10:43:29',NULL,NULL,NULL,NULL,NULL,'10.15.32.218','Dyan Prafitasari','1020184119900425201304050',1),
(198,'default@mail.com','cc2df5cd40330ba074f5b9e930dba925bc579be49cb6c27a4cc837fb781072a7','1020184119910219201510085',0,'2021-06-26 16:13:27','2021-06-26 20:13:57','2018-01-03 10:43:29',NULL,NULL,NULL,NULL,NULL,'10.15.32.218','Febri Yulianti','1020184119910219201510085',0),
(199,'default@mail.com','fc121aa210bd0885f7adcf3021bd7311657a5fb7e5f56952cde8b886d9273e74','furiwidya05',0,'2021-07-01 15:40:35','2021-07-01 16:02:49','2018-01-03 10:43:29',NULL,NULL,NULL,NULL,NULL,'10.15.32.218','Furi Widyaningsih','1020184119930205201510086',1),
(200,'Nitavab@mail.com','5eaaeceeb45c82708fd02806be0afd642411803ddf70977e729d9247435a4a72','hernita27',0,'2021-06-30 12:54:19','2021-06-30 12:57:50','2018-01-03 10:43:29',NULL,NULL,NULL,NULL,NULL,'10.15.32.218','Hernita','1020184119820827200601006',1),
(201,'default@mail.com','6f92183992068b6719c159e5e0380dd577cf0c8bca45247004347062638529bf','1020184119920522201510087',0,'2021-06-29 14:17:02','2021-06-29 14:32:14','2018-01-03 10:43:29',NULL,NULL,NULL,NULL,NULL,'10.15.32.219','Intan Nur Kholifah','1020184119920522201510087',0),
(202,'default@mail.com','9fb3db5324d2a36593d314224e5d7ca3a5ae0d19db2e6a6fbebe155c029fd715','Kiki Apriani',0,'2021-06-29 14:36:01','2021-06-29 15:10:57','2018-01-03 10:43:29',NULL,NULL,NULL,NULL,NULL,'10.15.32.219','Kiki Apriani','1020184119940422201510088',1),
(203,'default@mail.com','299478c98a753ce0c7732ee05988ced131d46bc0514ef60747d90be38bf5109e','1020184119730410200905013',0,'2021-06-21 13:37:24','2021-06-21 14:41:42','2018-01-03 10:43:29',NULL,NULL,NULL,NULL,NULL,'10.15.32.218','Laelatul Hasanah','1020184119730410200905013',0),
(204,'default@mail.com','359498244a6320463e394d24e2cd2befd22fc599cd0e47650b8c7bcfc3aef5ef','Mega',0,'2021-06-30 14:46:58','2021-06-30 15:57:46','2018-01-03 10:43:29',NULL,NULL,NULL,NULL,NULL,'10.15.32.218','Mega Pertiwi','1020184119920802201510089',1),
(205,'default@mail.com','636f45af05c7378552aaa315ceffccb93b468936ea8ad9d908aca245163cb469','1020184119910517201510090',0,'2021-06-30 19:56:44','2021-06-30 22:25:49','2018-01-03 10:43:29',NULL,NULL,NULL,NULL,NULL,'10.15.32.219','Meiriza Andarwati','1020184119910517201510090',0),
(206,'default@mail.com','3aee2285f7c9834d21336bf1e6c7e1936cac3be9cf8d4090c146e853daf18c55','muainafirdaus',0,'2021-06-23 13:04:36','2021-06-23 13:38:37','2018-01-03 10:43:30',NULL,NULL,NULL,NULL,NULL,'10.15.32.219','Muaina Firdaus','1020184119810616201103023',1),
(207,'default@mail.com','e57b2d84b330c565fe230461b35bf7f23c5c60a7d76661426c0b729b8ffa890e','1020184119911213201510091',0,'2021-06-11 08:51:56','2021-06-11 08:56:43','2018-01-03 10:43:30',NULL,NULL,NULL,NULL,NULL,'10.15.32.219','Natalia Feranika Sirait','1020184119911213201510091',0),
(208,'default@mail.com','6b03e84a723099ebd8590062a01985eb66acd3c36a0d8782e91c1102d31b4da6','NIKEN',0,'2021-06-30 07:21:49','2021-06-30 07:35:11','2018-01-03 10:43:30',NULL,NULL,NULL,NULL,NULL,'10.15.32.218','Niken Yunita','1020184119850626201011019',0),
(209,'default@mail.com','80ee25cddf4bb8b68f79b988cb89166247520e18cd4f91c194232b2b7c2a697c','1020184119860523201510092',0,'2021-06-30 23:08:23','2021-07-01 00:23:24','2018-01-03 10:43:30',NULL,NULL,NULL,NULL,NULL,'10.15.32.219','Ninik Suyanti','1020184119860523201510092',0),
(210,'novikasari.ns@gmail.com','54c0de8c52d6499fca7125bff6ca8a95bacfdb4aa7e108a642878b63fa0e63f9','vika',0,'2021-07-04 12:41:36','2021-07-04 12:41:45','2018-01-03 10:43:30',NULL,NULL,NULL,NULL,NULL,'10.15.32.219','Novika Sari','1020184119921123201510093',1),
(211,'anjani.baitul@gmail.com','581d1ac655f7caa76cf69742932da8ed633389432f96f7b710f532c82f995f56','nuranjanibaitul22romadona',1,'2018-12-31 14:43:18','2018-12-31 15:31:47','2018-01-03 10:43:30',NULL,NULL,NULL,'',NULL,'125.165.136.39','Nuranjani Baitul Romadona','1020184119940222201510094',1),
(212,'default@mail.com','9a289f087c28d1795376254b42e1353f51edfecdeceb0a56f3accc6ff484ca23','RATI SANDI SAPUTRA',0,'2021-06-29 11:36:27','2021-06-29 12:07:13','2018-01-03 10:43:30',NULL,NULL,NULL,NULL,NULL,'10.15.32.218','Rati Sandi Saputra','1020184119820315200811012',1),
(213,'default@mail.com','4283dfacdab50e10b3b87de2427e836cbe1528485a60f6e50c014dea33f3d6d7','rissadyne',0,'2021-07-05 19:13:30','2021-07-05 19:18:20','2018-01-03 10:43:30',NULL,NULL,NULL,NULL,NULL,'10.15.32.218','Rissa Dyne Wardhani','1020184119900915201510095',1),
(214,'default@mail.com','71c452782a98e7875ca43ff57121f249cccec70a3ecaa00b41fdc770298c3d7b','1020184119851205201104027',0,'2021-07-03 18:30:44','2021-07-03 18:38:13','2018-01-03 10:43:30',NULL,NULL,NULL,NULL,NULL,'10.15.32.218','Ronika Natalie Saragi','1020184119851205201104027',0),
(215,'linsamanalu@gmail.com','8c6991f0692480483ea1af11cdd8c77e77c037c2e60109eb698a748eb4439482','linsamanalu',0,'2021-07-03 13:45:20','2021-07-03 13:45:26','2018-01-03 10:43:31',NULL,NULL,NULL,NULL,NULL,'10.15.32.218','Sariana Rolinsana Manalu','1020184119880910201304049',1),
(216,'default@mail.com','57bafe1f88a61a5447f73268eb60c47ff6e0b2b0691a4380668e8847d96c419d','shellavirginia',0,'2021-06-30 17:53:48','2021-06-30 21:00:43','2018-01-03 10:43:31',NULL,NULL,NULL,NULL,NULL,'10.15.32.219','Shella Virginia','1020184119930501201510096',1),
(217,'tri.isnani04@gmail.com','196a5d647e6b5e222af8d116a2db8214cae63e7af08aa034c599a4a0af8a6b36','Tri Isnani',0,'2021-07-01 11:43:47','2021-07-01 11:51:12','2018-01-03 10:43:31',NULL,NULL,NULL,NULL,NULL,'10.15.32.218','Tri Isnani','1020184119800204200704009',1),
(218,'default@mail.com','289c329a84b3c3a1f7c51ca4a98fabb26fdcd3eaaf36d298405d94c16b97ba42','1020184119890125201304040',0,'2021-06-30 15:21:14','2021-06-30 15:58:13','2018-01-03 10:43:31',NULL,NULL,NULL,NULL,NULL,'10.15.32.219','Wahyu Tri Wulandari','1020184119890125201304040',0),
(219,'windyhendriani.wh@gmail.com','fb74774e7519ef175739faf0d385951fd98175efe832ce248e1fe045e98a5e19','1020184119840215200705008',0,'2021-07-01 10:09:06','2021-07-01 10:47:45','2018-01-03 10:43:31',NULL,NULL,NULL,NULL,NULL,'10.15.32.219','Windy Hendriani','1020184119840215200705008',0),
(220,'default@mail.com','7fcd41b433915afdcc5566b2cf07bdef197b68c7f40cf9f4df63c9cdadc88645','winnapuspita4290',0,'2021-07-01 09:01:43','2021-07-01 11:57:34','2018-01-03 10:43:31',NULL,NULL,NULL,NULL,NULL,'10.15.32.218','Winna Puspitasariningrum','1020184119900204201510097',1),
(221,'default@mail.com','1b46a90b5fa7c8aafccae0392f74b6d0574bfff15713ebed49a4cd4c9840157e','wiwit2',0,'2021-05-31 12:44:39','2021-05-31 12:50:22','2018-01-03 10:43:31',NULL,NULL,NULL,NULL,NULL,'10.15.32.218','Wiwit Rahayu','1020184119840914201103022',1),
(222,'default@mail.com','aae980825573a03e27bb5e7012a7f889bdc1b025413deacff45c98b2442368ec','yari',0,'2021-06-29 07:51:30','2021-06-29 08:21:01','2018-01-03 10:43:31',NULL,NULL,NULL,NULL,NULL,'10.15.32.218','Yari Suni Fauziah','1020184119910121201510098',1),
(223,'default@mail.com','06c7648970735aa6455c8fc76794573706845d19d8932cba2200f0d25ec49697','Yuli Rini',0,'2021-06-30 15:46:13','2021-06-30 16:04:21','2018-01-03 10:43:31',NULL,NULL,NULL,NULL,NULL,'10.15.32.218','Yuli Rini','1020184119770717201304048',1),
(224,'default@mail.com','1c78adeda79432a64658ac702740d985506e9db1fb1aea29ea36eb173258198f','1020184119910411201605137',0,'2021-06-30 22:54:19','2021-06-30 23:19:34','2018-01-03 10:43:32',NULL,NULL,NULL,NULL,NULL,'10.15.32.218','Misrah Kiranawati','1020184119910411201605137',0),
(225,'default@mail.com','b0474cfecff1c75c85750949f9232989bc748a9355051083480542e2cee7d570','1993',0,'2021-07-01 12:58:48','2021-07-01 13:09:03','2018-01-03 10:43:32',NULL,NULL,NULL,NULL,NULL,'10.15.32.219','Nurry Oktaviyana','1020184119931007201605138',1),
(226,'srishantiwahyuni94@gmail.com','aa8d45418076822c964ca48f2a69f69cf1b96ecda935662461abacbf8fccbdd6','srishantiw',1,'2020-05-30 20:02:48','2020-05-30 20:40:11','2018-01-03 10:43:32',NULL,NULL,NULL,'',NULL,'10.15.32.219','Sri Shanti Wahyuni','1020184119940907201708159',1),
(227,'default@mail.com','17c5b6263fe5428724448c4db64400071decd55457d1343dd658fea0a957edf6','1020184119950102201712161',1,'2019-01-01 13:54:15','2019-01-01 18:16:04','2018-01-03 10:43:32',NULL,NULL,NULL,'',NULL,'120.188.78.233','Elyana Agatia','1020184119950102201712161',0),
(228,'larasati.wj@gmail.com','966f234504037bff957ff1357c005e8096e6db893898642afbfe5db25f58db0c','larasatiwj',0,'2021-07-01 09:31:45','2021-07-01 09:33:40','2018-01-03 10:43:32',NULL,NULL,NULL,NULL,NULL,'10.15.32.218','Larasati Wijayanti','1020184119941014201712162',1),
(229,'default@mail.com','0f4b2a0f168972f2590a973d1e42277fe38b3f0bb991eb4035f46fa2b7ca3b52','nurinalistyap96',0,'2021-07-01 21:01:17','2021-07-01 22:39:10','2018-01-03 10:43:32',NULL,NULL,NULL,NULL,NULL,'10.15.32.219','Nurina Listya Paramitha','1020184119960903201712163',1),
(230,'nurma.tyani.cunha@gmail.com','9bead79abe34547ae7b5b6d08918c0224ba87cbe0b80fdaed330e6f2f9c0287e','Nurma tyani cunha',0,'2021-06-30 13:03:13','2021-06-30 13:21:00','2018-01-03 10:43:32',NULL,NULL,NULL,NULL,NULL,'10.15.32.219','Nurma Sulistyani','1020184119911126201303037',1),
(231,'default@mail.com','1c02add82e2aed678a13ab02a2d2707370b6761f69f27f094d324b4f666d5b55','farida',0,'2021-06-30 14:10:38','2021-06-30 14:14:05','2018-01-03 10:43:32',NULL,NULL,NULL,NULL,NULL,'10.15.32.219','Ai Faridatunnisa','1020184119830404201605139',1),
(232,'ayufatonah14@gmail.com','4c0ab8434529b66d5970f955caf1ee54d08f94dae90b03f85b3863c6737ee0f0','ayufatonah',0,'2021-07-05 12:14:35','2021-07-05 12:26:14','2018-01-03 10:43:32',NULL,NULL,NULL,NULL,NULL,'10.15.32.218','Ayu Fatonah','1020184119940714201605140',1),
(233,'default@mail.com','f03a101ab32e013ae6835056df5123a75a21198a871ba94c65fcc7a9a215e322','nisa',0,'2021-06-29 07:49:37','2021-06-29 07:54:49','2018-01-03 10:43:33',NULL,NULL,NULL,NULL,NULL,'10.15.32.219','Khoirunnisa Eka Novitasari','1020184119921113201605141',1),
(234,'misrysusantrym@yahoo.com','e10b871bbc0020d69dd7b41a0d0e6f49954303c48c6564199f40a1f7e1df33bf','misrymarpaung',0,'2021-07-01 11:21:41','2021-07-01 11:23:01','2018-01-03 10:43:33',NULL,NULL,NULL,NULL,NULL,'10.15.32.219','Misry Susanty Marpaung','1020184119870326201605142',1),
(235,'default@mail.com','4e7bccd6ad93da9d7c8ab72c22393ce93f32dd2496a77cc9117592d227d15ce3','trisukmaningrum',0,'2021-04-26 07:56:11','2021-04-26 07:56:37','2018-01-03 10:43:33',NULL,NULL,NULL,NULL,NULL,'10.15.32.219','Tri Sukmaningrum','1020184119930205201712164',1),
(236,'myozehn@gmail.com','da3f69803d0511b9f3256b37cd150594e84692869aa5b21f70390bea348af53d','adnan',0,'2021-07-07 08:18:50','2021-07-07 08:19:20','2018-01-03 10:43:33',NULL,NULL,NULL,NULL,NULL,'10.15.32.218','Adnan Rachman','1020184119940704201708156',1),
(237,'default@mail.com','fcecd073cbf72aaadb781868684dbe3705e69a84da937fd17e127163c2e35490','Radita',0,'2021-06-30 14:20:12','2021-06-30 14:51:54','2018-01-03 10:43:33',NULL,NULL,NULL,NULL,NULL,'10.15.32.219','Radita','1020184119950726201708157',1),
(238,'risyanurrizky4@gmail.com','4e2690149110628e642a365beb84a1e4f24ecd7f5b7014a7020eafc315ab1323','risya.caca',0,'2021-07-06 08:06:15','2021-07-06 08:23:24','2018-01-03 10:43:33',NULL,NULL,NULL,NULL,NULL,'10.15.32.219','Risya Nurrizky','1020184119940824201708158',1),
(239,'inibudi458@gmail.com','cd2f3eef7ecfd44f7d49b83f68779bf1f5c3f85c2fc4c1171b9f93a430163e61','budi',0,'2021-06-30 19:31:36','2021-06-30 19:45:31','2018-01-03 10:43:33',NULL,NULL,NULL,NULL,NULL,'10.15.32.219','Budi Hartanto','1020184119930113201605143',1),
(240,'santirosmiyati29@gmail.com','81b33f26e9fd0026ea711cbe92f80bc0dfd4c4b44725e9f76977e75f5011b4c0','Santi R',0,'2021-06-30 13:26:18','2021-06-30 13:29:52','2018-01-03 10:43:33',NULL,NULL,NULL,NULL,NULL,'10.15.32.219','Santi Rosmiyati','1020184119911029201403061',1),
(241,'dimaswirawan@gmail.com','ffe18f89dde33e4e2ac353bfb574207960c702b1334777dc5f1b7f031e8f6a16','dimaswirawan',0,'2020-07-30 16:53:26','2020-07-30 16:57:15','2018-01-31 13:25:55',NULL,NULL,NULL,NULL,NULL,'10.15.32.218','Dimas Wirawan Wicaksono','1020184119910919201801165',1),
(242,'rahayu@gmail.com','be0bd3725fd9aac0731cf7c27e863c2a1ef100a4e2fe060737fea1efb42fb28b','rahayuafiah',1,'2020-01-21 08:33:04','2020-01-21 08:33:16','2018-01-31 13:28:27',NULL,NULL,NULL,'',NULL,'10.15.32.218','Rahayu Afiah Surur','1020184119901227201801166',1),
(244,'arifnurmansyah59@yahoo.com','6731e028851256448d7c66a78914eb6e5d37e304ef1b59ede592d570379c0ce1','1020184119900623201802167',0,'2021-07-06 13:01:05','2021-07-06 13:01:05','2018-02-26 11:05:27',NULL,NULL,NULL,NULL,NULL,'10.15.32.219','Arif Nurmansyah','1020184119900623201802167',0),
(245,'default@mail.com','1e225b7d9f1d17f0d9170c1bd9e3bc9882267a9f5e92015cdf6c0418ef81ef41','1020184119950719201804168',0,'2020-09-30 19:40:01','2020-09-30 19:45:22','2018-04-20 10:59:54',NULL,NULL,NULL,NULL,NULL,'10.15.32.219','Fani Yonanda','1020184119950719201804168',0),
(246,'default@mail.com','e585f71683e7173a47401d129443a9fc313fdaa918c590f01c55f98f73440bd9','febrifitri',0,'2021-07-01 14:36:52','2021-07-01 14:36:53','2018-04-20 11:06:08',NULL,NULL,NULL,NULL,NULL,'10.15.32.219','Febri Fitriyanti','1020184119960221201804169',1),
(247,'irma.agustina17@gmail.com','1b0b389545aa002600c95211b849aea1d40eaf32ff86d40ff1abdbb541a594aa','irmaagustina',0,'2021-03-22 18:53:41','2021-03-22 18:53:50','2018-04-20 11:56:01',NULL,NULL,NULL,NULL,NULL,'10.15.32.219','Irma Agustina','1020184119940817201804170',1),
(248,'default@mail.com','bed961967011568a2e456ff30e7112419b7963abfdd512b2728ffa65e529070b','zumanis',0,'2021-07-03 19:19:32','2021-07-03 20:12:54','2018-04-20 11:57:48',NULL,NULL,NULL,NULL,NULL,'10.15.32.218','Eka Nurrizqi Zulfandiary','1020184119950606201804171',0),
(249,'earlene_88@yahoo.com','8a060c37e904944baa8aec51b569a14c0fe505c04e7663c57f4bf907c1418d5c','earlene',0,'2021-07-06 08:42:52','2021-07-06 09:00:27','2018-04-20 12:00:14',NULL,NULL,NULL,NULL,NULL,'10.15.32.219','Earlene','1020184119881019201804172',1),
(250,'fiqripuji@gmail.com','12f963ffdbd016647595a0ac9f9f8ef7ac000c6f73f8caeb337f57e9d2818e04','Tomo',0,'2021-06-29 19:59:27','2021-06-29 19:59:56','2018-04-20 12:01:21',NULL,NULL,NULL,NULL,NULL,'10.15.32.218','Fiqri Puji Utomo','1020184119960222201804173',1),
(251,'fatifatika8@gmail.com','8874b08c65514b3ba623981e27384206ca4c7901bcb1677fced83729d16a75ac','NurainiFatika',0,'2021-06-28 10:56:47','2021-06-28 11:22:48','2018-04-20 12:07:01',NULL,NULL,NULL,NULL,NULL,'10.15.32.219','Fatika Indah Nuraini','1020184119960731201804174',1),
(252,'default@mail.com','0120228ad4eaa1891eaa424122c4d34f00bbc773f683aa866fe414e0495f621c','thiara',0,'2021-06-24 06:36:36','2021-06-24 06:54:23','2018-04-20 12:08:23',NULL,NULL,NULL,NULL,NULL,'10.15.32.219','Thiara Yoestiti','1020184119930304201804175',1),
(253,'default@mail.com','91b0b8cff980c936729c42e48ecc30c806366ff985b29886b9ed2d80ca24ad4a','Kartikaasd',0,'2021-07-04 12:13:08','2021-07-04 12:25:49','2018-04-20 12:10:20',NULL,NULL,NULL,NULL,NULL,'10.15.32.219','Kartika Sita Dewi','1020184119960529201804176',1),
(254,'ekatiwiiw@gmail.com','11ead8b9609143db41c53f41de5ad9df30769c53b976a53381a7691f8a668840','Ayuditya',0,'2021-06-25 07:33:48','2021-06-25 07:37:17','2018-04-20 12:11:40',NULL,NULL,NULL,NULL,NULL,'10.15.32.218','Ayu Ditya Ekawati','1020184119960923201804177',1),
(255,'default@mail.com','ff89d2ce66dbf14b3be2f49dcbc1c83610c6f925230c6e3e608a9532a40062d2','1020184119960222201804178',0,'2021-07-02 08:36:38','2021-07-02 09:39:04','2018-04-20 12:12:54',NULL,NULL,NULL,NULL,NULL,'10.15.32.218','Khantsa Rabbani Akbar','1020184119960222201804178',0),
(256,'dessy.indah11@ymail.com','f6bef850451753e22307d3b34515f3afc38a65d021561ea3761105a5c192e28b','dessyip',0,'2021-06-28 16:51:47','2021-06-28 17:29:31','2018-04-20 12:14:00',NULL,NULL,NULL,NULL,NULL,'10.15.32.219','Dessy Indah Pratiwi','1020184119941211201804179',1),
(257,'ojiknasron@ymail.com','5b41d69011e19e149b3691cd7098c617ec1911140a932a81770c7dac3c38fc41','fakhrurrozy nasron',0,'2021-06-30 14:54:58','2021-06-30 15:46:45','2018-04-20 12:19:28',NULL,NULL,NULL,NULL,NULL,'10.15.32.219','Fakhrurrozy Nasron','1020184119920503201804180',1),
(258,'dheararara@gmail.com','1df13ad6a0a6831389e4a572faae5aba18c116b1e6dc81c2eba7c3d5d9fb3321','dhea',0,'2021-07-02 14:23:22','2021-07-02 14:32:28','2018-04-20 12:20:29',NULL,NULL,NULL,NULL,NULL,'10.15.32.218','Dhea Rachmawati','1020184119920127201804181',1),
(259,'ziaulhag@yahoo.com','71a47aa6d2012b071bb05c447b02f75f1329041bc6de98e013895d6ee2f71930','zia ulhag',0,'2021-06-24 07:51:04','2021-06-24 07:53:13','2018-04-20 12:22:25',NULL,NULL,NULL,NULL,NULL,'10.15.32.219','Zia Ulhag','1020184119910204201804182',1),
(260,'default@mail.com','a1eb2c88222797aaafedda8901e26e0d7b29bf23359afc9ef166ac4f2e134a53','1020184119780620201804183',0,'2021-07-06 13:19:11','2021-07-06 13:26:43','2018-04-20 12:23:21',NULL,NULL,NULL,NULL,NULL,'10.15.32.218','Erni','1020184119780620201804183',0),
(261,'default@mail.com','0aad97c0ab16799aab2a3fdfbbf2a398d9838ca7adaa4fa0d5d29d9b93988c82','dewi',0,'2021-06-30 14:26:44','2021-06-30 16:01:58','2018-04-20 12:25:17',NULL,NULL,NULL,NULL,NULL,'10.15.32.219','Dewi Rachmawati','1020184119960626201804184',1),
(262,'asriparamythas@gmail.com','77dc20c1fb98ce9ede5e3775b79e696bcb8da1c6b084cda2fc2277bf9ec29437','asri paramytha',0,'2021-06-30 22:03:59','2021-06-30 22:05:32','2018-05-23 13:08:37',NULL,NULL,NULL,NULL,NULL,'10.15.32.218','Asri Paramytha Supriyandini','1020184119921124201805186',1),
(263,'default@mail.com','a9cc1c11f7abf91291e14160e9256028a4734dab6b240d63a222274092a29523','1020184119950815201805187',0,'2021-04-30 10:52:42','2021-04-30 10:52:49','2018-05-23 13:10:13',NULL,NULL,NULL,NULL,NULL,'10.15.32.218','Nailatul Fadila','1020184119950815201805187',0),
(264,'zu.raya@yahoo.com','d3d3a139381e49f7d669a96a833077275338b1b120bee39e0533f01fddacae9f','ayuzuraya',0,'2021-07-04 17:46:09','2021-07-04 17:52:35','2018-05-23 13:11:13',NULL,NULL,NULL,NULL,NULL,'10.15.32.218','Ayu Zuraya','1020184119920616201805185',1),
(265,'renggaprima.r27@gmail.com','2f4134263c0504a71d21542f670753c7af0b67c58a7abf46a6b5ad561cff4905','Rengga Prima Rachim',0,'2021-01-12 13:44:33','2021-01-12 13:46:24','2018-05-23 13:12:12',NULL,NULL,NULL,NULL,NULL,'10.15.32.218','Rengga Prima Rachim','1020184119930627201805188',1),
(266,'default@mail.com','267f6fc034df7eed8f0671ab9e3921107064487e90775f11569ec10090b189c4','kety hasanah',0,'2021-06-30 18:56:31','2021-06-30 19:21:03','2018-05-23 13:13:24',NULL,NULL,NULL,NULL,NULL,'10.15.32.218','Kety Hasanah','1020184119911025201805189',1),
(267,'default@mail.com','d437b0bdfe458158878720814ca739bdbf1c3c3ec42435508f765b7f5361a280','Merry Veronika',0,'2021-07-05 12:23:37','2021-07-05 12:27:59','2018-06-25 08:05:37',NULL,NULL,NULL,'',NULL,'10.15.32.219','Merry Panggabean','1020184119940522201806190',1),
(268,'ari_schatz@yahoo.com','3833a1606df51f31c8fab4b1a7337766bdb2c04cc39ef6e1020043439e5047b6','Arlong',0,'2021-06-30 06:58:26','2021-06-30 07:50:11','2018-06-25 08:12:20',NULL,NULL,NULL,NULL,NULL,'10.15.32.219','Muhammad Ari Wibowo','1020184119870226201806191',1),
(269,'rentygupitarg@gmail.com','db04afe51a3b6f6cc87c6ef7a2508df8143a80e7401c7cb3743d6675b91245ae','rentygupita',0,'2021-07-01 15:24:50','2021-07-01 15:31:38','2018-06-25 08:17:32',NULL,NULL,NULL,NULL,NULL,'10.15.32.218','Renti Nurma Gupita','1020184119900903201806192',1),
(270,'nurmalanita2204@gmail.com','73c9d0c7a0be27a4cba374fa02c778a51cdeca2914c1faf96ab71d312db6b509','nita nurmala',0,'2021-07-05 13:46:59','2021-07-05 14:09:15','2018-08-27 08:40:51',NULL,NULL,NULL,NULL,NULL,'10.15.32.218','Nita Nurmala','1020184119920225201808193',1),
(271,'lailihayati26@gmail.com','eedb06ae555071b00370bf4068c0ae0c5434ee387a2d8ed3809293606522358c','lailihayati',0,'2021-02-05 08:33:36','2021-02-05 09:00:25','2018-08-27 08:41:59',NULL,NULL,NULL,NULL,NULL,'10.15.32.218','Laili Hayati','1020184119950708201808194',1),
(272,'default@mail.com','a808d6ac17f33617746454ac08fe950d598ee1e35f0c88bf2a188584aaaed70b','197407072014081002',0,'2019-09-19 10:02:40','2019-09-19 10:03:59','2019-01-21 08:52:49',NULL,NULL,NULL,NULL,NULL,'110.138.85.245','Al Ashar','197407072014081002',0),
(273,'default@mail.com','93895caac050d5b9601591f5daa9188bcfcedd55a6898f8c75378eeb6211e4d1','196111061988022001',0,'2021-07-06 11:19:25','2021-07-06 11:25:16','2019-01-21 08:56:19',NULL,NULL,NULL,NULL,NULL,'10.15.32.219','dr. Angliana Dianawati','196111061988022001',0),
(274,'diegomaradona244@gmail.com','13887151559af21781519a0dc9999bce7822592df363486c8d12389099856b22','diegomaradona',0,'2021-07-06 07:59:48','2021-07-06 08:21:54','2019-02-07 08:22:04',NULL,NULL,NULL,NULL,NULL,'10.15.32.219','MARADONA','1020184119860626201901195',1),
(275,'melindanzaniputri@yahoo.com','146dab88d2dd6601c969045f20ed8cc93d5abae4531280373a88c853c74f7b12','melinda anzani putri',0,'2021-06-30 17:51:07','2021-06-30 17:53:53','2019-02-25 08:25:53',NULL,NULL,NULL,NULL,NULL,'10.15.32.218','Melinda Anzani Putri','1020184119930526201902196',1),
(276,'oktavia112129@gmail.com','d526c4926bc0bd0880fe6209f7e859fd68b469a52c2750a376745e1acdea15a1','OktaviaR',0,'2021-07-01 21:05:15','2021-07-01 22:21:53','2019-02-25 08:57:05',NULL,NULL,NULL,NULL,NULL,'10.15.32.219','Oktavia Rianti','1020184119951029201902197',1),
(277,'chaerunisamaulidantika@gmail.com','d3655d6fedc2ff395b00bb78bbc7618405a931474fd4fad04063c98a42597df5','1020184119950803201903198',0,'2021-06-30 14:36:49','2021-06-30 14:41:35','2019-03-14 14:08:27',NULL,NULL,NULL,NULL,NULL,'10.15.32.218','Chaerunisa','1020184119950803201903198',0),
(278,'example@mail.com','c7a2e7120bf87b7d77fb58db49e75d1011cb38ac26374dd3f03797e8e8d8817f','karmeliadr',0,'2021-07-05 12:58:09','2021-07-05 12:58:28','2019-04-15 08:14:02',NULL,NULL,NULL,NULL,NULL,'10.15.32.219','Karmelia Desiliyani Rusch','1020184119930102201904200',1),
(279,'default@mail.com','0095cd5b7a5638b2cb8eb7c29d54c633cc1a8985c4b0d8bb4c32d02cf3864ed6','19941104',0,'2021-07-01 08:01:47','2021-07-01 08:22:38','2019-04-15 08:18:19',NULL,NULL,NULL,NULL,NULL,'10.15.32.218','Ihsan Fadhielah Novtayana','1020184119941104201904199',1),
(280,'default@mail.com','5eb6ccd213da580ba32b5dcb2ed0984c4642a635254c75165f0eb4ae79651950','MUHAMMADSYAHRIRAMADHAN',0,'2021-02-09 13:51:27','2021-02-09 13:51:27','2019-04-15 08:20:58',NULL,NULL,NULL,NULL,NULL,'10.15.32.219','Muhammad Syahri Ramadhan','1020184119960213201904201',1),
(281,'default@mail.com','c2f7f4c146e7d394d51699817eef6ab4ccad22e3d892e8259a976badb16ee428','1020184119930604201904202',0,'2021-06-01 22:47:38','2021-06-01 22:50:02','2019-04-15 08:22:13',NULL,NULL,NULL,NULL,NULL,'10.15.32.219','Siti Hajar','1020184119930604201904202',0),
(282,'default@mail.com','20d46965f52468b1240644da886cc8dffc3800fec2493631a152d36ca211bc9c','1020184119940727201904203',0,'2021-07-01 01:31:26','2021-07-01 03:22:58','2019-04-15 08:23:46',NULL,NULL,NULL,NULL,NULL,'10.15.32.219','Tresna Yulianty','1020184119940727201904203',0),
(283,'example@mail.com','fdbfe2dc8705074ec50982ae28791683c3ab4f20352df28ed386e5d8e715aab3','rara ferly desilva',0,'2021-07-01 08:56:37','2021-07-01 09:11:19','2019-05-29 11:47:51',NULL,NULL,NULL,NULL,NULL,'10.15.32.218','Rara Ferly Desilva','1020184119950101201905204',1),
(285,'resty@gmail.com','40e3560c8c862980c39cb5d66008d76d06a73d0273e0384c7282fa7cc665879a','resty',0,'2021-06-30 16:29:14','2021-06-30 16:36:03','2019-10-21 11:19:34',NULL,NULL,NULL,NULL,NULL,'10.15.32.219','Resty Putri Sastika','1020184119921108201910205',1),
(286,'rhezapd@gmail.com','11ad86f44946f74db977cae86b1cbad695bfbde171429168aab55961aef0f707','rhezapd',0,'2021-06-30 13:09:58','2021-06-30 17:14:23','2020-02-11 10:15:41',NULL,NULL,NULL,NULL,NULL,'10.15.32.218','Rheza Pratama Dharmawan','1020184119941109202002206',1),
(287,'setiadyrudy@hotmail.com','feb84eb618beb9376094fc00c653ae076a56928648ade398672e85e631494e53','setiadyrudy',0,'2021-06-30 22:35:23','2021-06-30 23:04:36','2020-02-11 10:28:19',NULL,NULL,NULL,NULL,NULL,'10.15.32.218','Rudy Setiady','1020184119940430202002207',1),
(288,'sofizahranbl@gmail.com','9d965eff78a1a72eaf97146990521a4a7f38ab889c1dbb0b6a1dd2e0e34a03d8','sofiazahra',0,'2021-06-30 22:41:51','2021-07-01 01:16:00','2020-02-11 10:30:30',NULL,NULL,NULL,NULL,NULL,'10.15.32.219','Sofia Zahra Nabila W','1020184119980515202002208',1),
(289,'ayudiazadh@gmail.com','8c35d47040523840233ea71b4e7131ead5aa06315291281d2afc03da4eb5afd4','183446',0,'2021-05-18 09:11:32','2021-05-18 09:11:43','2020-06-08 08:41:20',NULL,NULL,NULL,NULL,NULL,'10.15.32.219','Ayu Diaz Adhiyanti','199112172014032002',1),
(290,'default@mail.com','eec16b14b6c03c8e878de37beef1fdba0de0eac8b2ec120ca04c8dc8c6807fe2','199005282019032011',0,'2020-09-21 08:28:17','2020-09-21 08:28:27','2020-07-23 09:35:16',NULL,NULL,NULL,NULL,NULL,'10.15.32.219','Tri Mustikawati','199005282019032011',NULL),
(291,'default@mail.com','7a66d23b0ab7723b0e5d4b1456639980aed69f1d800a48e691de259814ce5344','199303202019031006',0,NULL,NULL,'2020-07-23 09:37:57',NULL,NULL,NULL,NULL,NULL,NULL,'Yoseph Marlin','199303202019031006',NULL),
(293,'default@mail.com','a152f44a4f2ddbb064de40886e54eae4ab95ef922720aa3b6af927c647e06a17','199011132019032006',0,NULL,NULL,'2020-07-23 09:53:23',NULL,NULL,NULL,NULL,NULL,NULL,'Dewi Ayu Wulandari','199011132019032006',NULL),
(294,'default@mail.com','3eda03bcd97e11ff82321f919e615d7c0bf51ac9f0bf116f013e5df79a35a78b','199105042019031011',0,'2021-03-10 11:41:04','2021-03-10 11:50:39','2020-07-23 09:55:15',NULL,NULL,NULL,NULL,NULL,'10.15.32.219','Nizar Haqiki','199105042019031011',NULL),
(295,'default@mail.com','00d144cde5945e62487f59a844ebab6bd9a29fbfecd04c9cf53b07da793cb667','199509042019032007',0,'2020-12-23 19:48:38','2020-12-23 20:02:46','2020-07-23 09:55:51',NULL,NULL,NULL,NULL,NULL,'10.15.32.219','Anggraini Pangestu Widiasih','199509042019032007',NULL),
(296,'default@mail.com','abe175f194cae8f6c45d30a7be639c3791de041af67e3d4b9d1d1776d08c6c87','199104182019031004',0,'2020-11-16 08:08:48','2020-11-16 08:17:36','2020-07-23 09:56:34',NULL,NULL,NULL,NULL,NULL,'10.15.32.219','Sandi Aprianto','199104182019031004',NULL),
(297,'default@mail.com','5b22e67f430c3a2e684295cb26bf27b51727786a8aafefd36f73d82a9d3a53b1','199308022019032012',0,NULL,NULL,'2020-07-23 09:57:19',NULL,NULL,NULL,NULL,NULL,NULL,'Nila Rosliana','199308022019032012',NULL),
(298,'mail@mail.com','63bdfffa4da8d79e1b340d929e4b31828b47a28b613938146a04eba79093c456','Ali',0,'2021-06-30 14:08:10','2021-06-30 14:18:17','2021-01-06 08:36:59',NULL,NULL,NULL,NULL,NULL,'10.15.32.219','Ali Munsip','1020184119901109201602188',1),
(299,'mail@gmail.com','995edbacbbf22e9930813f519cffedde662dad8a6fda5a70a4dd02928d7cb5e8','12345',0,'2021-01-27 16:34:58','2021-01-27 17:00:32','2021-01-27 15:55:55',NULL,NULL,NULL,NULL,NULL,'10.15.32.219','Dummy','12345',NULL),
(300,'rizalpurnomo@gmail.com','29db9d14d7384c2caa39fc8075daa63c21449e74546bc90dbe5a055116623646','rizal',0,'2021-07-07 15:03:42','2021-07-07 15:03:42','2021-07-07 14:58:11',NULL,NULL,NULL,NULL,NULL,'::1','Rizal Purnomo','1020184119860919202107210',NULL);

/*Table structure for table `answer` */

DROP TABLE IF EXISTS `answer`;

CREATE TABLE `answer` (
  `idanswer` int(11) NOT NULL AUTO_INCREMENT,
  `idgetcourse` int(11) DEFAULT NULL,
  `idquestion` int(11) DEFAULT NULL,
  `answer` varchar(10) DEFAULT NULL,
  `key` varchar(10) DEFAULT NULL,
  `benar` varchar(2) DEFAULT NULL,
  PRIMARY KEY (`idanswer`),
  KEY `idgetcourse` (`idgetcourse`),
  CONSTRAINT `answer_ibfk_1` FOREIGN KEY (`idgetcourse`) REFERENCES `getcourse` (`idgetcourse`) ON UPDATE CASCADE
) ENGINE=InnoDB AUTO_INCREMENT=99 DEFAULT CHARSET=utf8mb4;

/*Data for the table `answer` */

insert  into `answer`(`idanswer`,`idgetcourse`,`idquestion`,`answer`,`key`,`benar`) values 
(79,14,18,'A','A','y'),
(80,14,19,'A','A','y'),
(81,14,20,'A','E','n'),
(82,14,21,'A','B','n'),
(83,14,22,'A','D','n'),
(84,14,23,'A','C','n'),
(85,14,24,'A','D','n'),
(86,14,25,'A','E','n'),
(87,14,26,'A','C','n'),
(88,14,27,'A','E','n'),
(89,15,18,'A','A','y'),
(90,15,19,'A','A','y'),
(91,15,20,'A','E','n'),
(92,15,21,'A','B','n'),
(93,15,22,'A','D','n'),
(94,15,23,'A','C','n'),
(95,15,24,'A','D','n'),
(96,15,25,'A','E','n'),
(97,15,26,'A','C','n'),
(98,15,27,'A','E','n');

/*Table structure for table `answerpost` */

DROP TABLE IF EXISTS `answerpost`;

CREATE TABLE `answerpost` (
  `idanswerpost` int(11) NOT NULL AUTO_INCREMENT,
  `idgetcourse` int(11) DEFAULT NULL,
  `idquestion` int(11) DEFAULT NULL,
  `answerpost` varchar(10) DEFAULT NULL,
  `key` varchar(10) DEFAULT NULL,
  `benarpost` varchar(2) DEFAULT NULL,
  PRIMARY KEY (`idanswerpost`)
) ENGINE=InnoDB AUTO_INCREMENT=69 DEFAULT CHARSET=utf8mb4;

/*Data for the table `answerpost` */

insert  into `answerpost`(`idanswerpost`,`idgetcourse`,`idquestion`,`answerpost`,`key`,`benarpost`) values 
(49,14,18,'A','A','y'),
(50,14,19,'A','A','y'),
(51,14,20,'E','E','y'),
(52,14,21,'B','B','y'),
(53,14,22,'D','D','y'),
(54,14,23,'C','C','y'),
(55,14,24,'D','D','y'),
(56,14,25,'E','E','y'),
(57,14,26,'C','C','y'),
(58,14,27,'E','E','y'),
(59,15,18,'A','A','y'),
(60,15,19,'A','A','y'),
(61,15,20,'E','E','y'),
(62,15,21,'B','B','y'),
(63,15,22,'D','D','y'),
(64,15,23,'C','C','y'),
(65,15,24,'D','D','y'),
(66,15,25,'E','E','y'),
(67,15,26,'C','C','y'),
(68,15,27,'E','E','y');

/*Table structure for table `getcourse` */

DROP TABLE IF EXISTS `getcourse`;

CREATE TABLE `getcourse` (
  `idgetcourse` int(11) NOT NULL AUTO_INCREMENT,
  `datecourse` datetime DEFAULT NULL,
  `idpeserta` int(11) DEFAULT NULL,
  `idcourse` int(11) DEFAULT NULL,
  `flag` varchar(20) DEFAULT NULL,
  PRIMARY KEY (`idgetcourse`),
  KEY `idpeserta` (`idpeserta`),
  KEY `idcourse` (`idcourse`),
  CONSTRAINT `getcourse_ibfk_1` FOREIGN KEY (`idpeserta`) REFERENCES `mpeserta` (`idpeserta`) ON UPDATE CASCADE,
  CONSTRAINT `getcourse_ibfk_2` FOREIGN KEY (`idcourse`) REFERENCES `mcourse` (`idcourse`) ON UPDATE CASCADE
) ENGINE=InnoDB AUTO_INCREMENT=16 DEFAULT CHARSET=utf8mb4;

/*Data for the table `getcourse` */

insert  into `getcourse`(`idgetcourse`,`datecourse`,`idpeserta`,`idcourse`,`flag`) values 
(14,'2021-07-07 05:49:35',2,6,'finish'),
(15,'2021-07-07 09:24:16',1,6,'finish');

/*Table structure for table `m_bagian` */

DROP TABLE IF EXISTS `m_bagian`;

CREATE TABLE `m_bagian` (
  `bagian_id` int(11) NOT NULL AUTO_INCREMENT,
  `bagian_nama` varchar(50) NOT NULL,
  `kordinator_id` int(11) DEFAULT NULL,
  `pj_cuti` int(11) DEFAULT NULL,
  PRIMARY KEY (`bagian_id`)
) ENGINE=MyISAM AUTO_INCREMENT=38 DEFAULT CHARSET=latin1;

/*Data for the table `m_bagian` */

insert  into `m_bagian`(`bagian_id`,`bagian_nama`,`kordinator_id`,`pj_cuti`) values 
(1,'POLI BPU',22,22),
(2,'UP 24 Jam',27,27),
(3,'Apotek',38,38),
(5,'Poli BP Gigi',33,33),
(6,'Tata Usaha',2,2),
(8,'Loket',85,85),
(9,'Driver',48,48),
(10,'Rumah Bersalin (RB)',61,61),
(11,'Poli Seroja',128,22),
(12,'Poli Tulip',28,22),
(13,'Poli TB',27,22),
(14,'Poli Lavender',30,22),
(15,'Poli Anak',31,22),
(16,'Poli KIA/KB',268,22),
(17,'Laboratorium',128,128),
(18,'Poli Gizi',15,22),
(19,'Kesehatan Lingkungan',68,68),
(20,'Puskesmas Kel. Kayumanis',25,25),
(21,'Puskesmas Kel. Palmeriam',24,24),
(22,'Puskesmas Kel. Kb manggis',23,23),
(23,'Puskesmas Kel. UKS 1',26,26),
(24,'Puskesmas Kel. UKS 2',16,16),
(25,'Puskesmas Kel. UKUT',35,35),
(26,'Promkes',30,30),
(27,'Poli MTBS',29,22),
(28,'POLI PKPR',31,22),
(29,'Fisioterapi',71,22),
(34,'Data dan Informasi',50,50),
(32,'Perencanaan',27,27),
(33,'Kepegawaian',27,27),
(35,'Pengadaan',31,31),
(36,'Barang dan Jasa',10,10),
(37,'Keuangan',3,3);

/*Table structure for table `mcourse` */

DROP TABLE IF EXISTS `mcourse`;

CREATE TABLE `mcourse` (
  `idcourse` int(11) NOT NULL AUTO_INCREMENT,
  `kategori` varchar(20) DEFAULT NULL,
  `title` varchar(50) DEFAULT NULL,
  `jpl` int(11) DEFAULT NULL,
  `materi` text DEFAULT NULL,
  PRIMARY KEY (`idcourse`)
) ENGINE=InnoDB AUTO_INCREMENT=7 DEFAULT CHARSET=utf8mb4;

/*Data for the table `mcourse` */

insert  into `mcourse`(`idcourse`,`kategori`,`title`,`jpl`,`materi`) values 
(6,'IT','Ujian Rekrutmen Pranata Komputer',1,'<p><a href=\"https://docs.google.com/forms/d/e/1FAIpQLSdmDdQ6D3pTBvxCM63fZY9uZ310FAqwy2b37_HnvSoA_oOsFA/formResponse\" target=\"_blank\">Link Ujian</a><br></p>');

/*Table structure for table `mkategori` */

DROP TABLE IF EXISTS `mkategori`;

CREATE TABLE `mkategori` (
  `idkategori` int(11) NOT NULL AUTO_INCREMENT,
  `kategori` varchar(50) DEFAULT NULL,
  PRIMARY KEY (`idkategori`)
) ENGINE=InnoDB AUTO_INCREMENT=15 DEFAULT CHARSET=utf8mb4;

/*Data for the table `mkategori` */

insert  into `mkategori`(`idkategori`,`kategori`) values 
(1,'Umum'),
(2,'Dokter'),
(3,'Perawat'),
(4,'Tata Usaha'),
(5,'Laboratorium'),
(6,'Kesehatan Lingkungan'),
(7,'Promkes'),
(8,'Fisioterapi'),
(9,'Data dan Informasi'),
(10,'Perencanaan'),
(11,'Kepegawaian'),
(12,'Pengadaan'),
(13,'Barang dan Jasa'),
(14,'Keuangan');

/*Table structure for table `mpeserta` */

DROP TABLE IF EXISTS `mpeserta`;

CREATE TABLE `mpeserta` (
  `idpeserta` int(11) NOT NULL AUTO_INCREMENT,
  `email` varchar(50) DEFAULT NULL,
  `namapeserta` varchar(100) DEFAULT NULL,
  `password` varchar(50) DEFAULT NULL,
  `lastlogin` datetime DEFAULT NULL,
  PRIMARY KEY (`idpeserta`)
) ENGINE=InnoDB AUTO_INCREMENT=6 DEFAULT CHARSET=utf8mb4;

/*Data for the table `mpeserta` */

insert  into `mpeserta`(`idpeserta`,`email`,`namapeserta`,`password`,`lastlogin`) values 
(1,'rizalpurnomo@gmail.com','Rizal Purnomo','202cb962ac59075b964b07152d234b70','2021-07-05 08:21:31'),
(2,'sidikpurnomo@gmail.com','Sidik Purnomo','eb6b3f6d9a488a9ecb28738cc9911ed8','2021-07-05 08:21:07'),
(5,'husnulfakhri@gmail.com','Husnul Fakhri','a6870fd395279883571ee16d0c8a0960',NULL);

/*Table structure for table `mprofile` */

DROP TABLE IF EXISTS `mprofile`;

CREATE TABLE `mprofile` (
  `id` int(11) NOT NULL AUTO_INCREMENT,
  `appname` varchar(100) DEFAULT NULL,
  PRIMARY KEY (`id`)
) ENGINE=InnoDB AUTO_INCREMENT=2 DEFAULT CHARSET=utf8mb4;

/*Data for the table `mprofile` */

insert  into `mprofile`(`id`,`appname`) values 
(1,'Sibening Apps');

/*Table structure for table `mquestion` */

DROP TABLE IF EXISTS `mquestion`;

CREATE TABLE `mquestion` (
  `idquestion` int(11) NOT NULL AUTO_INCREMENT,
  `idcourse` int(11) DEFAULT NULL,
  `nomor` int(11) DEFAULT NULL,
  `question` longtext DEFAULT NULL,
  `pila` longtext DEFAULT NULL,
  `pilb` longtext DEFAULT NULL,
  `pilc` longtext DEFAULT NULL,
  `pild` longtext DEFAULT NULL,
  `pile` longtext DEFAULT NULL,
  `key` varchar(1) DEFAULT NULL,
  PRIMARY KEY (`idquestion`),
  KEY `idcourse` (`idcourse`),
  CONSTRAINT `mquestion_ibfk_1` FOREIGN KEY (`idcourse`) REFERENCES `mcourse` (`idcourse`) ON UPDATE CASCADE
) ENGINE=InnoDB AUTO_INCREMENT=28 DEFAULT CHARSET=utf8mb4;

/*Data for the table `mquestion` */

insert  into `mquestion`(`idquestion`,`idcourse`,`nomor`,`question`,`pila`,`pilb`,`pilc`,`pild`,`pile`,`key`) values 
(18,6,NULL,'<p><span style=\"color: rgb(32, 33, 36); font-family: &quot;Google Sans&quot;, Roboto, Helvetica, Arial, sans-serif; font-size: 16px; letter-spacing: 0.1px;\">Perintah untuk koneksi PHP di database yang benar dibawah ini adalah</span><br></p>','$conn = mysqli_connect($servername, $username, $password, $database);','$conn = mysql_connect($servername, $username, $password, $database)','$connect = mysqli_connect($servername, $username, $password, $database)','$connect = mysql_connect($servername, $username, $password, $database);','$connect = mysqli_connect($servername, $username, $password, $database);','A'),
(19,6,NULL,'<p><span style=\"color: rgb(32, 33, 36); font-family: &quot;Google Sans&quot;, Roboto, Helvetica, Arial, sans-serif; font-size: 16px; letter-spacing: 0.1px;\">Termasuk network service tipe apakah UDP itu?</span><br></p>','Connectionless','Flow Control','Error correction','Connection-oriented','Buffering-oriented','A'),
(20,6,NULL,'<p><span style=\"color: rgb(32, 33, 36); font-family: &quot;Google Sans&quot;, Roboto, Helvetica, Arial, sans-serif; font-size: 16px; letter-spacing: 0.1px;\">Manakah yang bukan elemen di dalam framework Codeigniter?</span><span class=\"freebirdFormviewerComponentsQuestionBaseRequiredAsterisk\" id=\"i198\" aria-label=\"Pertanyaan wajib\" style=\"color: rgb(217, 48, 37); font-family: &quot;Google Sans&quot;, Roboto, Helvetica, Arial, sans-serif; font-size: 16px; letter-spacing: 0.1px;\">&nbsp;</span><br></p>','Header','Plugin','Library','Helper','Hook','E'),
(21,6,NULL,'<p><span style=\"color: rgb(32, 33, 36); font-family: &quot;Google Sans&quot;, Roboto, Helvetica, Arial, sans-serif; font-size: 16px; letter-spacing: 0.1px;\">Cara memanggil model dalam suatu controller pada Codeigniter adalah</span><br></p>','system.load.model(nama_model);','$this->load->model(nama_model);','$system->load->model(nama_model);','this.load.model(nama_model);','$system->load->model<nama_model>;','B'),
(22,6,NULL,'<p><span style=\"color: rgb(32, 33, 36); font-family: \"Google Sans\", Roboto, Helvetica, Arial, sans-serif; font-size: 16px; letter-spacing: 0.1px;\">Perintah linux untuk melihat isi dalam suatu direktori adalah</span><br></p>','/cd','chmod','cp','ls','ifconfig','D'),
(23,6,NULL,'<p><span style=\"color: rgb(32, 33, 36); font-family: &quot;Google Sans&quot;, Roboto, Helvetica, Arial, sans-serif; font-size: 16px; letter-spacing: 0.1px;\">Perhatikan kode berikut: $nama = array(\"Dina\", \"Aldi\", \"Okta\",\"Bayu\",\"Mirza\"); echo $nama[2]; Kode tersebut menghasilkan output?</span><br></p>','Dina','Aldi','Okta','Bayu','Mirza','C'),
(24,6,NULL,'<p><span style=\"color: rgb(32, 33, 36); font-family: \"Google Sans\", Roboto, Helvetica, Arial, sans-serif; font-size: 16px; letter-spacing: 0.1px;\">Helper dalam Codeigniter adalah</span><br></p>','Kumpulan informasi penjelasan dan tutorial codeigniter','Kumpulan dari library','Sebuah kelas (class)','Kumpulan fungsi untuk melakukan tugas tertentu','Yang mengatur hubungan antara model dengan view','D'),
(25,6,NULL,'<p><span style=\"color: rgb(32, 33, 36); font-family: \"Google Sans\", Roboto, Helvetica, Arial, sans-serif; font-size: 16px; letter-spacing: 0.1px;\">Perhatikan kode Berikut : $a = 50; $b = 10; if ($b>=$a) { echo $b; } Kode tersebut menghasilkan output?</span><span class=\"freebirdFormviewerComponentsQuestionBaseRequiredAsterisk\" id=\"i141\" aria-label=\"Pertanyaan wajib\" style=\"color: rgb(217, 48, 37); font-family: \"Google Sans\", Roboto, Helvetica, Arial, sans-serif; font-size: 16px; letter-spacing: 0.1px;\"></span><br></p>','50','10','40','Error pada sintak program','Tidak menghasilkan output','E'),
(26,6,NULL,'<p><span style=\"color: rgb(32, 33, 36); font-family: \"Google Sans\", Roboto, Helvetica, Arial, sans-serif; font-size: 16px; letter-spacing: 0.1px;\">Manakah di bawah ini yang terjadi pertama kali ketika koneksi tersambung?</span><br></p>','Service Request Coordination','Response Coordination','Synchronization and Acknowledgement','Flow control and error recovery','Information download','C'),
(27,6,NULL,'<p><span style=\"color: rgb(32, 33, 36); font-family: &quot;Google Sans&quot;, Roboto, Helvetica, Arial, sans-serif; font-size: 16px; letter-spacing: 0.1px;\">Berikut adalah fitur yang terdapat pada file konfigurasi SSH, kecuali</span><br></p>','Port','ListenAddress','HostKey','RandomSeed','UserLog','E');

/*Table structure for table `muser` */

DROP TABLE IF EXISTS `muser`;

CREATE TABLE `muser` (
  `iduser` int(11) NOT NULL AUTO_INCREMENT,
  `username` varchar(50) DEFAULT NULL,
  `realname` varchar(100) DEFAULT NULL,
  `password` varchar(200) DEFAULT NULL,
  `lastlogin` datetime DEFAULT NULL,
  PRIMARY KEY (`iduser`)
) ENGINE=InnoDB AUTO_INCREMENT=2 DEFAULT CHARSET=utf8mb4;

/*Data for the table `muser` */

insert  into `muser`(`iduser`,`username`,`realname`,`password`,`lastlogin`) values 
(1,'rizal','Rizal Purnomo','c6318323cc5693ce1f8d220cc9a5030e','2021-07-07 14:36:32');

/*!40101 SET SQL_MODE=@OLD_SQL_MODE */;
/*!40014 SET FOREIGN_KEY_CHECKS=@OLD_FOREIGN_KEY_CHECKS */;
/*!40014 SET UNIQUE_CHECKS=@OLD_UNIQUE_CHECKS */;
/*!40111 SET SQL_NOTES=@OLD_SQL_NOTES */;
