/*
SQLyog Ultimate v12.5.1 (64 bit)
MySQL - 10.4.13-MariaDB : Database - dbsibening
*********************************************************************
*/

/*!40101 SET NAMES utf8 */;

/*!40101 SET SQL_MODE=''*/;

/*!40014 SET @OLD_UNIQUE_CHECKS=@@UNIQUE_CHECKS, UNIQUE_CHECKS=0 */;
/*!40014 SET @OLD_FOREIGN_KEY_CHECKS=@@FOREIGN_KEY_CHECKS, FOREIGN_KEY_CHECKS=0 */;
/*!40101 SET @OLD_SQL_MODE=@@SQL_MODE, SQL_MODE='NO_AUTO_VALUE_ON_ZERO' */;
/*!40111 SET @OLD_SQL_NOTES=@@SQL_NOTES, SQL_NOTES=0 */;
CREATE DATABASE /*!32312 IF NOT EXISTS*/`dbsibening` /*!40100 DEFAULT CHARACTER SET utf8mb4 */;

USE `dbsibening`;

/*Table structure for table `_aauth_groups` */

DROP TABLE IF EXISTS `_aauth_groups`;

CREATE TABLE `_aauth_groups` (
  `id` int(11) unsigned NOT NULL AUTO_INCREMENT,
  `name` varchar(100) DEFAULT NULL,
  `definition` text DEFAULT NULL,
  PRIMARY KEY (`id`)
) ENGINE=InnoDB AUTO_INCREMENT=26 DEFAULT CHARSET=utf8;

/*Data for the table `_aauth_groups` */

insert  into `_aauth_groups`(`id`,`name`,`definition`) values 
(1,'Admin','Super Admin Group'),
(3,'Default','Default Access Group'),
(13,'Loket Matraman','Administrasi loket pendaftaran'),
(14,'Loket Palmeriam','Administrasi loket pendaftaran'),
(15,'Loket Kayumanis','Administrasi loket pendaftaran'),
(16,'Loket Kebon Manggis','Administrasi loket pendaftaran'),
(17,'Loket UKS 1','Administrasi loket pendaftaran'),
(18,'Loket UKS 2','Administrasi loket pendaftaran'),
(19,'Loket UKUT','Administrasi loket pendaftaran'),
(20,'Kepegawaian','Admin Kepegawaian'),
(21,'User Non PNS','User Non PNS Umum'),
(22,'User PNS','User PNS Umum'),
(23,'User Koordinator','User Koordinator dan Penanggung jawab'),
(24,'Caten','Caten'),
(25,'Surveilens','Surveilens');

/*Table structure for table `_aauth_login_attempts` */

DROP TABLE IF EXISTS `_aauth_login_attempts`;

CREATE TABLE `_aauth_login_attempts` (
  `id` int(11) NOT NULL AUTO_INCREMENT,
  `ip_address` varchar(39) DEFAULT '0',
  `timestamp` datetime DEFAULT NULL,
  `login_attempts` tinyint(2) DEFAULT 0,
  PRIMARY KEY (`id`)
) ENGINE=InnoDB AUTO_INCREMENT=58944 DEFAULT CHARSET=latin1;

/*Data for the table `_aauth_login_attempts` */

insert  into `_aauth_login_attempts`(`id`,`ip_address`,`timestamp`,`login_attempts`) values 
(3,'180.244.217.57','2019-06-24 08:04:18',2),
(31,'180.244.217.57','2019-06-24 09:06:58',1),
(49,'36.70.234.43','2019-06-24 09:53:53',1),
(50,'180.244.217.57','2019-06-24 09:57:15',3),
(56,'110.138.172.49','2019-06-24 10:32:10',1),
(57,'36.70.121.41','2019-06-24 10:37:04',2),
(85,'141.0.8.153','2019-06-24 13:17:48',1),
(123,'36.70.121.41','2019-06-24 15:37:12',3),
(125,'36.70.121.41','2019-06-24 15:58:29',11),
(183,'182.253.14.31','2019-06-25 11:25:48',2),
(363,'120.188.93.138','2019-06-27 06:26:28',2),
(441,'36.70.121.41','2019-06-27 14:18:11',2),
(745,'182.0.179.29','2019-06-28 19:21:31',2),
(751,'36.70.121.41','2019-06-28 19:42:36',1),
(819,'36.70.121.41','2019-06-29 15:23:43',4),
(1283,'182.0.201.36','2019-07-04 08:09:11',3),
(1302,'182.0.202.83','2019-07-04 11:52:59',8),
(1304,'182.0.202.83','2019-07-04 12:08:21',10),
(1332,'182.0.232.123','2019-07-04 18:25:22',2),
(1478,'180.244.219.80','2019-07-08 07:37:30',1),
(1589,'36.70.181.109','2019-07-13 20:46:37',1),
(1657,'61.5.95.35','2019-07-15 14:17:29',1),
(1996,'202.80.212.252','2019-07-20 17:10:12',1),
(2105,'182.0.238.171','2019-07-23 00:27:54',4),
(2132,'36.69.103.235','2019-07-23 08:41:51',4),
(2445,'36.69.103.235','2019-07-26 09:35:19',1),
(2608,'110.138.88.5','2019-07-29 07:47:20',1),
(3134,'36.69.231.152','2019-08-01 08:04:11',1),
(3248,'140.213.41.113','2019-08-01 16:38:49',4),
(3283,'125.160.112.49','2019-08-05 12:16:24',1),
(3284,'114.124.172.170','2019-08-05 12:22:15',1),
(3286,'182.0.183.52','2019-08-05 12:46:42',1),
(3287,'119.252.171.202','2019-08-05 13:01:31',3),
(3365,'125.160.112.49','2019-08-06 14:45:14',1),
(3577,'180.242.169.227','2019-08-12 13:49:14',1),
(4072,'36.71.223.192','2019-08-20 07:56:04',2),
(4101,'36.71.223.192','2019-08-20 12:01:12',1),
(4301,'114.5.215.196','2019-08-23 08:41:14',2),
(4308,'36.84.141.135','2019-08-23 09:38:32',1),
(4579,'125.160.114.96','2019-08-27 14:15:17',2),
(4618,'125.166.215.34','2019-08-27 18:53:47',1),
(4658,'125.161.215.44','2019-08-28 11:13:57',1),
(4826,'180.252.203.98','2019-08-29 16:16:47',1),
(4870,'125.160.234.38','2019-08-30 07:02:29',1),
(5172,'36.84.139.147','2019-08-30 18:47:43',4),
(5232,'120.188.67.45','2019-08-31 11:08:53',2),
(5233,'120.188.67.45','2019-08-31 11:20:50',3),
(5258,'36.70.135.236','2019-09-02 12:24:45',4),
(5465,'153.164.106.167','2019-09-15 23:30:31',1),
(5818,'110.138.85.245','2019-09-19 15:49:46',1),
(5864,'110.138.85.245','2019-09-20 10:34:18',4),
(5954,'110.138.85.245','2019-09-22 07:47:05',1),
(5960,'180.252.204.209','2019-09-22 09:29:57',1),
(5975,'118.96.23.124','2019-09-22 19:27:38',2),
(6582,'202.80.213.156','2019-09-29 20:05:15',1),
(7014,'139.5.149.190','2019-10-02 08:53:44',3),
(7187,'36.70.176.70','2019-10-04 11:10:58',1),
(7367,'180.242.115.46','2019-10-07 15:16:35',1),
(7418,'61.5.72.136','2019-10-10 15:06:21',1),
(7482,'180.251.226.5','2019-10-11 11:27:04',3),
(7633,'103.22.251.179','2019-10-14 13:50:55',1),
(7676,'36.70.209.124','2019-10-17 13:34:05',2),
(8366,'180.242.172.27','2019-10-30 14:14:44',2),
(8538,'139.0.197.232','2019-11-03 18:24:47',1),
(8750,'36.84.148.163','2019-11-06 13:00:08',1),
(8752,'36.84.153.108','2019-11-11 13:33:29',1),
(8759,'36.84.153.108','2019-11-11 14:20:00',1),
(8805,'118.96.72.120','2019-11-12 13:26:01',1),
(8827,'36.71.212.102','2019-11-13 15:58:07',1),
(8961,'125.160.247.138','2019-11-15 11:55:25',1),
(9025,'120.188.94.39','2019-11-16 11:42:48',3),
(9026,'120.188.94.39','2019-11-16 11:54:09',6),
(9076,'125.166.90.180','2019-11-18 10:19:02',1),
(9312,'110.138.38.184','2019-11-23 09:36:06',11),
(9495,'110.138.39.19','2019-11-26 09:08:39',2),
(9503,'110.138.39.19','2019-11-26 10:28:37',3),
(9592,'103.10.66.65','2019-11-27 09:17:45',2),
(10108,'110.138.91.149','2019-11-30 11:52:35',1),
(10118,'36.70.116.128','2019-11-30 16:12:38',1),
(10164,'114.124.165.234','2019-12-01 20:10:50',1),
(10711,'114.5.211.128','2019-12-09 18:54:35',2),
(10838,'45.33.141.20','2019-12-11 22:19:49',4),
(10867,'36.70.90.79','2019-12-12 09:33:44',1),
(11270,'125.166.89.84','2019-12-23 08:00:23',1),
(11361,'125.166.89.84','2019-12-23 18:47:01',2),
(11372,'125.166.89.84','2019-12-25 08:01:58',1),
(11645,'182.0.206.24','2019-12-28 11:47:37',1),
(11740,'36.77.209.18','2019-12-30 10:15:17',1),
(12240,'110.138.152.65','2020-01-03 11:36:56',2),
(12300,'125.166.92.199','2020-01-06 07:48:55',4),
(12310,'125.166.92.199','2020-01-06 08:41:01',7),
(12344,'10.15.32.219','2020-01-15 12:10:42',10),
(12359,'10.15.32.219','2020-01-15 13:14:38',1),
(12365,'10.15.32.219','2020-01-15 14:39:43',2),
(12375,'10.15.32.219','2020-01-15 15:38:44',2),
(12409,'10.15.32.218','2020-01-16 11:34:46',1),
(12414,'10.15.32.218','2020-01-16 11:54:46',1),
(12423,'10.15.32.218','2020-01-16 12:52:24',1),
(12459,'10.15.32.218','2020-01-16 15:03:32',1),
(12487,'10.15.32.219','2020-01-16 20:10:10',3),
(12522,'10.15.32.219','2020-01-17 14:08:39',2),
(12537,'10.15.32.219','2020-01-17 14:27:59',2),
(12544,'10.15.32.218','2020-01-17 14:36:43',2),
(12545,'10.15.32.219','2020-01-17 14:36:29',1),
(12579,'10.15.32.218','2020-01-17 15:45:20',5),
(12583,'10.15.32.218','2020-01-17 15:52:35',1),
(12691,'10.15.32.219','2020-01-18 10:01:08',1),
(12692,'10.15.32.218','2020-01-18 10:01:22',1),
(12700,'10.15.32.218','2020-01-18 11:33:00',1),
(12705,'10.15.32.218','2020-01-18 11:51:00',1),
(12740,'10.15.32.218','2020-01-18 17:40:31',1),
(12762,'10.15.32.219','2020-01-19 11:56:16',1),
(12822,'10.15.32.219','2020-01-20 09:28:28',2),
(12908,'10.15.32.219','2020-01-20 15:20:56',1),
(12923,'10.15.32.218','2020-01-20 19:18:23',4),
(12929,'10.15.32.218','2020-01-20 19:47:16',1),
(12932,'10.15.32.218','2020-01-20 20:24:38',1),
(12935,'10.15.32.218','2020-01-21 10:29:40',1),
(12953,'10.15.32.219','2020-01-21 13:05:23',2),
(13068,'10.15.32.218','2020-01-22 10:28:04',1),
(13077,'10.15.32.218','2020-01-22 11:33:07',1),
(13096,'10.15.32.218','2020-01-22 14:05:16',4),
(13097,'10.15.32.219','2020-01-22 14:05:02',2),
(13111,'10.15.32.219','2020-01-22 14:46:51',15),
(13170,'10.15.32.218','2020-01-23 09:07:39',1),
(13190,'10.15.32.219','2020-01-23 13:00:17',2),
(13236,'10.15.32.218','2020-01-23 15:17:50',1),
(13274,'10.15.32.219','2020-01-24 07:43:35',1),
(13317,'10.15.32.219','2020-01-24 10:52:01',1),
(13352,'10.15.32.219','2020-01-24 14:03:38',1),
(13354,'10.15.32.219','2020-01-24 14:13:47',1),
(13355,'10.15.32.218','2020-01-24 14:14:22',1),
(13415,'10.15.32.218','2020-01-24 17:17:24',1),
(13432,'10.15.32.219','2020-01-24 19:58:08',1),
(13446,'10.15.32.218','2020-01-25 07:37:19',1),
(13449,'10.15.32.218','2020-01-25 08:23:12',4),
(13450,'10.15.32.219','2020-01-25 08:23:34',4),
(13464,'10.15.32.219','2020-01-25 13:54:58',1),
(13476,'10.15.32.219','2020-01-25 18:48:56',1),
(13479,'10.15.32.218','2020-01-25 21:26:36',1),
(13509,'10.15.32.219','2020-01-27 06:56:59',2),
(13543,'10.15.32.219','2020-01-27 09:18:08',1),
(13547,'10.15.32.218','2020-01-27 09:51:43',1),
(13654,'10.15.32.219','2020-01-27 15:37:34',1),
(13767,'10.15.32.218','2020-01-28 11:39:14',1),
(13829,'10.15.32.219','2020-01-28 15:13:26',1),
(13853,'10.15.32.218','2020-01-28 15:52:32',1),
(13868,'10.15.32.219','2020-01-28 17:07:17',1),
(13972,'10.15.32.218','2020-01-29 13:01:33',1),
(13989,'10.15.32.219','2020-01-29 14:11:00',1),
(13997,'10.15.32.218','2020-01-29 14:30:47',1),
(14034,'10.15.32.218','2020-01-29 17:51:39',1),
(14047,'10.15.32.219','2020-01-30 05:11:27',1),
(14049,'10.15.32.219','2020-01-30 05:38:19',1),
(14094,'10.15.32.218','2020-01-30 09:42:59',2),
(14116,'10.15.32.219','2020-01-30 10:24:19',1),
(14145,'10.15.32.219','2020-01-30 13:23:19',2),
(14199,'10.15.32.219','2020-01-30 17:24:31',1),
(14325,'10.15.32.218','2020-01-31 10:17:13',1),
(14326,'10.15.32.219','2020-01-31 10:17:45',1),
(14333,'10.15.32.219','2020-01-31 10:42:07',1),
(14341,'10.15.32.219','2020-01-31 11:06:13',1),
(14355,'10.15.32.219','2020-01-31 12:05:10',1),
(14427,'10.15.32.219','2020-01-31 15:17:26',1),
(14483,'10.15.32.219','2020-01-31 17:00:27',1),
(14627,'10.15.32.218','2020-02-03 09:16:10',1),
(14793,'10.15.32.218','2020-02-06 13:07:34',1),
(14891,'10.15.32.219','2020-02-08 19:02:19',1),
(14977,'10.15.32.219','2020-02-10 15:29:55',1),
(15026,'10.15.32.219','2020-02-11 14:13:54',1),
(15050,'10.15.32.219','2020-02-11 16:13:54',1),
(15087,'10.15.32.218','2020-02-12 09:03:23',1),
(15104,'10.15.32.218','2020-02-12 12:47:31',1),
(15105,'10.15.32.219','2020-02-12 12:48:59',1),
(15171,'10.15.32.219','2020-02-13 10:17:08',1),
(15175,'10.15.32.219','2020-02-13 10:57:47',2),
(15183,'10.15.32.219','2020-02-13 13:02:39',1),
(15223,'10.15.32.218','2020-02-13 15:55:53',1),
(15230,'10.15.32.219','2020-02-13 17:14:44',2),
(15290,'10.15.32.218','2020-02-14 14:20:07',1),
(15313,'10.15.32.219','2020-02-14 16:14:57',1),
(15317,'10.15.32.218','2020-02-14 16:38:53',1),
(15413,'10.15.32.219','2020-02-17 13:19:27',1),
(15457,'10.15.32.218','2020-02-18 08:47:38',1),
(15550,'10.15.32.219','2020-02-19 14:15:54',1),
(15627,'10.15.32.218','2020-02-20 21:21:13',1),
(15751,'10.15.32.218','2020-02-23 16:06:32',1),
(15774,'10.15.32.218','2020-02-24 08:03:10',1),
(15820,'10.15.32.219','2020-02-24 13:53:09',1),
(15880,'10.15.32.218','2020-02-25 09:17:41',1),
(15940,'10.15.32.218','2020-02-26 07:23:20',1),
(16058,'10.15.32.219','2020-02-27 08:33:49',1),
(16064,'10.15.32.218','2020-02-27 09:18:33',1),
(16132,'10.15.32.219','2020-02-27 17:05:38',1),
(16344,'10.15.32.219','2020-02-28 17:03:03',1),
(16428,'10.15.32.219','2020-02-29 11:12:12',1),
(16436,'10.15.32.219','2020-02-29 12:01:33',1),
(16438,'10.15.32.218','2020-02-29 12:02:27',1),
(16441,'10.15.32.218','2020-02-29 12:56:34',1),
(16443,'10.15.32.218','2020-02-29 13:05:14',3),
(16463,'10.15.32.219','2020-02-29 18:16:52',1),
(16530,'10.15.32.219','2020-03-01 22:48:22',1),
(16550,'10.15.32.219','2020-03-02 07:46:39',1),
(16578,'10.15.32.219','2020-03-02 10:06:36',1),
(16613,'10.15.32.218','2020-03-02 16:24:24',1),
(16614,'10.15.32.219','2020-03-02 16:40:10',1),
(16622,'10.15.32.218','2020-03-02 22:28:09',1),
(16751,'10.15.32.218','2020-03-05 09:29:11',1),
(16786,'10.15.32.218','2020-03-05 17:23:32',1),
(16813,'10.15.32.218','2020-03-06 10:59:47',1),
(16849,'10.15.32.219','2020-03-06 16:21:52',2),
(16866,'10.15.32.219','2020-03-07 08:00:27',1),
(16942,'10.15.32.218','2020-03-09 14:12:04',4),
(16943,'10.15.32.219','2020-03-09 14:11:52',3),
(16992,'10.15.32.219','2020-03-10 11:16:19',1),
(17181,'10.15.32.218','2020-03-13 14:54:07',1),
(17214,'10.15.32.219','2020-03-13 16:08:10',1),
(17227,'10.15.32.218','2020-03-13 18:51:51',1),
(17239,'10.15.32.218','2020-03-14 08:34:14',1),
(17250,'10.15.32.218','2020-03-14 14:29:48',1),
(17251,'10.15.32.219','2020-03-14 14:31:06',1),
(17268,'10.15.32.219','2020-03-15 14:21:54',1),
(17327,'10.15.32.219','2020-03-16 12:45:26',1),
(17462,'10.15.32.218','2020-03-18 11:51:44',1),
(17469,'10.15.32.219','2020-03-18 13:42:39',1),
(17488,'10.15.32.218','2020-03-18 19:49:35',2),
(17555,'10.15.32.218','2020-03-19 16:29:18',1),
(17559,'10.15.32.219','2020-03-19 19:02:14',1),
(17575,'10.15.32.218','2020-03-20 09:04:54',1),
(17744,'10.15.32.219','2020-03-23 10:44:09',1),
(17775,'10.15.32.218','2020-03-23 13:57:11',1),
(17810,'10.15.32.218','2020-03-23 17:35:16',1),
(17836,'10.15.32.218','2020-03-24 08:55:17',2),
(17864,'10.15.32.219','2020-03-24 14:23:24',1),
(17928,'10.15.32.218','2020-03-26 08:41:46',1),
(17932,'10.15.32.218','2020-03-26 08:50:45',3),
(17940,'10.15.32.218','2020-03-26 09:14:59',1),
(17943,'10.15.32.219','2020-03-26 09:28:59',1),
(18049,'10.15.32.218','2020-03-27 08:58:56',1),
(18067,'10.15.32.218','2020-03-27 11:25:59',1),
(18140,'10.15.32.218','2020-03-27 20:14:13',1),
(18148,'10.15.32.219','2020-03-28 01:57:17',1),
(18152,'10.15.32.218','2020-03-28 07:50:15',2),
(18154,'10.15.32.219','2020-03-28 07:50:27',1),
(18156,'10.15.32.219','2020-03-28 08:11:00',3),
(18165,'10.15.32.218','2020-03-28 09:34:29',1),
(18187,'10.15.32.218','2020-03-29 00:54:30',1),
(18212,'10.15.32.219','2020-03-30 02:05:44',5),
(18213,'10.15.32.218','2020-03-30 02:05:18',8),
(18228,'10.15.32.218','2020-03-30 07:32:56',1),
(18329,'10.15.32.219','2020-03-30 14:34:03',1),
(18359,'10.15.32.219','2020-03-30 15:37:40',1),
(18387,'10.15.32.219','2020-03-30 18:59:29',1),
(18410,'10.15.32.218','2020-03-31 07:11:49',1),
(18497,'10.15.32.219','2020-03-31 11:03:27',2),
(18591,'10.15.32.218','2020-03-31 15:09:12',1),
(18601,'10.15.32.219','2020-03-31 15:25:13',1),
(18653,'10.15.32.219','2020-03-31 16:31:12',2),
(18676,'10.15.32.218','2020-03-31 21:26:35',1),
(18682,'10.15.32.218','2020-03-31 21:53:23',1),
(18701,'10.15.32.219','2020-04-01 05:32:58',1),
(18710,'10.15.32.218','2020-04-01 07:05:21',1),
(18784,'10.15.32.218','2020-04-01 10:58:58',3),
(18835,'10.15.32.219','2020-04-01 13:23:51',3),
(19021,'10.15.32.218','2020-04-01 17:03:59',1),
(19156,'10.15.32.219','2020-04-02 11:52:46',1),
(19251,'10.15.32.218','2020-04-02 14:58:16',1),
(19380,'10.15.32.219','2020-04-03 07:46:55',1),
(19436,'10.15.32.218','2020-04-03 10:39:48',1),
(19615,'10.15.32.218','2020-04-03 16:35:12',1),
(19650,'10.15.32.218','2020-04-03 21:12:24',1),
(19665,'10.15.32.218','2020-04-04 09:43:08',1),
(19680,'10.15.32.219','2020-04-04 22:24:40',1),
(19694,'10.15.32.219','2020-04-06 05:59:19',1),
(19718,'10.15.32.218','2020-04-06 09:05:33',1),
(19889,'10.15.32.218','2020-04-06 16:53:09',1),
(19996,'10.15.32.219','2020-04-07 13:47:40',1),
(20340,'10.15.32.219','2020-04-08 18:40:16',1),
(20606,'10.15.32.218','2020-04-10 12:34:49',1),
(20649,'10.15.32.219','2020-04-12 16:05:01',1),
(20688,'10.15.32.218','2020-04-13 09:57:14',1),
(20699,'10.15.32.218','2020-04-13 10:43:02',1),
(20877,'10.15.32.219','2020-04-13 17:52:08',1),
(20887,'10.15.32.218','2020-04-13 19:13:44',1),
(20956,'10.15.32.219','2020-04-14 14:07:56',13),
(21370,'10.15.32.218','2020-04-15 16:23:49',1),
(21421,'10.15.32.218','2020-04-16 09:34:49',1),
(21900,'10.15.32.218','2020-04-18 15:17:28',1),
(21930,'10.15.32.218','2020-04-20 07:16:35',1),
(21934,'10.15.32.219','2020-04-20 07:33:53',2),
(21973,'10.15.32.218','2020-04-20 11:14:58',1),
(21988,'10.15.32.218','2020-04-20 12:54:54',1),
(22230,'10.15.32.219','2020-04-21 13:15:30',1),
(22384,'10.15.32.219','2020-04-21 20:28:07',4),
(22426,'10.15.32.219','2020-04-22 10:29:53',1),
(23151,'10.15.32.219','2020-04-27 07:23:26',1),
(23202,'10.15.32.218','2020-04-27 11:17:07',1),
(23224,'10.15.32.218','2020-04-27 12:27:30',1),
(23229,'10.15.32.218','2020-04-27 12:54:41',1),
(23373,'10.15.32.219','2020-04-27 19:17:35',1),
(23376,'10.15.32.218','2020-04-27 20:38:39',1),
(23379,'10.15.32.218','2020-04-27 22:55:02',1),
(23395,'10.15.32.219','2020-04-28 10:10:15',2),
(23868,'10.15.32.218','2020-04-30 07:40:11',2),
(24100,'10.15.32.218','2020-04-30 20:31:20',1),
(24130,'10.15.32.218','2020-05-01 11:54:44',1),
(24226,'10.15.32.218','2020-05-04 07:52:59',1),
(24253,'10.15.32.218','2020-05-04 10:38:51',1),
(24389,'10.15.32.218','2020-05-04 15:00:24',1),
(24481,'10.15.32.219','2020-05-05 09:06:13',1),
(24498,'10.15.32.218','2020-05-05 10:52:51',1),
(24500,'10.15.32.219','2020-05-05 10:54:26',2),
(24900,'10.15.32.218','2020-05-08 06:22:27',1),
(24965,'10.15.32.218','2020-05-08 12:42:45',1),
(25150,'10.15.32.218','2020-05-10 21:18:28',6),
(25153,'10.15.32.219','2020-05-11 02:26:28',1),
(25532,'10.15.32.218','2020-05-12 14:48:16',1),
(25597,'10.15.32.219','2020-05-13 09:18:01',2),
(25922,'10.15.32.218','2020-05-14 16:06:31',1),
(25930,'10.15.32.219','2020-05-14 20:39:44',1),
(25945,'10.15.32.219','2020-05-15 06:51:26',1),
(26173,'10.15.32.218','2020-05-16 23:16:54',1),
(26191,'10.15.32.218','2020-05-17 20:33:09',2),
(26271,'10.15.32.219','2020-05-18 13:13:44',1),
(26400,'10.15.32.218','2020-05-19 08:31:09',1),
(26420,'10.15.32.219','2020-05-19 11:45:55',1),
(26551,'10.15.32.219','2020-05-19 17:14:47',1),
(26772,'10.15.32.219','2020-05-21 08:59:38',1),
(26778,'10.15.32.219','2020-05-21 15:37:42',1),
(26780,'10.15.32.218','2020-05-21 16:08:37',1),
(26840,'10.15.32.218','2020-05-22 09:40:58',2),
(27012,'10.15.32.219','2020-05-23 11:34:24',1),
(27044,'10.15.32.218','2020-05-24 22:50:38',1),
(27053,'10.15.32.218','2020-05-25 09:07:46',1),
(27070,'10.15.32.218','2020-05-26 08:02:15',1),
(27078,'10.15.32.219','2020-05-26 08:35:38',1),
(27252,'10.15.32.218','2020-05-27 01:03:14',3),
(27296,'10.15.32.218','2020-05-27 11:27:07',1),
(27318,'10.15.32.219','2020-05-27 13:55:54',1),
(27447,'10.15.32.219','2020-05-27 20:38:50',1),
(27622,'10.15.32.218','2020-05-28 16:51:17',1),
(27696,'10.15.32.218','2020-05-29 13:06:41',1),
(27975,'10.15.32.218','2020-05-30 17:36:51',6),
(28000,'10.15.32.218','2020-05-31 07:56:59',1),
(28003,'10.15.32.219','2020-05-31 08:23:32',2),
(28017,'10.15.32.218','2020-05-31 13:27:19',1),
(28025,'10.15.32.218','2020-05-31 14:21:12',1),
(28046,'10.15.32.219','2020-05-31 17:55:50',1),
(28085,'10.15.32.218','2020-05-31 23:13:09',1),
(28168,'10.15.32.218','2020-06-02 13:27:46',2),
(28169,'10.15.32.219','2020-06-02 13:25:41',1),
(28182,'10.15.32.219','2020-06-02 14:51:15',1),
(28185,'10.15.32.218','2020-06-02 14:55:28',1),
(28268,'10.15.32.219','2020-06-02 18:21:33',1),
(28288,'10.15.32.218','2020-06-03 07:57:57',1),
(28494,'10.15.32.218','2020-06-04 11:40:07',1),
(28653,'10.15.32.219','2020-06-05 08:42:41',1),
(28677,'10.15.32.219','2020-06-05 11:30:26',1),
(28797,'10.15.32.218','2020-06-06 19:42:20',2),
(28968,'10.15.32.218','2020-06-09 03:18:16',1),
(29023,'10.15.32.219','2020-06-09 13:26:43',3),
(29025,'10.15.32.218','2020-06-09 13:36:56',1),
(29042,'10.15.32.219','2020-06-09 14:34:09',1),
(29047,'10.15.32.218','2020-06-09 14:42:30',1),
(29182,'10.15.32.219','2020-06-10 13:56:00',1),
(29335,'10.15.32.218','2020-06-11 14:26:02',1),
(29456,'10.15.32.218','2020-06-12 09:34:27',1),
(29598,'10.15.32.218','2020-06-12 17:04:01',1),
(29607,'10.15.32.219','2020-06-12 19:51:20',1),
(29624,'10.15.32.218','2020-06-14 13:55:26',1),
(29813,'10.15.32.219','2020-06-16 12:46:18',3),
(30358,'10.15.32.219','2020-06-21 19:14:31',1),
(30359,'10.15.32.218','2020-06-21 19:15:28',1),
(30386,'10.15.32.218','2020-06-22 08:47:35',1),
(30423,'10.15.32.219','2020-06-22 14:14:11',1),
(30494,'10.15.32.219','2020-06-22 20:32:15',1),
(30593,'10.15.32.218','2020-06-23 15:11:28',1),
(30708,'10.15.32.218','2020-06-24 13:58:48',1),
(30804,'10.15.32.219','2020-06-25 08:57:28',1),
(30887,'10.15.32.218','2020-06-25 17:14:14',1),
(31097,'10.15.32.219','2020-06-28 21:09:51',1),
(31135,'10.15.32.219','2020-06-29 09:08:25',1),
(31148,'10.15.32.218','2020-06-29 11:26:02',1),
(31151,'10.15.32.219','2020-06-29 12:06:31',1),
(31307,'10.15.32.219','2020-06-30 10:14:52',1),
(31749,'10.15.32.219','2020-07-02 12:02:13',1),
(31865,'10.15.32.218','2020-07-03 07:53:22',1),
(32054,'10.15.32.218','2020-07-06 11:33:28',1),
(32160,'10.15.32.219','2020-07-07 11:50:21',10),
(32162,'10.15.32.218','2020-07-07 11:49:56',7),
(32377,'10.15.32.219','2020-07-09 15:45:09',1),
(32566,'10.15.32.218','2020-07-10 18:40:28',1),
(32628,'10.15.32.219','2020-07-13 08:28:20',2),
(32716,'10.15.32.219','2020-07-13 16:10:36',4),
(32886,'10.15.32.219','2020-07-15 10:42:04',2),
(32923,'10.15.32.218','2020-07-15 15:19:50',1),
(32964,'10.15.32.218','2020-07-15 20:10:14',1),
(32965,'10.15.32.219','2020-07-15 20:10:20',1),
(32997,'10.15.32.219','2020-07-16 08:43:18',1),
(33026,'10.15.32.219','2020-07-16 11:00:46',2),
(33027,'10.15.32.218','2020-07-16 11:00:01',1),
(33040,'10.15.32.219','2020-07-16 12:15:41',3),
(33071,'10.15.32.219','2020-07-16 14:57:44',1),
(33124,'10.15.32.218','2020-07-16 20:34:46',1),
(33186,'10.15.32.218','2020-07-17 14:24:27',1),
(33190,'10.15.32.219','2020-07-17 14:43:20',1),
(33247,'10.15.32.219','2020-07-17 16:41:27',2),
(33263,'10.15.32.218','2020-07-18 09:15:30',5),
(33264,'10.15.32.219','2020-07-18 09:12:30',1),
(33317,'10.15.32.218','2020-07-20 08:14:18',1),
(33335,'10.15.32.219','2020-07-20 10:00:00',1),
(33507,'10.15.32.219','2020-07-21 09:54:12',6),
(33510,'10.15.32.218','2020-07-21 10:01:49',6),
(33515,'10.15.32.218','2020-07-21 10:36:42',3),
(33588,'10.15.32.218','2020-07-21 22:01:37',1),
(33704,'10.15.32.219','2020-07-22 16:24:48',1),
(33766,'10.15.32.218','2020-07-23 13:43:08',1),
(33886,'10.15.32.218','2020-07-24 13:15:13',1),
(33904,'10.15.32.218','2020-07-24 14:37:56',2),
(34000,'10.15.32.218','2020-07-26 01:11:35',1),
(34103,'10.15.32.218','2020-07-27 15:34:09',2),
(34158,'10.15.32.219','2020-07-28 08:22:40',3),
(34160,'10.15.32.219','2020-07-28 08:31:03',2),
(34163,'10.15.32.218','2020-07-28 08:39:11',1),
(34535,'10.15.32.218','2020-07-30 11:49:27',1),
(34540,'10.15.32.219','2020-07-30 12:32:43',1),
(34759,'10.15.32.218','2020-07-31 15:37:11',1),
(34786,'10.15.32.218','2020-08-01 03:25:31',2),
(34806,'10.15.32.218','2020-08-01 19:09:14',1),
(34815,'10.15.32.218','2020-08-01 20:45:14',1),
(34878,'10.15.32.218','2020-08-03 09:05:25',1),
(34894,'10.15.32.219','2020-08-03 11:26:30',2),
(34954,'10.15.32.219','2020-08-03 19:25:47',4),
(35080,'10.15.32.218','2020-08-05 07:17:25',2),
(35220,'10.15.32.218','2020-08-06 11:01:13',1),
(35418,'10.15.32.219','2020-08-09 08:50:21',1),
(35500,'10.15.32.218','2020-08-10 13:36:16',1),
(35694,'10.15.32.219','2020-08-12 08:02:28',1),
(35970,'10.15.32.218','2020-08-14 15:03:40',1),
(35994,'10.15.32.218','2020-08-14 15:55:14',1),
(36093,'10.15.32.219','2020-08-17 11:21:22',1),
(36094,'10.15.32.219','2020-08-17 11:26:52',2),
(36096,'10.15.32.218','2020-08-17 11:44:23',2),
(36111,'10.15.32.218','2020-08-17 17:49:15',1),
(36118,'10.15.32.218','2020-08-17 19:56:25',1),
(36229,'10.15.32.218','2020-08-19 07:25:34',1),
(36242,'10.15.32.218','2020-08-19 08:32:12',1),
(36260,'10.15.32.219','2020-08-19 10:25:50',2),
(36357,'10.15.32.218','2020-08-23 09:50:17',1),
(36362,'10.15.32.219','2020-08-23 12:49:31',1),
(36425,'10.15.32.219','2020-08-24 13:08:28',1),
(36474,'10.15.32.219','2020-08-24 23:14:30',1),
(36506,'10.15.32.218','2020-08-25 09:19:02',1),
(36521,'10.15.32.219','2020-08-25 12:02:05',2),
(36554,'10.15.32.219','2020-08-25 15:08:56',1),
(36680,'10.15.32.218','2020-08-26 21:51:02',1),
(36700,'10.15.32.219','2020-08-27 08:23:32',1),
(36809,'10.15.32.218','2020-08-28 08:32:19',1),
(36914,'10.15.32.218','2020-08-28 18:49:42',1),
(36919,'10.15.32.219','2020-08-28 19:38:26',1),
(36960,'10.15.32.218','2020-08-30 14:54:33',1),
(37029,'10.15.32.218','2020-08-31 08:28:25',1),
(37210,'10.15.32.219','2020-09-01 05:18:47',3),
(37212,'10.15.32.219','2020-09-01 05:24:42',3),
(37394,'10.15.32.218','2020-09-02 12:53:21',1),
(37446,'10.15.32.219','2020-09-02 21:04:13',1),
(37558,'10.15.32.219','2020-09-04 09:56:47',1),
(37578,'10.15.32.219','2020-09-04 13:28:08',1),
(37626,'10.15.32.219','2020-09-05 04:24:02',1),
(37657,'10.15.32.218','2020-09-07 07:48:04',1),
(37673,'10.15.32.218','2020-09-07 09:29:32',1),
(37743,'10.15.32.219','2020-09-08 10:27:19',2),
(37780,'10.15.32.219','2020-09-08 16:17:14',1),
(37927,'10.15.32.218','2020-09-11 09:35:33',1),
(38022,'10.15.32.219','2020-09-12 07:31:46',1),
(38063,'10.15.32.218','2020-09-14 08:44:23',1),
(38075,'10.15.32.218','2020-09-14 10:05:48',1),
(38097,'10.15.32.219','2020-09-14 13:49:45',1),
(38142,'10.15.32.218','2020-09-14 20:03:47',1),
(38251,'10.15.32.218','2020-09-16 08:39:08',2),
(38403,'10.15.32.219','2020-09-17 16:58:14',1),
(38411,'10.15.32.219','2020-09-17 21:35:19',1),
(38649,'10.15.32.218','2020-09-22 07:21:45',1),
(38666,'10.15.32.219','2020-09-22 08:34:21',1),
(38766,'10.15.32.219','2020-09-22 23:50:11',1),
(38869,'10.15.32.219','2020-09-24 07:31:03',1),
(39049,'10.15.32.218','2020-09-25 15:22:19',1),
(39112,'10.15.32.218','2020-09-26 16:20:51',2),
(39203,'10.15.32.218','2020-09-28 12:45:45',1),
(39204,'10.15.32.219','2020-09-28 12:46:35',1),
(39342,'10.15.32.219','2020-09-29 15:12:34',2),
(39411,'10.15.32.219','2020-09-30 08:05:03',1),
(39621,'10.15.32.219','2020-10-01 08:42:40',1),
(39701,'10.15.32.219','2020-10-01 20:17:47',1),
(39705,'10.15.32.219','2020-10-01 23:44:18',1),
(39730,'10.15.32.218','2020-10-02 08:24:34',1),
(39781,'10.15.32.218','2020-10-02 16:01:59',4),
(40115,'10.15.32.218','2020-10-07 09:34:50',2),
(40173,'10.15.32.218','2020-10-07 16:18:42',1),
(40232,'10.15.32.219','2020-10-08 11:04:03',1),
(40251,'10.15.32.219','2020-10-08 15:02:56',1),
(40278,'10.15.32.219','2020-10-08 19:47:17',1),
(40394,'10.15.32.219','2020-10-09 16:34:54',1),
(40435,'10.15.32.218','2020-10-11 11:59:47',1),
(40498,'10.15.32.218','2020-10-12 13:31:58',1),
(40512,'10.15.32.218','2020-10-12 14:29:14',1),
(40595,'10.15.32.219','2020-10-13 11:27:55',1),
(40596,'10.15.32.218','2020-10-13 11:28:20',1),
(40739,'10.15.32.219','2020-10-14 16:41:55',1),
(40741,'10.15.32.219','2020-10-14 16:51:03',1),
(40767,'10.15.32.219','2020-10-15 07:54:47',1),
(40810,'10.15.32.218','2020-10-15 14:01:30',1),
(40984,'10.15.32.219','2020-10-17 08:49:27',1),
(40995,'10.15.32.219','2020-10-17 19:39:42',1),
(41026,'10.15.32.218','2020-10-19 08:02:49',1),
(41201,'10.15.32.218','2020-10-20 19:29:37',2),
(41278,'10.15.32.218','2020-10-21 11:53:07',1),
(41303,'10.15.32.219','2020-10-21 14:23:48',1),
(41340,'10.15.32.218','2020-10-21 17:23:22',1),
(41362,'10.15.32.218','2020-10-22 07:53:38',1),
(41435,'10.15.32.219','2020-10-22 16:02:12',1),
(41492,'10.15.32.219','2020-10-23 12:36:30',1),
(41545,'10.15.32.219','2020-10-23 16:14:55',1),
(41602,'10.15.32.219','2020-10-24 12:09:06',1),
(41681,'10.15.32.218','2020-10-26 10:04:05',2),
(41809,'10.15.32.219','2020-10-27 12:22:06',1),
(41817,'10.15.32.218','2020-10-27 12:58:37',1),
(41861,'10.15.32.219','2020-10-27 14:42:03',1),
(41972,'10.15.32.219','2020-10-28 14:35:35',1),
(42013,'10.15.32.218','2020-10-30 07:06:26',1),
(42037,'10.15.32.219','2020-10-30 08:37:54',4),
(42042,'10.15.32.219','2020-10-30 08:47:37',1),
(42105,'10.15.32.218','2020-10-30 12:48:51',1),
(42136,'10.15.32.218','2020-10-30 22:15:06',1),
(42148,'10.15.32.218','2020-10-31 08:18:52',1),
(42180,'10.15.32.219','2020-10-31 21:06:30',1),
(42183,'10.15.32.219','2020-10-31 21:30:21',1),
(42367,'10.15.32.218','2020-11-03 12:33:27',1),
(42416,'10.15.32.218','2020-11-04 06:33:32',1),
(42518,'10.15.32.219','2020-11-04 18:31:00',2),
(42520,'10.15.32.218','2020-11-04 18:41:04',1),
(42551,'10.15.32.219','2020-11-05 09:24:36',1),
(42576,'10.15.32.219','2020-11-05 12:36:52',1),
(42606,'10.15.32.219','2020-11-05 15:32:42',3),
(42610,'10.15.32.218','2020-11-05 15:39:09',3),
(42617,'10.15.32.219','2020-11-05 15:55:43',1),
(42672,'10.15.32.219','2020-11-06 14:10:06',1),
(42814,'10.15.32.219','2020-11-09 14:16:46',3),
(42824,'10.15.32.219','2020-11-09 14:47:05',2),
(42832,'10.15.32.218','2020-11-09 15:13:04',1),
(42843,'10.15.32.218','2020-11-09 15:52:17',4),
(43008,'10.15.32.219','2020-11-11 13:04:40',1),
(43043,'10.15.32.218','2020-11-11 15:48:03',1),
(43115,'10.15.32.219','2020-11-12 15:30:33',1),
(43152,'10.15.32.218','2020-11-13 08:40:34',1),
(43192,'10.15.32.219','2020-11-13 14:53:28',1),
(43234,'10.15.32.219','2020-11-14 08:49:31',1),
(43380,'10.15.32.219','2020-11-17 10:19:45',1),
(43389,'10.15.32.219','2020-11-17 12:16:59',7),
(43390,'10.15.32.218','2020-11-17 12:16:27',5),
(43396,'10.15.32.219','2020-11-17 13:40:38',1),
(43490,'10.15.32.218','2020-11-18 14:33:16',1),
(43507,'10.15.32.218','2020-11-18 15:41:37',1),
(43647,'10.15.32.219','2020-11-20 10:33:44',1),
(43650,'10.15.32.219','2020-11-20 10:41:08',1),
(43906,'10.15.32.219','2020-11-25 07:19:15',1),
(44199,'10.15.32.218','2020-11-29 12:19:55',1),
(44212,'10.15.32.218','2020-11-29 23:47:42',3),
(44409,'10.15.32.218','2020-11-30 22:15:28',6),
(44426,'10.15.32.218','2020-12-01 07:16:05',1),
(44443,'10.15.32.219','2020-12-01 07:47:54',1),
(44461,'10.15.32.218','2020-12-01 08:24:41',1),
(44481,'10.15.32.219','2020-12-01 10:21:05',2),
(44514,'10.15.32.218','2020-12-01 14:44:23',1),
(44537,'10.15.32.218','2020-12-01 17:21:09',1),
(44555,'10.15.32.218','2020-12-02 06:40:12',1),
(44646,'10.15.32.219','2020-12-03 05:49:00',2),
(44702,'10.15.32.218','2020-12-03 14:21:27',1),
(44713,'10.15.32.218','2020-12-03 15:03:39',1),
(44714,'10.15.32.219','2020-12-03 15:04:03',3),
(44950,'10.15.32.218','2020-12-07 22:20:27',1),
(44977,'10.15.32.219','2020-12-08 11:59:58',1),
(45043,'10.15.32.219','2020-12-10 13:34:26',1),
(45062,'10.15.32.219','2020-12-10 15:38:55',2),
(45077,'10.15.32.219','2020-12-10 23:01:25',1),
(45182,'10.15.32.219','2020-12-12 07:08:57',1),
(45183,'10.15.32.218','2020-12-12 07:09:13',1),
(45305,'10.15.32.219','2020-12-15 08:41:33',1),
(45313,'10.15.32.219','2020-12-15 09:43:34',1),
(45316,'10.15.32.218','2020-12-15 10:03:02',1),
(45423,'10.15.32.218','2020-12-16 14:21:25',1),
(45524,'10.15.32.218','2020-12-18 07:59:31',1),
(45547,'10.15.32.218','2020-12-18 09:13:52',1),
(45621,'10.15.32.219','2020-12-18 16:59:29',1),
(45635,'10.15.32.218','2020-12-19 09:18:25',2),
(45778,'10.15.32.219','2020-12-22 08:50:50',1),
(45811,'10.15.32.218','2020-12-22 15:09:19',1),
(45866,'10.15.32.219','2020-12-23 10:00:36',1),
(45901,'10.15.32.219','2020-12-23 15:02:31',1),
(45971,'10.15.32.218','2020-12-25 13:18:23',1),
(46321,'10.15.32.219','2020-12-30 09:31:43',1),
(46513,'10.15.32.218','2020-12-31 13:08:43',1),
(46530,'10.15.32.219','2020-12-31 15:12:17',1),
(46535,'10.15.32.219','2020-12-31 16:30:35',1),
(46578,'10.15.32.219','2021-01-01 06:30:38',1),
(46796,'10.15.32.219','2021-01-05 10:14:31',3),
(46802,'10.15.32.219','2021-01-05 11:06:05',1),
(46853,'10.15.32.218','2021-01-06 09:18:50',1),
(46901,'10.15.32.219','2021-01-07 11:05:19',1),
(46982,'10.15.32.218','2021-01-07 15:45:09',1),
(46986,'10.15.32.219','2021-01-07 15:54:05',1),
(47059,'10.15.32.218','2021-01-08 09:55:15',3),
(47104,'10.15.32.219','2021-01-08 15:18:08',1),
(47140,'10.15.32.218','2021-01-09 19:06:18',1),
(47141,'10.15.32.219','2021-01-09 19:09:22',3),
(47142,'10.15.32.219','2021-01-09 19:17:01',1),
(47143,'10.15.32.218','2021-01-09 19:17:19',1),
(47354,'10.15.32.219','2021-01-12 14:02:45',1),
(47410,'10.15.32.219','2021-01-13 08:23:37',1),
(47421,'10.15.32.219','2021-01-13 08:59:29',1),
(47547,'10.15.32.218','2021-01-14 14:52:42',1),
(47557,'10.15.32.218','2021-01-14 16:01:20',1),
(47620,'10.15.32.219','2021-01-15 13:48:32',3),
(47621,'10.15.32.218','2021-01-15 13:47:56',1),
(47687,'10.15.32.219','2021-01-17 08:19:13',1),
(47751,'10.15.32.219','2021-01-18 10:31:58',1),
(47765,'10.15.32.218','2021-01-18 12:16:48',1),
(47777,'10.15.32.219','2021-01-18 14:36:33',3),
(47812,'10.15.32.218','2021-01-18 16:25:41',1),
(47890,'10.15.32.219','2021-01-19 16:16:33',1),
(47891,'10.15.32.218','2021-01-19 16:17:52',1),
(48003,'10.15.32.218','2021-01-20 17:27:13',2),
(48065,'10.15.32.219','2021-01-21 12:50:11',1),
(48227,'10.15.32.219','2021-01-24 16:09:10',1),
(48262,'10.15.32.218','2021-01-25 08:46:22',1),
(48283,'10.15.32.218','2021-01-25 11:03:15',1),
(48304,'10.15.32.218','2021-01-25 13:59:18',1),
(48353,'10.15.32.218','2021-01-26 08:14:00',2),
(48467,'10.15.32.219','2021-01-27 10:55:14',1),
(48471,'10.15.32.219','2021-01-27 11:36:43',2),
(48517,'10.15.32.219','2021-01-27 18:07:26',2),
(48526,'10.15.32.219','2021-01-28 07:06:37',2),
(48568,'10.15.32.219','2021-01-28 14:10:03',1),
(48697,'10.15.32.219','2021-01-29 12:36:48',1),
(48703,'10.15.32.218','2021-01-29 12:57:53',1),
(48704,'10.15.32.219','2021-01-29 12:58:44',1),
(48843,'10.15.32.219','2021-01-29 21:03:27',1),
(48844,'10.15.32.218','2021-01-29 21:08:06',3),
(48908,'10.15.32.218','2021-01-30 16:35:08',1),
(49019,'10.15.32.219','2021-01-31 22:56:33',2),
(49165,'10.15.32.219','2021-02-02 08:29:36',1),
(49258,'10.15.32.219','2021-02-03 08:41:15',1),
(49259,'10.15.32.218','2021-02-03 08:41:25',1),
(49488,'10.15.32.218','2021-02-08 07:28:56',2),
(49489,'10.15.32.218','2021-02-08 07:54:35',1),
(49519,'10.15.32.218','2021-02-08 11:43:41',1),
(49541,'10.15.32.218','2021-02-08 14:22:09',1),
(49572,'10.15.32.218','2021-02-09 08:24:03',1),
(49598,'10.15.32.218','2021-02-09 11:15:27',1),
(49770,'10.15.32.219','2021-02-11 15:49:43',1),
(49804,'10.15.32.219','2021-02-12 20:09:29',1),
(49949,'10.15.32.219','2021-02-16 09:05:25',1),
(50085,'10.15.32.219','2021-02-18 09:59:58',1),
(50128,'10.15.32.219','2021-02-18 15:25:12',1),
(50291,'10.15.32.219','2021-02-22 09:14:01',1),
(50445,'10.15.32.219','2021-02-24 08:01:56',1),
(50569,'10.15.32.218','2021-02-25 14:49:14',1),
(50588,'10.15.32.219','2021-02-25 16:37:55',1),
(50689,'10.15.32.218','2021-02-26 15:09:35',2),
(50990,'10.15.32.219','2021-03-01 11:21:14',1),
(51006,'10.15.32.219','2021-03-01 14:37:18',1),
(51008,'10.15.32.219','2021-03-01 14:46:51',2),
(51017,'10.15.32.218','2021-03-01 15:29:35',1),
(51057,'10.15.32.218','2021-03-02 09:22:40',1),
(51190,'10.15.32.219','2021-03-03 18:50:02',1),
(51208,'10.15.32.218','2021-03-04 08:00:42',1),
(51228,'10.15.32.218','2021-03-04 09:44:12',15),
(51395,'10.15.32.218','2021-03-06 06:54:02',1),
(51413,'10.15.32.219','2021-03-07 09:23:14',1),
(51420,'10.15.32.219','2021-03-07 15:10:35',1),
(51439,'10.15.32.218','2021-03-08 08:01:36',1),
(51570,'10.15.32.218','2021-03-09 19:02:25',1),
(51605,'10.15.32.218','2021-03-10 11:38:51',1),
(51646,'10.15.32.218','2021-03-11 06:32:57',1),
(51707,'10.15.32.219','2021-03-12 11:23:28',1),
(51725,'10.15.32.219','2021-03-12 14:10:00',1),
(51756,'10.15.32.219','2021-03-12 16:38:40',1),
(51990,'10.15.32.218','2021-03-17 13:10:31',1),
(52047,'10.15.32.219','2021-03-18 08:40:24',1),
(52089,'10.15.32.218','2021-03-19 00:30:32',3),
(52090,'10.15.32.219','2021-03-19 00:30:40',1),
(52108,'10.15.32.219','2021-03-19 08:32:41',1),
(52216,'10.15.32.218','2021-03-21 15:29:12',1),
(52296,'10.15.32.218','2021-03-22 17:38:36',1),
(52357,'10.15.32.218','2021-03-23 14:40:56',2),
(52402,'10.15.32.218','2021-03-24 10:23:59',1),
(52607,'10.15.32.219','2021-03-26 19:27:11',1),
(52722,'10.15.32.219','2021-03-29 13:20:27',1),
(52755,'10.15.32.218','2021-03-29 16:35:15',1),
(52919,'10.15.32.218','2021-03-31 08:49:24',1),
(52962,'10.15.32.219','2021-03-31 13:38:13',1),
(53077,'10.15.32.219','2021-03-31 20:33:11',1),
(53130,'10.15.32.219','2021-04-01 08:47:58',1),
(53279,'10.15.32.218','2021-04-05 10:54:27',2),
(53289,'10.15.32.218','2021-04-05 11:44:15',4),
(53419,'10.15.32.218','2021-04-07 08:29:43',1),
(53424,'10.15.32.219','2021-04-07 09:46:09',2),
(53433,'10.15.32.219','2021-04-07 11:19:13',1),
(53484,'10.15.32.218','2021-04-08 13:22:17',1),
(53513,'10.15.32.219','2021-04-08 16:38:07',1),
(53556,'10.15.32.218','2021-04-09 14:32:39',1),
(53579,'10.15.32.219','2021-04-09 15:54:46',1),
(53611,'10.15.32.219','2021-04-10 15:05:58',2),
(53670,'10.15.32.218','2021-04-12 15:25:44',1),
(53701,'10.15.32.218','2021-04-13 07:51:48',1),
(53717,'10.15.32.219','2021-04-13 08:29:36',1),
(53719,'10.15.32.218','2021-04-13 08:34:24',2),
(53781,'10.15.32.218','2021-04-14 07:02:15',1),
(53882,'10.15.32.218','2021-04-15 10:11:24',1),
(53886,'10.15.32.219','2021-04-15 10:36:34',1),
(53964,'10.15.32.218','2021-04-16 10:32:51',1),
(54025,'10.15.32.219','2021-04-17 16:15:42',1),
(54034,'10.15.32.219','2021-04-18 11:34:08',1),
(54060,'10.15.32.219','2021-04-19 08:08:53',1),
(54105,'10.15.32.219','2021-04-19 17:38:39',2),
(54137,'10.15.32.219','2021-04-20 09:59:45',1),
(54285,'10.15.32.219','2021-04-22 13:07:05',1),
(54300,'10.15.32.218','2021-04-23 14:09:51',1),
(54333,'10.15.32.219','2021-04-26 07:18:33',3),
(54358,'10.15.32.218','2021-04-26 12:43:25',2),
(54454,'10.15.32.218','2021-04-27 08:30:29',1),
(54641,'10.15.32.218','2021-04-28 15:46:23',1),
(54652,'10.15.32.218','2021-04-28 20:43:18',1),
(54757,'10.15.32.218','2021-04-29 15:57:34',1),
(54776,'10.15.32.218','2021-04-30 02:58:31',1),
(54841,'10.15.32.218','2021-04-30 10:23:06',3),
(54872,'10.15.32.219','2021-04-30 12:06:17',1),
(54898,'10.15.32.219','2021-04-30 13:11:13',1),
(54962,'10.15.32.218','2021-04-30 15:14:50',1),
(54992,'10.15.32.218','2021-04-30 20:22:39',1),
(55015,'10.15.32.218','2021-05-01 04:21:56',1),
(55052,'10.15.32.219','2021-05-01 11:01:42',1),
(55070,'10.15.32.219','2021-05-01 20:26:22',1),
(55082,'10.15.32.219','2021-05-01 22:38:50',1),
(55111,'10.15.32.219','2021-05-02 14:11:46',1),
(55207,'10.15.32.218','2021-05-03 19:17:53',1),
(55345,'10.15.32.219','2021-05-05 12:40:52',1),
(55368,'10.15.32.218','2021-05-05 20:13:13',1),
(55377,'10.15.32.218','2021-05-06 07:39:51',1),
(55396,'10.15.32.219','2021-05-06 09:05:55',1),
(55519,'10.15.32.219','2021-05-09 07:38:48',1),
(55562,'10.15.32.218','2021-05-10 09:12:33',1),
(55582,'10.15.32.219','2021-05-14 10:46:45',1),
(55602,'10.15.32.218','2021-05-15 14:04:36',1),
(55620,'10.15.32.219','2021-05-16 21:14:49',1),
(55707,'10.15.32.218','2021-05-18 07:03:08',1),
(55744,'10.15.32.218','2021-05-18 11:34:16',1),
(55787,'10.15.32.218','2021-05-19 07:30:33',1),
(55934,'10.15.32.219','2021-05-20 21:13:39',1),
(55956,'10.15.32.218','2021-05-21 09:57:22',2),
(56067,'10.15.32.219','2021-05-24 08:23:45',2),
(56142,'10.15.32.219','2021-05-24 18:26:33',1),
(56258,'10.15.32.218','2021-05-27 08:25:52',1),
(56267,'10.15.32.218','2021-05-27 09:04:31',1),
(56268,'10.15.32.219','2021-05-27 09:05:28',1),
(56273,'10.15.32.219','2021-05-27 09:36:24',1),
(56281,'10.15.32.218','2021-05-27 10:50:10',1),
(56346,'10.15.32.218','2021-05-28 04:22:46',1),
(56361,'10.15.32.218','2021-05-28 08:45:24',2),
(56435,'10.15.32.218','2021-05-28 14:32:43',2),
(56458,'10.15.32.218','2021-05-28 15:36:37',1),
(56504,'10.15.32.219','2021-05-29 17:06:51',1),
(56607,'10.15.32.219','2021-05-31 09:19:21',1),
(56620,'10.15.32.219','2021-05-31 10:02:02',1),
(56753,'10.15.32.218','2021-05-31 17:12:25',1),
(56765,'10.15.32.219','2021-05-31 18:23:05',3),
(56766,'10.15.32.218','2021-05-31 18:22:29',1),
(56767,'10.15.32.219','2021-05-31 18:28:53',2),
(56768,'10.15.32.218','2021-05-31 18:31:05',5),
(56769,'10.15.32.218','2021-05-31 18:39:39',1),
(56813,'10.15.32.218','2021-06-01 00:28:46',1),
(56820,'10.15.32.218','2021-06-01 05:26:24',2),
(56823,'10.15.32.218','2021-06-01 06:40:45',2),
(56839,'10.15.32.218','2021-06-01 10:11:57',1),
(56892,'10.15.32.219','2021-06-01 19:08:25',2),
(56961,'10.15.32.219','2021-06-02 13:08:17',1),
(57112,'10.15.32.218','2021-06-04 12:26:03',1),
(57145,'10.15.32.219','2021-06-04 15:37:51',1),
(57149,'10.15.32.218','2021-06-04 16:21:16',1),
(57186,'10.15.32.219','2021-06-06 21:14:27',1),
(57281,'10.15.32.219','2021-06-08 09:03:49',1),
(57299,'10.15.32.218','2021-06-08 12:57:09',1),
(57332,'10.15.32.218','2021-06-08 22:10:27',1),
(57337,'10.15.32.219','2021-06-09 07:21:58',1),
(57406,'10.15.32.218','2021-06-10 07:25:39',1),
(57430,'10.15.32.218','2021-06-10 09:52:24',1),
(57436,'10.15.32.219','2021-06-10 11:12:41',1),
(57453,'10.15.32.219','2021-06-10 14:52:09',1),
(57465,'10.15.32.219','2021-06-10 21:33:11',1),
(57531,'10.15.32.219','2021-06-11 16:14:13',2),
(57533,'10.15.32.218','2021-06-11 16:30:13',1),
(57534,'10.15.32.219','2021-06-11 16:30:22',1),
(57726,'10.15.32.218','2021-06-16 12:29:54',1),
(57772,'10.15.32.219','2021-06-17 08:49:25',2),
(57816,'10.15.32.218','2021-06-17 15:27:01',1),
(57822,'10.15.32.219','2021-06-17 21:12:17',1),
(57911,'10.15.32.218','2021-06-20 16:20:20',2),
(57937,'10.15.32.219','2021-06-21 11:16:57',1),
(57938,'10.15.32.218','2021-06-21 11:17:21',2),
(57946,'10.15.32.218','2021-06-21 13:11:13',1),
(57997,'10.15.32.219','2021-06-22 08:15:31',1),
(58046,'10.15.32.219','2021-06-23 07:53:06',1),
(58128,'10.15.32.219','2021-06-24 07:18:46',1),
(58192,'10.15.32.219','2021-06-24 19:37:05',1),
(58251,'10.15.32.218','2021-06-25 15:27:19',1),
(58262,'10.15.32.218','2021-06-26 06:20:10',1),
(58295,'10.15.32.218','2021-06-27 19:06:55',1),
(58315,'10.15.32.218','2021-06-28 08:45:30',1),
(58391,'10.15.32.219','2021-06-29 07:51:20',2),
(58613,'10.15.32.218','2021-06-30 16:08:21',1),
(58636,'10.15.32.219','2021-06-30 17:46:20',1),
(58640,'10.15.32.218','2021-06-30 17:53:14',1),
(58654,'10.15.32.218','2021-06-30 19:31:26',1),
(58659,'10.15.32.218','2021-06-30 19:54:08',1),
(58714,'10.15.32.218','2021-07-01 09:53:00',1),
(58743,'10.15.32.219','2021-07-01 15:35:57',1),
(58772,'10.15.32.219','2021-07-02 07:40:44',1),
(58800,'10.15.32.219','2021-07-02 15:19:24',1),
(58803,'10.15.32.218','2021-07-02 15:33:24',1),
(58867,'10.15.32.219','2021-07-05 14:45:23',1),
(58870,'10.15.32.219','2021-07-05 14:56:02',2),
(58871,'10.15.32.218','2021-07-05 14:56:58',2),
(58881,'10.15.32.219','2021-07-06 08:33:07',1),
(58895,'10.15.32.218','2021-07-06 12:59:18',1),
(58897,'10.15.32.219','2021-07-06 13:04:30',2);

/*Table structure for table `_aauth_perms` */

DROP TABLE IF EXISTS `_aauth_perms`;

CREATE TABLE `_aauth_perms` (
  `id` int(11) unsigned NOT NULL AUTO_INCREMENT,
  `name` varchar(100) DEFAULT NULL,
  `definition` text DEFAULT NULL,
  `parent_id` int(11) NOT NULL DEFAULT 0,
  `url` varchar(250) DEFAULT NULL,
  `icon` varchar(100) DEFAULT NULL,
  `module_id` int(11) DEFAULT 0,
  `urutan_menu` int(11) NOT NULL,
  PRIMARY KEY (`id`)
) ENGINE=InnoDB AUTO_INCREMENT=74 DEFAULT CHARSET=utf8;

/*Data for the table `_aauth_perms` */

insert  into `_aauth_perms`(`id`,`name`,`definition`,`parent_id`,`url`,`icon`,`module_id`,`urutan_menu`) values 
(1,'dashboard_sys_admin','Dashboard',0,'sistem_admin','fa fa-dashboard',1,1),
(2,'dashboard_loket','Dashboard',0,'loket','fa fa-dashboard',2,1),
(3,'group_management_perm','Group Management',0,'sistem_admin/group','fa fa-table',1,2),
(4,'module_management_perm','Module Management',0,'sistem_admin/module','fa fa-table',1,3),
(5,'permission_management_perm','Permission Management',0,'sistem_admin/permission','fa fa-key',1,4),
(6,'user_to_group_perm','User to Group',0,'sistem_admin/user_group','fa fa-users',1,5),
(7,'userlogs_perm','Log User',0,'sistem_admin/userlogs','fa fa-history',1,6),
(9,'rm_matraman_loket_perm','RM PKC Matraman',0,'loket/rm_matraman','fa fa-book',2,2),
(10,'dashboard_kepegawaian','Dashboard',0,'kepegawaian','fa fa-dashboard',4,1),
(11,'dashboard_ekinerja','Dashboard',0,'ekinerja','fa fa-dashboard',5,1),
(12,'dashboard_ecuti','Dashboard',0,'ecuti','fa fa-dashboard',6,1),
(13,'dashboard_gudang_umum','Dashboard',0,'gudang_umum','fa fa-dashboard',7,1),
(14,'dashboard_perencanaan','Dashboard',0,'perencanaan','fa fa-dashboard',8,1),
(15,'dashboard_farmasi','Dashboard',0,'farmasi','fa fa-dashboard',9,1),
(16,'rm_kayumanis_loket_perm','RM PKL Kayumanis',0,'loket/rm_kayumanis','fa fa-book',2,3),
(17,'rm_palmeriam_loket_perm','RM PKL Palmeriam',0,'loket/rm_palmeriam','fa fa-book',2,4),
(18,'rm_kbm_loket_perm','RM PKL Kebon Manggis',0,'loket/rm_kbm','fa fa-book',2,5),
(19,'rm_uks1_loket_perm','RM PKL UKS 1',0,'loket/rm_uks1','fa fa-book',2,6),
(20,'rm_uks2_loket_perm','RM PKL UKS 2',0,'loket/rm_uks2','fa fa-book',2,7),
(21,'rm_ukut_loket_perm','RM PKL UKUT',0,'loket/rm_ukut','fa fa-book',2,8),
(22,'pegawai_kepegawaian_perm','Pegawai',0,'kepegawaian/pegawai','fa  fa-user',4,2),
(23,'master_kepegawaian_perm','Master Data',0,'#','fa fa-database',4,3),
(24,'bagian_master_kepegawaian_perm','Bagian / Unit',23,'kepegawaian/bagian','fa fa-sitemap',4,4),
(25,'agama_master_kepegawaian_perm','Agama',23,'kepegawaian/agama','fa fa-circle-o',4,5),
(26,'jabatan_master_kepegawaian_perm','Jabatan',23,'kepegawaian/jabatan','fa fa-circle-o',4,6),
(27,'pendidikan_master_kepegawaian_perm','Pendidikan',23,'kepegawaian/pendidikan','fa fa-circle-o',4,7),
(28,'status_kawin_kepegawaian_perm','Status Kawin',23,'kepegawaian/status_kawin','fa fa-circle-o',4,8),
(29,'rumpun_master_kepegawaian_perm','Rumpun Jabatan',23,'kepegawaian/rumpun_jabatan','fa fa-circle-o',4,9),
(30,'master_ekinerja_perm','Master Data',0,'#','fa fa-database',5,2),
(31,'skp_master_ekinerja_perm','Master SKP',30,'ekinerja/master_skp','fa fa-circle-o',5,3),
(32,'waktukerja_master_ekinerja_perm','Waktu Kerja',30,'ekinerja/waktu_kerja','fa fa-circle-o',5,4),
(33,'penyerapan_master_ekinerja_perm','Penyerapan',30,'ekinerja/penyerapan','fa fa-circle-o',5,5),
(34,'gaji_master_ekinerja_perm','Gaji',30,'ekinerja/gaji','fa fa-circle-o',5,6),
(35,'skptahunan_ekinerja_perm','SKP Tahunan',0,'ekinerja/skp_tahunan','fa fa-circle-o',5,7),
(36,'input_aktifitas_ekinerja_perm','Input Aktifitas',0,'ekinerja/input_aktifitas','fa fa-circle-o',5,8),
(37,'capaian_kinerja_ekinerja_perm','Capaian Kinerja',0,'ekinerja/capaian_kinerja','fa fa-circle-o',5,9),
(38,'validasi_skp_ekinerja_perm','Validasi SKP Tahunan',0,'ekinerja/validasi_skp','fa fa-circle-o',5,10),
(39,'validasi_kinerja_ekinerja_perm','Validasi Kinerja',0,'ekinerja/validasi_kinerja','fa fa-circle-o',5,11),
(40,'prestasi_pegawai_ekinerja_perm','Prestasi Pegawai',0,'ekinerja/prestasi_pegawai','fa fa-circle-o',5,12),
(41,'absensi_ekinerja_perm','Absensi',0,'ekinerja/absensi','fa fa-circle-o',5,13),
(42,'gaji_pegawai_ekinerja_perm','Gaji Pegawai',0,'ekinerja/gaji_pegawai','fa fa-circle-o',5,15),
(43,'tunjangan_pegawai_ekinerja_perm','Tunjangan Pegawai',0,'ekinerja/tunjangan_pegawai','fa fa-circle-o',5,16),
(44,'pengajuan_cuti_perm','Pengajuan Cuti',0,'ecuti/pengajuan_cuti','fa fa-circle-o',6,2),
(45,'review_cuti_perm','Review Cuti',0,'ecuti/review_cuti','fa fa-circle-o',6,3),
(46,'persetujuan_pj_perm','Persetujuan PJ',0,'ecuti/persetujuan_pj','fa fa-circle-o',6,4),
(47,'persetujuan_katu_perm','Persetujuan Ka. TU',0,'ecuti/persetujuan_tu','fa fa-circle-o',6,5),
(48,'persetujuan_kapus_perm','Persetujuan Ka. Puskesmas',0,'ecuti/persetujuan_kapus','fa fa-circle-o',6,6),
(49,'laporan_cuti_perm','Laporan Cuti',0,'#','fa fa-circle-o',6,7),
(50,'kalender_cuti_perm','Kalender Cuti',49,'ecuti/kalender_cuti','fa fa-circle-o',6,1),
(51,'cuti_diterima_perm','Cuti Diterima',49,'ecuti/cuti_diterima','fa fa-circle-o',6,2),
(52,'cuti_ditolak_perm','Cuti Ditolak',49,'ecuti/cuti_ditolak','fa fa-circle-o',6,3),
(53,'sisa_cuti_pegawai_perm','Sisa Cuti Pegawai',49,'ecuti/cuti_pegawai','fa fa-circle-o',6,4),
(54,'master_data_perencanaan','Master Data',0,'#','fa fa-database',8,2),
(55,'program_master_perencanaan','Program',54,'perencanaan/program','fa fa-circle-o',8,3),
(56,'indikator_program_master_perencanaan','Indikator Program',54,'perencanaan/indikator_program','fa fa-circle-o',8,4),
(57,'kegiatan_master_perencanaan','Kegiatan',54,'perencanaan/kegiatan','fa fa-circle-o',8,5),
(58,'renstra_master_perencanaan','Indikator Kegiatan Renstra',54,'perencanaan/renstra','fa fa-circle-o',8,6),
(59,'satuan_master_perencanaan','Satuan',54,'perencanaan/satuan','fa fa-circle-o',8,7),
(60,'lokasi_master_perencanaan','Lokasi',54,'perencanaan/lokasi','fa fa-circle-o',8,8),
(61,'jenis_barang_master_perencanaan','Jenis Barang',54,'perencanaan/jenis_barang','fa fa-circle-o',8,9),
(62,'lvl1_master_perencanaan','Pemb. Level 1',54,'perencanaan/level1','fa fa-circle-o',8,10),
(63,'lvl2_master_perencanaan','Pemb. Level 2',54,'perencanaan/level2','fa fa-circle-o',8,11),
(64,'lvl3_master_perencanaan','Pemb. Level 3',54,'perencanaan/level3','fa fa-circle-o',8,12),
(65,'lvl4_master_perencanaan','Pembukuan',54,'perencanaan/level4','fa fa-circle-o',8,13),
(66,'anggaran_master_perencanaan','Anggaran',54,'perencanaan/anggaran','fa fa-circle-o',8,14),
(67,'jenisdokumen_master_kepegawaian_perm','Jenis Dokumen',23,'kepegawaian/jenisdokumen','fa fa-circle-o',4,10),
(68,'dashboard_caten','Beranda',0,'caten','fa fa-dashboard',10,1),
(69,'caten_pasiencaten_perm','Pasien',0,'caten/pasien','fa fa-dashboard',10,2),
(70,'caten_pengumuman_perm','Pengumuman',0,'caten/pengumuman','fa fa-dashboard',10,3),
(71,'rekap_absensi_ekinerja_perm','Rekap Absensi',0,'ekinerja/absensi_rekap','fa fa-circle-o',5,14),
(72,'dashboard_covid','Dashboard',0,'covid','fa fa-dashboard',11,1),
(73,'covid_pasiencovid_perm','Pasien Covid-19',0,'covid/pasien','fa fa-circle-o',11,2);

/*Table structure for table `_aauth_users` */

DROP TABLE IF EXISTS `_aauth_users`;

CREATE TABLE `_aauth_users` (
  `id` int(11) unsigned NOT NULL AUTO_INCREMENT,
  `email` varchar(100) NOT NULL,
  `pass` varchar(64) NOT NULL,
  `username` varchar(100) DEFAULT NULL,
  `banned` tinyint(1) DEFAULT 0,
  `last_login` datetime DEFAULT NULL,
  `last_activity` datetime DEFAULT NULL,
  `date_created` datetime DEFAULT NULL,
  `forgot_exp` text DEFAULT NULL,
  `remember_time` datetime DEFAULT NULL,
  `remember_exp` text DEFAULT NULL,
  `verification_code` text DEFAULT NULL,
  `totp_secret` varchar(16) DEFAULT NULL,
  `ip_address` text DEFAULT NULL,
  `nama_lengkap` varchar(250) DEFAULT NULL,
  `nip` varchar(100) DEFAULT NULL,
  `is_upd_username` int(11) DEFAULT NULL,
  PRIMARY KEY (`id`)
) ENGINE=InnoDB AUTO_INCREMENT=301 DEFAULT CHARSET=utf8;

/*Data for the table `_aauth_users` */

insert  into `_aauth_users`(`id`,`email`,`pass`,`username`,`banned`,`last_login`,`last_activity`,`date_created`,`forgot_exp`,`remember_time`,`remember_exp`,`verification_code`,`totp_secret`,`ip_address`,`nama_lengkap`,`nip`,`is_upd_username`) values 
(1,'admin@example.com','dd5073c93fb477a167fd69072e95455834acd93df8fed41a2c468c45b394bfe3','Admin',0,'2021-06-10 13:55:31','2021-06-10 14:25:41',NULL,NULL,NULL,NULL,NULL,NULL,'10.15.32.218',NULL,NULL,NULL),
(5,'default@mail.com','0ffdf1753b9bd00b67ace168ae3a66bda7a89e3e1fdf763b3e9fe256645e1d28','197503162006042018',1,'2018-03-06 12:12:42','2018-03-06 12:15:42','2018-01-03 10:43:07',NULL,NULL,NULL,'',NULL,'36.84.146.66','dr.Herni Lestyaningsih, MARS','197503162006042018',0),
(6,'default@mail.com','ae2cd0b068a3daef8df321870e0f555ef5d165ee308d317ef01378242929923c','196612111991031002',0,'2021-07-07 14:09:12','2021-07-07 14:09:13','2018-01-03 10:43:07',NULL,NULL,NULL,NULL,NULL,'::1','Teguh Handoyo, S.AP','196612111991031002',0),
(7,'default@mail.com','29f5dcb7bc6fc5b6245f683f6d4b9018fad6d08c7eb14773944132f4c0aac203','196405181986032015',0,'2021-07-06 13:15:24','2021-07-06 13:30:29','2018-01-03 10:43:07',NULL,NULL,NULL,NULL,NULL,'10.15.32.219','A m z a n i . B','196405181986032015',0),
(8,'default@mail.com','26b5e046568abbeba202264731d1b94b5f78634031c077336e0053593ff5f335','196209161987032002',0,'2020-07-28 09:49:32','2020-07-28 09:50:13','2018-01-03 10:43:07',NULL,NULL,NULL,NULL,NULL,'10.15.32.218','Gati Purwari','196209161987032002',0),
(9,'default@mail.com','3f711f6c7388a8025beb0996aedf44e2caf735b9854746dcb86157a68a81cd76','196511081988032004',0,'2019-10-07 00:12:23','2019-10-07 00:12:30','2018-01-03 10:43:08',NULL,NULL,NULL,NULL,NULL,'114.4.79.78','Endah Wijiarti','196511081988032004',0),
(10,'default@mail.com','d126eff1f25d737e41f634d66600fcdaff4d3314fd6342c175e1cada8f01fbbf','196102151986032013',1,NULL,NULL,'2018-01-03 10:43:08',NULL,NULL,NULL,'',NULL,NULL,'Dwiana Rachmianthi','196102151986032013',0),
(11,'default@mail.com','8843cb38da9c0f16e9ccbaa9b7bd75b76cb371fcaa5cc398a855f3244f031d10','196907111994032005',0,'2018-12-20 10:36:22','2018-12-20 10:36:26','2018-01-03 10:43:08',NULL,NULL,NULL,NULL,NULL,'103.209.7.44','Manne Matondang','196907111994032005',0),
(12,'default@mail.com','d21e0f285921bd4a7ed92e3956a66d6a12b137b60afbc541a5fa0b44eb6ac51b','196705081987121002',0,'2020-03-02 10:55:09','2020-03-02 10:59:58','2018-01-03 10:43:08',NULL,NULL,NULL,NULL,NULL,'10.15.32.219','Ismadi Wibowo','196705081987121002',0),
(13,'default@mail.com','0671ac83972347a006610e4e53398ef76a26e550b8374f3d29568821f9909785','196304241987031007',0,NULL,NULL,'2018-01-03 10:43:08',NULL,NULL,NULL,NULL,NULL,NULL,'Djodi Sunarto','196304241987031007',0),
(14,'default@mail.com','299db51828f3cae1e88d66894268976303bfb0eff18d12aa76c5d391afb8eb9b','196601071987031006',0,'2021-07-05 08:26:57','2021-07-05 08:30:45','2018-01-03 10:43:08',NULL,NULL,NULL,NULL,NULL,'10.15.32.218','Yana Hidayana','196601071987031006',0),
(15,'default@mail.com','eb944c17939a9bf8eb2723797ae476800521fba64a1472bae8892793ddf88422','196403101985111001',0,'2019-10-07 00:11:21','2019-10-07 00:11:38','2018-01-03 10:43:08',NULL,NULL,NULL,NULL,NULL,'114.4.79.78','Sodikin','196403101985111001',0),
(16,'default@mail.com','02cb4f39474e84707658c59638d9498e38ac299bfc73867256c88c86c7b7371a','196712241995031002',0,'2020-07-21 09:17:55','2020-07-21 09:17:55','2018-01-03 10:43:08',NULL,NULL,NULL,NULL,NULL,'10.15.32.219','Mulyono','196712241995031002',0),
(17,'default@mail.com','50636e0a6d9a991868d8537cc324cf89f0f9fe90b587e55be9e2108a1fff895e','196502261986102002',0,'2018-06-29 15:45:56','2018-06-29 15:57:19','2018-01-03 10:43:08',NULL,NULL,NULL,NULL,NULL,'36.84.148.3','Fenni Djamilah','196502261986102002',0),
(18,'default@mail.com','370bf60edfc8f7e9cfd255994b4dd9b12cce6a1473541cf29ddda343d557d406','196403061985011002',0,'2019-07-11 13:27:17','2019-07-11 13:32:09','2018-01-03 10:43:09',NULL,NULL,NULL,NULL,NULL,'36.70.181.109','Haryanto','196403061985011002',0),
(19,'default@mail.com','d03757a8af3fd5c96ebe704cafdb5df996f413d246f12cdafa90060039429063','197203251996032003',0,'2021-07-05 08:06:36','2021-07-05 08:31:08','2018-01-03 10:43:09',NULL,NULL,NULL,NULL,NULL,'10.15.32.218','Tetty Muna Sumiwaty Simanjuntak','197203251996032003',0),
(20,'default@mail.com','b343393cbbbff9b01fddee0bf4c386d44f171d5fb98180e9e17041d4a3afb3c5','196910041994032002',0,'2021-06-04 15:17:53','2021-06-04 15:39:14','2018-01-03 10:43:09',NULL,NULL,NULL,NULL,NULL,'10.15.32.219','Menna Ria Pasaribu','196910041994032002',0),
(21,'default@mail.com','4814943bc3c1080d91af3fd371d0f4542f7c0f57186e749a6aba6883f54d40e1','196210061989032004',0,NULL,NULL,'2018-01-03 10:43:09',NULL,NULL,NULL,NULL,NULL,NULL,'Rosmawati, AMG','196210061989032004',0),
(22,'default@mail.com','4ecad8d041496fbf2b9ddaee1d6935c70567174fb8c895eb5fd17609dc9e70b1','197305241993012001',0,'2018-12-14 11:12:38','2018-12-14 11:36:11','2018-01-03 10:43:09',NULL,NULL,NULL,NULL,NULL,'36.84.143.184','Sonya Paula Connie Fransesca','197305241993012001',0),
(23,'default@mail.com','b93e120e710088ac69de2d6ca9d948daabf4602887693bf6e46673dd188ed0f6','196301021987031009',0,'2019-10-07 00:16:45','2019-10-07 00:17:42','2018-01-03 10:43:09',NULL,NULL,NULL,NULL,NULL,'114.4.79.78','Erlan Yudo Heriyanto','196301021987031009',0),
(24,'default@mail.com','0a41917b0f5702a43c2ccdcaa530e1688b4fee11855a2ac1251b36b364bac53e','197912022014122002',0,'2019-12-23 15:56:09','2019-12-23 15:57:44','2018-01-03 10:43:09',NULL,NULL,NULL,NULL,NULL,'125.166.89.84','Lina Nashrulloh Nurlaeni','197912022014122002',0),
(25,'default@mail.com','5c72fb35d8520c78e072af946c0b4ff83d4194dae48c4460c2753393f3441dbf','195806271987091002',1,'2018-05-25 11:20:21','2018-05-25 11:21:51','2018-01-03 10:43:09',NULL,NULL,NULL,'',NULL,'110.138.148.101','Mohammad Herry Zainal Mochlas','195806271987091002',0),
(26,'alfiah_koes@yahoo.com','c2c467c67a66b48db1ade34d342e33bba364a8358b4158864c1407d7fce86c2a','alfiah',0,'2021-06-04 19:02:41','2021-06-04 19:10:52','2018-01-03 10:43:09',NULL,NULL,NULL,NULL,NULL,'10.15.32.218','Alfiah Koes','197608162003122015',1),
(27,'default@mail.com','e95ef1066b98ce6efa4bf010a2f4e8675389291d94f4933cdd17483c51361fd1','196712142007012025',0,'2021-07-04 20:20:57','2021-07-04 20:25:25','2018-01-03 10:43:10',NULL,NULL,NULL,NULL,NULL,'10.15.32.218','Heni Puspawati','196712142007012025',0),
(28,'default@mail.com','e5c873c3dd262f3f3f0eb489db14d68a06b6103ec9e8d0c1f3c18c7b89ad6c72','197203182006042011',0,'2021-07-06 14:56:03','2021-07-06 15:00:45','2018-01-03 10:43:10',NULL,NULL,NULL,NULL,NULL,'10.15.32.219','Desty Darman','197203182006042011',0),
(29,'default@mail.com','d803af7c31b1f4a61519795b93ae4355265482e3b1926923f61b44b25e827060','197702092006042020',0,'2021-07-07 07:31:42','2021-07-07 07:31:42','2018-01-03 10:43:10',NULL,NULL,NULL,NULL,NULL,'10.15.32.219','Neli Mayaferani','197702092006042020',0),
(30,'default@mail.com','97caae6adf22a56e7f8b9df0a6d42188dbf5278bb46c6af780f29be46e47fd4a','197112312008012071',0,'2021-07-04 11:48:14','2021-07-04 12:23:29','2018-01-03 10:43:10',NULL,NULL,NULL,NULL,NULL,'10.15.32.218','Desy Safitri','197112312008012071',0),
(31,'putudatika_02@yahoo.com','ce7380f43176c6b301625562e3efd2db33664a6e270b3acbb491ff0e7f64f1e8','178458',0,'2021-06-06 21:14:53','2021-06-06 21:38:37','2018-01-03 10:43:10',NULL,NULL,NULL,NULL,NULL,'10.15.32.218','Putu Datika Puspitasari','198412152010012031',1),
(32,'default@mail.com','98c04081beaa8bf275628db4f20e8b38cd0e3b89685009527972396296760160','198306082010012037',0,'2021-07-01 07:36:36','2021-07-01 08:13:38','2018-01-03 10:43:10',NULL,NULL,NULL,NULL,NULL,'10.15.32.218','Nina Triana','198306082010012037',0),
(33,'default@mail.com','07ddfa59bfca31880308ec6d08d17f555f7f6a01772b5fef524d74ce71ec4375','anitasari',0,'2021-07-01 10:32:25','2021-07-01 10:44:50','2018-01-03 10:43:10',NULL,NULL,NULL,NULL,NULL,'10.15.32.218','Anita Sari','198206052010012044',1),
(34,'default@mail.com','a057f63c16c8b30c27f4e3f542c7ec95f3edcb92d8f72ce518aea26b39388ac0','198507242011012015',0,'2021-06-08 11:18:55','2021-06-08 11:26:05','2018-01-03 10:43:10',NULL,NULL,NULL,NULL,NULL,'10.15.32.218','Rahadhini Ayu Setyaningrum','198507242011012015',0),
(35,'tobingyosie@yahoo.com','8e35eae57179c90161447b01ac20fcede159de25dd8cd8e171cd70be3dc3dcc4','183768',0,'2021-07-07 08:00:28','2021-07-07 08:02:52','2018-01-03 10:43:11',NULL,NULL,NULL,NULL,NULL,'10.15.32.218','dr.Yosui Eka Karuniawati','198609142014032002',1),
(36,'default@mail.com','b1d14021de8d9c28e0640861ba41d215e1ed6e9a8c3bd56b493e191871551237','195708081983112002',0,'2021-05-04 15:24:18','2021-05-04 15:48:27','2018-01-03 10:43:11',NULL,NULL,NULL,NULL,NULL,'10.15.32.218','Yuyut Indrawati','195708081983112002',0),
(37,'default@mail.com','c553a593a5c0c85043b30d55ba261983644a40cc98966b9cda9beeed78767fdd','195810141987102001',0,'2021-07-02 20:10:37','2021-07-02 20:42:41','2018-01-03 10:43:11',NULL,NULL,NULL,NULL,NULL,'10.15.32.219','Homalessy Rosalina','195810141987102001',0),
(38,'budisuryoningsih@gamail.com','4de812247f8d6b69bb8cbd3b803126f151669fe64deed692651fc77c40c8477a','196512241993022001',0,'2021-05-27 10:21:09','2021-05-27 10:22:36','2018-01-03 10:43:11',NULL,NULL,NULL,NULL,NULL,'10.15.32.219','Budi Suryoningsih','196512241993022001',0),
(39,'default@mail.com','f5e061919f4618f82ad73166f73c1c0f0e9b8d8f764c5a1f8bcc5b5d395e5c78','196610101993022003',0,'2021-07-01 16:12:54','2021-07-01 16:15:42','2018-01-03 10:43:11',NULL,NULL,NULL,NULL,NULL,'10.15.32.219','Henny Oktaria Aziz','196610101993022003',0),
(40,'default@mail.com','9ae8ce1aa8668241895c3d5ba1b355876aea8c1b87793ec9dc8149f7c82e035c','196410251992032004',0,'2019-06-25 15:17:52','2019-06-25 15:17:52','2018-01-03 10:43:11',NULL,NULL,NULL,NULL,NULL,'36.70.121.41','Katarina Dairi','196410251992032004',0),
(41,'default@mail.com','df6b27ab0b0dd2c3bea861b416550cf5142f389b655a513ae59041c2be880469','195910301984032002',0,'2019-08-21 11:25:37','2019-08-21 11:28:02','2018-01-03 10:43:11',NULL,NULL,NULL,NULL,NULL,'36.84.141.135','Hajar Noer Hayati','195910301984032002',0),
(42,'default@mail.com','be97c154b2407af03e149f9723ed603133813ccb6bd50f79aa709648cf04cef3','agungtia',0,'2021-07-05 10:04:32','2021-07-05 11:18:13','2018-01-03 10:43:11',NULL,NULL,NULL,NULL,NULL,'10.15.32.218','Agung Setiayanti','198508302011012015',1),
(43,'default@mail.com','3d91328a84bcf8da8e7cee5dc7fc72da149ab0a121ed02a37ed03588118fee2c','199108042014032001',0,'2019-10-01 14:50:56','2019-10-01 14:51:48','2018-01-03 10:43:11',NULL,NULL,NULL,NULL,NULL,'180.244.209.159','Erni Engeline, A.Md. Farm','199108042014032001',0),
(44,'default@mail.com','7bb4995fd65cb801ae42b6549bd6155854bf0620649f277b6bdaf1650790c3a7','196601121986022004',0,'2019-11-18 14:37:46','2019-11-18 14:42:01','2018-01-03 10:43:11',NULL,NULL,NULL,NULL,NULL,'125.166.90.180','Delfina Mariany Purba','196601121986022004',0),
(45,'default@mail.com','715edfc3a8abad9a494ac4e25435e2d2dcdda353e124fd160831f958b74d45d3','197108131998032004',0,'2020-08-03 07:57:12','2020-08-03 08:01:18','2018-01-03 10:43:12',NULL,NULL,NULL,NULL,NULL,'10.15.32.219','Neny Agustini','197108131998032004',0),
(46,'default@mail.com','8058b78357e1666de78ad8fc8507ed0817820d3482bdc6e696e67473a4ef7756','197006021993032005',0,'2019-06-28 10:21:50','2019-06-28 10:22:23','2018-01-03 10:43:12',NULL,NULL,NULL,NULL,NULL,'36.70.121.41','Yuni Adriani','197006021993032005',0),
(47,'default@mail.com','8306d71a257ec14298c45eccec36c11317a11064f2e8a728e792c927bc8fca12','196905141991012001',0,'2018-02-01 14:12:45','2018-02-01 14:12:45','2018-01-03 10:43:12',NULL,NULL,NULL,NULL,NULL,'110.138.125.26','Ernawati','196905141991012001',0),
(48,'default@mail.com','1a76d48f9fd5134027dd6c0719b727358d26ad124452a521c0031eff57e6afba','196002291983012001',1,NULL,NULL,'2018-01-03 10:43:12',NULL,NULL,NULL,'',NULL,NULL,'Noorce Umboh','196002291983012001',0),
(49,'default@mail.com','164d2c9dde0d67ff67c88fc2186531b1c3a044d2f5dad22fb2c098b0739428f7','197505291996032004',0,'2019-10-22 12:17:13','2019-10-22 12:19:10','2018-01-03 10:43:12',NULL,NULL,NULL,NULL,NULL,'180.243.44.110','Sulastri Kusmala Dewi S','197505291996032004',0),
(50,'default@mail.com','c24b0ff6dd5df8ea3aa63437839020a987a2f726e0308e38f0d80f2c6691d811','197905172007012022',0,NULL,NULL,'2018-01-03 10:43:12',NULL,NULL,NULL,NULL,NULL,NULL,'Eli Nurhayati','197905172007012022',0),
(51,'default@mail.com','636ab7246d628a02fdfb3855fc48c456d12e9f7b7f3d3a874adcfd9ea4a1c22c','197905202008012032',0,'2018-07-13 12:39:46','2018-07-13 12:40:47','2018-01-03 10:43:12',NULL,NULL,NULL,NULL,NULL,'125.166.74.28','Maysa Rachmawati','197905202008012032',0),
(52,'default@mail.com','380d2c6aee00510dddf300d68a1daffd3902cc98caa630f066c1635f702e8443','198212082011011009',0,'2021-07-05 10:34:18','2021-07-05 10:43:33','2018-01-03 10:43:12',NULL,NULL,NULL,NULL,NULL,'10.15.32.218','Herman Susilo','198212082011011009',0),
(53,'default@mail.com','98920a85f1f1bbfc902b982350332f5c309f91a21d165cf1f6075b4abe2a70f7','198205292007012006',0,'2019-11-19 11:51:47','2019-11-19 11:52:01','2018-01-03 10:43:12',NULL,NULL,NULL,NULL,NULL,'125.166.90.180','Sri Haryati','198205292007012006',0),
(54,'default@mail.com','fefc81348f2f338ddb02ec55a5f58e50fe7491106e7eb2870db13134a18c39cc','mellgomell',0,'2021-06-04 12:26:11','2021-06-04 12:29:01','2018-01-03 10:43:13',NULL,NULL,NULL,NULL,NULL,'10.15.32.219','Melisa Mustikawati, A.Md.Kep.','199105062014032001',0),
(55,'default@mail.com','23783437e93c6548a4638c6336d539d08e6261b045140a26c08550513b73eb03','199004192014031002',0,'2021-06-06 17:19:43','2021-06-06 17:37:24','2018-01-03 10:43:13',NULL,NULL,NULL,NULL,NULL,'10.15.32.219','Ade Ryandhono, A.Md.Kep.','199004192014031002',0),
(56,'n12hni@yahoo.com','c0548f931cc3f387130c2517c57716507df5022daae67b7781aa44c5c282489f','nui',0,'2018-01-31 08:48:42','2018-01-31 09:01:17','2018-01-03 10:43:13',NULL,NULL,NULL,NULL,NULL,'125.166.93.227','Nurhaeni','198002122008012033',1),
(57,'default@mail.com','e91329c693a57215abb60dc0d31c2a1735371f14f95594fa7b551197df548f93','196110091983022001',1,'2018-12-17 07:37:31','2018-12-17 07:44:17','2018-01-03 10:43:13',NULL,NULL,NULL,'',NULL,'36.84.143.184','Puji Wahyuni','196110091983022001',0),
(58,'default@mail.com','d71196ef6d36110db2bc3cf134dedb48d08c62626adcbd0af435eecc576db4fc','196003071980122004',1,'2018-02-21 12:11:14','2018-02-21 12:14:34','2018-01-03 10:43:13',NULL,NULL,NULL,'',NULL,'36.84.116.25','Sumarni Sebayang','196003071980122004',0),
(59,'default@mail.com','6da20f5cb0d2c9904135657224d7c5e92ee22996b9f6fa64a5db067c3621ccfa','197211171994032002',0,'2018-04-03 08:09:14','2018-04-03 08:12:49','2018-01-03 10:43:13',NULL,NULL,NULL,NULL,NULL,'61.5.94.22','Kunmaryani','197211171994032002',0),
(60,'default@mail.com','67c749745501fa583c20e593d2036adc03c78f6b381e9ba5f8c8288f875309c9','196912231990032005',0,'2018-06-21 07:29:56','2018-06-21 07:38:45','2018-01-03 10:43:13',NULL,NULL,NULL,NULL,NULL,'36.70.187.160','Yesni Syarbaini','196912231990032005',0),
(61,'default@mail.com','f81d958cd4318a5c5ee5ee08988cef397cf4ee1eff463d7ff021d4462cddd34e','196501251990032006',0,'2018-11-30 10:56:25','2018-11-30 11:06:17','2018-01-03 10:43:13',NULL,NULL,NULL,NULL,NULL,'103.209.7.44','Moina Sihombing','196501251990032006',0),
(62,'default@mail.com','7c7f136842f55bbc30e3652bc2e9dcdf81d8f7402aa87bc2ea40ff62e9f8ceae','196202101983112002',0,'2020-06-24 09:12:11','2020-06-24 09:12:11','2018-01-03 10:43:13',NULL,NULL,NULL,NULL,NULL,'10.15.32.218','Zaerina','196202101983112002',0),
(63,'default@mail.com','58ebe8fc399c78c3cbc94e31396fdb4704f1e02b7a41114e117b23b8e0e2f76b','196809241991032006',0,'2019-07-30 09:56:47','2019-07-30 09:59:36','2018-01-03 10:43:13',NULL,NULL,NULL,NULL,NULL,'110.138.88.5','Wiwik Surtika Dewi','196809241991032006',0),
(64,'default@mail.com','278721290bf5bf47d8dea5633682d3d2b39970e809debb435d2499e2b44b2ac3','197210191993032003',0,'2018-12-20 09:26:14','2018-12-20 09:28:32','2018-01-03 10:43:14',NULL,NULL,NULL,NULL,NULL,'103.209.7.44','Romauli Sitompul','197210191993032003',0),
(65,'default@mail.com','90da9651f7e95268f92cd3c017800082ade96ce72702b1d5360e6e05a461c174','196701021990032004',0,'2021-07-01 15:04:58','2021-07-01 15:04:58','2018-01-03 10:43:14',NULL,NULL,NULL,NULL,NULL,'10.15.32.218','Siti Ruliyah','196701021990032004',0),
(66,'default@mail.com','36f413a0d131a84189dc3bce47d27227a07e598f9aced8903c84ae6e22f91d04','197211171993012001',0,NULL,NULL,'2018-01-03 10:43:14',NULL,NULL,NULL,NULL,NULL,NULL,'Yuli Marnis','197211171993012001',0),
(67,'default@mail.com','62062a1dee167e7f6b94f46539d36b98a88e6e89577fc6805d07d9e77f4aa958','198511092010012039',0,'2020-09-22 14:28:03','2020-09-22 14:28:03','2018-01-03 10:43:14',NULL,NULL,NULL,NULL,NULL,'10.15.32.218','Mutia Novinina','198511092010012039',0),
(68,'default@mail.com','76f15dcdbaabbd3765de5cbe3c9b9b2a2240c8ff94938dafb975a00ee84cc0d6','198501162010012026',0,'2019-11-22 06:37:21','2019-11-22 06:39:51','2018-01-03 10:43:14',NULL,NULL,NULL,NULL,NULL,'125.166.90.180','Silvia Oka Ayuphita, AM.Keb','198501162010012026',0),
(69,'default@mail.com','51b5d8e561bb3ed5177c0057d6edefeeba0fc32c2eda7f0a0359d3a468a67470','198204022008012030',0,'2018-02-01 14:33:25','2018-02-01 14:33:25','2018-01-03 10:43:14',NULL,NULL,NULL,NULL,NULL,'115.178.211.8','Maswah','198204022008012030',0),
(70,'default@mail.com','8880394d79530222bea8eabae88fdbbb215b68489fecf67b6a7e0a2b2d2b6b24','199001282014032003',0,'2018-10-15 13:48:45','2018-10-15 13:53:09','2018-01-03 10:43:14',NULL,NULL,NULL,NULL,NULL,'180.252.216.253','Hanifah Fauziyyah, A.Md.Keb.','199001282014032003',0),
(71,'devirahmaa@gmail.com','7a548aebaf5d00e3429f90594ee6e9bfafdd527c93e107499e8bcdc0e5451916','199206042014032001',0,'2021-04-09 08:03:03','2021-04-09 08:04:10','2018-01-03 10:43:14',NULL,NULL,NULL,NULL,NULL,'10.15.32.219','Devi Rahmayani Budaya Putri, A.Md.Keb.','199206042014032001',0),
(72,'default@mail.com','01dcc5770d447ed93a20f2c48b163954f942771d8f525a4d598ea3307504921d','196808051992032008',0,'2021-06-06 10:09:14','2021-06-06 10:21:53','2018-01-03 10:43:14',NULL,NULL,NULL,NULL,NULL,'10.15.32.218','Sri Supraptiningsih','196808051992032008',0),
(73,'default@mail.com','3824a4f9cfb4275b25eef4d25ddf688a6eac1789fbee209c17d8d232efe65e94','197212061996032002',0,'2020-02-18 09:30:08','2020-02-18 09:30:08','2018-01-03 10:43:14',NULL,NULL,NULL,NULL,NULL,'10.15.32.219','Elseria Sianipar','197212061996032002',0),
(74,'default@mail.com','1fde7446001334daff73c7d27ccdc4d3dee088c36d12fcb8997537ce79b6a5d6','196909191991032004',0,'2019-11-14 14:41:04','2019-11-14 14:41:50','2018-01-03 10:43:15',NULL,NULL,NULL,NULL,NULL,'36.71.212.102','Melita Simorangkir, SKM','196909191991032004',0),
(75,'default@mail.com','81071bfbc060c553ae5cdb18b02a2d7fdabba929f26dcaa62eaaee5e7c5c7579','198809222010012012',0,'2021-07-06 14:11:57','2021-07-06 14:12:15','2018-01-03 10:43:15',NULL,NULL,NULL,NULL,NULL,'10.15.32.218','Dwi Soviarni, A.Md. Fis.','198809222010012012',0),
(76,'default@mail.com','015962f4afe3f22a4c14cdf6fee2f432ba520f273e1b3f38b97c8202dbd371b4','agustina',0,'2021-07-01 15:36:28','2021-07-01 15:36:38','2018-01-03 10:43:15',NULL,NULL,NULL,NULL,NULL,'10.15.32.218','Agustina Yuniati','1020184119760626200501003',1),
(77,'default@mail.com','e85cc2f75745395814e818b02ae00fe4db02d836a87c86980d794d8bedbb2685','1020184119910606201605100',0,'2021-07-01 13:05:46','2021-07-01 13:05:55','2018-01-03 10:43:15',NULL,NULL,NULL,NULL,NULL,'10.15.32.219','Ayu Yuningsih','1020184119910606201605100',0),
(78,'rajasimanihuruk@gmail.com','62be384607923946bdd099f83c878bac2192f5a54899e8035c70e302f09bc8d0','hasudungan',0,'2021-06-30 16:49:23','2021-06-30 17:01:23','2018-01-03 10:43:15',NULL,NULL,NULL,NULL,NULL,'10.15.32.218','Hasudungan Simanihuruk','1020184119900821201510064',1),
(79,'default@mail.com','d1d70b17301ad3885da4e157a605ad740492030f345f2d919fdf25d1861235e8','ibnuardhi',0,'2021-07-01 00:52:06','2021-07-01 00:52:15','2018-01-03 10:43:15',NULL,NULL,NULL,NULL,NULL,'10.15.32.219','Ibnu Ardhi','1020184119930127201605101',1),
(80,'m.23fahlefi@gmail.com','0c89eb4b46bc7ce185f590772c78745bbabd1262fbc1b926e5a27806bd60d0b7','merza fahlefi',0,'2021-07-05 18:37:59','2021-07-05 18:57:05','2018-01-03 10:43:15',NULL,NULL,NULL,NULL,NULL,'10.15.32.219','Merza Fahlefi','1020184119800523201106028',1),
(81,'dhona83@gmail.com','b5e2e33069f663d641e2d0e3374c2ced375470554a80092ebf162e929048e225','dhona iriandes',0,'2021-06-30 17:46:10','2021-06-30 17:52:04','2018-01-03 10:43:15',NULL,NULL,NULL,NULL,NULL,'10.15.32.219','Kus May Dona Irandes','1020184119830509201101020',1),
(82,'suwardidirun@gmail.com','1822ae81d9ae83e3a46d3472e5222b2829db5e1e31a6648ba8e091bf11be0a51','suwardi',0,'2021-06-30 17:03:51','2021-06-30 17:07:13','2018-01-03 10:43:15',NULL,NULL,NULL,NULL,NULL,'10.15.32.219','Suwardi','1020184119631018198606002',1),
(83,'erna10927@gmail.com','76cae03ec4a795da34b1ce3ac347e9e4345422103a7a29ea50b78d7591bd9832','ernawati',0,'2021-07-06 08:24:46','2021-07-06 08:33:03','2018-01-03 10:43:15',NULL,NULL,NULL,NULL,NULL,'10.15.32.219','Ernawati','1020184119920106201201030',1),
(84,'franspkm@gmail.com','b0409c8e8463a6dc57f1782099745364693ee9a5f9d1aa8ebbc3ff9fdeff31c3','frans',0,'2021-07-03 00:38:14','2021-07-03 00:38:40','2018-01-03 10:43:16',NULL,NULL,NULL,NULL,NULL,'10.15.32.218','Frans Julianto','1020184119890703201510056',1),
(85,'restusyabani@gmail.com','cfb7a0834751c4929ada9837965270e4af8eca8019d11b89dfe1c4c0345f5438','Restusya',0,'2021-07-06 10:05:42','2021-07-06 10:07:15','2018-01-03 10:43:16',NULL,NULL,NULL,NULL,NULL,'10.15.32.219','Restu Syabani','1020184119950103201605102',1),
(86,'aguseaven@gmail.com','6189273ef50709bf690754961daf5098fb86f15d1b844bacda18af021647469f','agussusanto',0,'2021-06-30 22:50:15','2021-06-30 22:56:08','2018-01-03 10:43:16',NULL,NULL,NULL,NULL,NULL,'10.15.32.218','Agus Susanto','1020184119970830201605103',1),
(87,'ynrdhaditya@gmail.com','43003e25aa2a00e6589a8b14556d3d6c032e06e0ece4da9c589b86da4c53f6d1','Yannuardhi',0,'2021-07-06 20:11:33','2021-07-06 20:12:21','2018-01-03 10:43:16',NULL,NULL,NULL,NULL,NULL,'10.15.32.218','Yanuardhi Aditya','1020184119940602201605104',1),
(88,'muhammadfahrudin36@gmail.com','aa1d5657f4ea865a6ff3b8b7f49a01de3a52c631ff40a08618973706e9139f4b','fahrudin',0,'2021-07-07 07:02:10','2021-07-07 07:03:31','2018-01-03 10:43:16',NULL,NULL,NULL,NULL,NULL,'10.15.32.218','Mohammad Fahrudin','1020184119970817201605105',1),
(89,'sarjopkc@gmail.com','ecd4c401d8f7c411263c7694f249a035e832be8df2bfd9ae32f9e54f1c23721e','sarjo',0,'2021-07-05 08:47:00','2021-07-05 09:55:56','2018-01-03 10:43:16',NULL,NULL,NULL,NULL,NULL,'10.15.32.218','Sarjo','1020184119641112198508001',1),
(90,'ogghie.mardianto@gmail.com','617f36ea1c614154e202927b795e9987f351c55a1cde9783c30d7051d199fe6b','yogi',0,'2021-07-05 14:47:01','2021-07-05 14:49:02','2018-01-03 10:43:16',NULL,NULL,NULL,NULL,NULL,'10.15.32.218','Yogi Mardianto','1020184119920327201304054',1),
(91,'ekoischadarto@gmail.com','76879e36acea3bc3f79ff03e9616ffbc10854af5f91488ff91b013889d10d8bb','Eko Ischadarto',0,'2021-07-01 22:04:29','2021-07-01 22:07:02','2018-01-03 10:43:16',NULL,NULL,NULL,NULL,NULL,'10.15.32.218','Eko Ischadarto','1020184119800226201005017',1),
(92,'sumolangeddy13@gmail.com','9e9fa248eed5d1efbe89b522e9dd37e809c302da4f20c646ff4cade15e72c480','eddy',0,'2021-07-01 00:26:38','2021-07-01 00:26:43','2018-01-03 10:43:16',NULL,NULL,NULL,NULL,NULL,'10.15.32.218','Eddy Y Sumolang','1020184119691213201004016',1),
(93,'ikhromdarwanto1975@gmail.com','d28785e03b7e64524b32943f23bc9c1c8d79a679673f60dea8a8dc0062067381','ikhrom',0,'2021-07-01 19:43:05','2021-07-01 19:45:13','2018-01-03 10:43:17',NULL,NULL,NULL,NULL,NULL,'10.15.32.218','Ikhrom Darwanto','1020184119750109201002018',1),
(94,'heriyansyah50837@gmail.com','30b3510d4932dc92adb933409c373e775840d32bcebce1c3af919d8cd5cf0c04','heriyansyah',0,'2021-06-30 22:24:16','2021-07-01 00:38:51','2018-01-03 10:43:17',NULL,NULL,NULL,NULL,NULL,'10.15.32.218','Heriansyah','1020184119850828201605106',1),
(95,'wawanfirmansyah767@gmail.com','c695fb776a20a9bdba3c7e1c015335ebc0a10fab37ea736938f6cd7ec2007cff','awan firmansyah',0,'2021-06-30 20:05:03','2021-06-30 20:08:29','2018-01-03 10:43:17',NULL,NULL,NULL,NULL,NULL,'10.15.32.218','Awan Firmansyah','1020184119870409201710107',1),
(96,'bayuadi.kurnia.p@mail.com','887556a324eaf1ec2aee1ff651494d54439b3ab1f363e1276fedaf71ade93791','bayuadi89',0,'2021-07-01 16:08:59','2021-07-01 16:09:05','2018-01-03 10:43:17',NULL,NULL,NULL,NULL,NULL,'10.15.32.218','Bayuadi Kurnia Putra','1020184119890601201304053',1),
(97,'default@mail.com','a16bbffa53efe68e08ad1c62728f1dba208aa69f16ce495e41c201dfdd9f6983','dwiwidiyastoto',0,'2021-06-22 14:42:48','2021-06-22 14:58:12','2018-01-03 10:43:17',NULL,NULL,NULL,NULL,NULL,'10.15.32.219','Dwi Widiyastoto','1020184119871219201701144',1),
(98,'riayoppaputrisari@gmail.com','83d0681e11ac40693caf1bafde5940250ec4cb3d19a910a7f6a3c7469dfcc69d','RIA YOPPA PUTRI SARI',0,'2021-06-30 21:37:52','2021-06-30 21:54:02','2018-01-03 10:43:17',NULL,NULL,NULL,NULL,NULL,'10.15.32.219','Ria Yoppa Putri Sari','1020184119851223201510066',1),
(99,'husnulfakhri@gmail.com','9ff6ca63aa6e3ead88691b7b0ba802af5fa9dd847c4cfc7860f41af903c981db','geniouz',0,'2021-07-08 11:40:14','2021-07-08 11:50:24','2018-01-03 10:43:17',NULL,NULL,NULL,NULL,NULL,'::1','Husnul Fakhri','1020184119900509201510068',1),
(100,'sarahafifah18@ymail.com','2a2f7e137540251f49ce4bac02be0f960d3f44fef40d10e67538e4deb4721be9','sarah1811',0,'2021-07-06 13:24:07','2021-07-06 13:24:19','2018-01-03 10:43:17',NULL,NULL,NULL,NULL,NULL,'10.15.32.219','Sarah Afifah','1020184119911118201510069',1),
(101,'malikiahmad11@gmail.com','4f1e8b1e49638bdc61f0640759ee0c72154b1da843d0bf984131eb1414cc832c','201707152',0,'2021-05-22 13:24:44','2021-05-22 13:25:46','2018-01-03 10:43:17',NULL,NULL,NULL,NULL,NULL,'10.15.32.218','Maliki Ahmad Nur','1020184119900911201707152',1),
(102,'abay.mt.18@gmail.com','296022c6c800ea5d559eadc6f4f469840e3fd5a86f93e668cf963035ca01c1d8','Akbar M T',0,'2021-07-01 20:24:44','2021-07-01 21:28:40','2018-01-03 10:43:18',NULL,NULL,NULL,NULL,NULL,'10.15.32.219','Akbar Mei Trianto','1020184119930518201304052',1),
(103,'default@mail.com','35e6bd17520e81a1f7747816a14355b035a3deffe0c4be097f70b4764d747c51','1020184119811111201304047',0,'2021-07-04 22:08:21','2021-07-04 22:11:36','2018-01-03 10:43:18',NULL,NULL,NULL,NULL,NULL,'10.15.32.219','Primanto Fatha Satria','1020184119811111201304047',0),
(104,'cassanovasendi16@gmail.com','bab4f09ed0924ad17707ca4f164d15a7ac3587a45fa40fc1e19cdd1f7138e0a8','Sendi Agustian',0,'2021-07-01 07:20:46','2021-07-01 08:17:53','2018-01-03 10:43:18',NULL,NULL,NULL,NULL,NULL,'10.15.32.219','Sendy Agustian','1020184119870820201304055',1),
(105,'deboranatalia1512@gmail.com','a1ae4b00cdc35f176ecea0f40ccec9a93873580171d59cc35b887cb8015c66a6','DEBORA',0,'2021-07-04 13:35:04','2021-07-04 13:35:08','2018-01-03 10:43:18',NULL,NULL,NULL,NULL,NULL,'10.15.32.218','Debora Natalia','1020184119861215201303039',1),
(106,'default@mail.com','13d7d0e2dda141a67a0b01c6d9f56b41fa4c5bc3c579a95fc834fc72bce90e52','Ahmad Arief Nur Wibowo',0,'2021-07-01 13:43:32','2021-07-01 13:58:49','2018-01-03 10:43:18',NULL,NULL,NULL,NULL,NULL,'10.15.32.219','Ahmad Arief Nur Wibowo','1020184119880920201303038',1),
(107,'default@mail.com','26dc00aee2e0a5df226ef726a179a3474bcf51d17ee7c849547b68e72979434d','SETIAWATI',0,'2021-07-06 12:40:42','2021-07-06 13:19:57','2018-01-03 10:43:18',NULL,NULL,NULL,NULL,NULL,'10.15.32.219','Setiawati','1020184119840716201404062',1),
(108,'silva26.alamrie@gmail.com','c187b137a0083e77dc40981b4564539da52598eb589956ba7982f0ea5f373017','Silvana muhamad alamrie',0,'2021-06-27 19:36:32','2021-06-27 19:46:47','2018-01-03 10:43:18',NULL,NULL,NULL,NULL,NULL,'10.15.32.219','Silvana Muhamad Alamrie','1020184119891031201304056',1),
(109,'jakasamudrasyukri0808@gmail.com','4b874fe05bf70e019f9a71137fbc5169a2b08231c12862545ea7fce6760e6aa7','samudra',0,'2021-06-30 08:47:50','2021-06-30 08:48:10','2018-01-03 10:43:18',NULL,NULL,NULL,NULL,NULL,'10.15.32.219','Jaka Samudra','1020184119860808201510067',1),
(110,'tenyfebry@gmail.com','ef11ae49790d446cff6a5f826e7d219fa3065f000ca0c1a7b7ba29c73317fbf5','19880314201104026',0,'2021-07-01 07:25:13','2021-07-01 07:50:19','2018-01-03 10:43:18',NULL,NULL,NULL,NULL,NULL,'10.15.32.218','Teny F Nurdin','1020184119880314201104026',1),
(111,'default@mail.com','4d5439ecd13ad38ce884322fd6472838efdd4e27957846cc687219381b797b15','hasanah',0,'2021-07-04 07:02:06','2021-07-04 07:31:31','2018-01-03 10:43:19',NULL,NULL,NULL,NULL,NULL,'10.15.32.218','Hasanah','1020184119720903201601099',1),
(112,'ypuskesmas@gmail.com','70638eadd7d80a3bfa1929aa458c721f9fd525bcea45d4bd6a4a84efe8b81dac','Yeti',0,'2021-06-30 16:09:57','2021-06-30 16:40:11','2018-01-03 10:43:19',NULL,NULL,NULL,NULL,NULL,'10.15.32.219','Yeti','1020184119720404201401060',1),
(113,'default@mail.com','0d345d675c9c4d9c416dde7dceede08f486336e433ad0e9bb9df4c2161568c09','anto coy',1,'2018-12-31 07:03:23','2018-12-31 07:33:43','2018-01-03 10:43:19',NULL,NULL,NULL,'',NULL,'36.70.29.114','Anto','1020184119961118201710160',1),
(114,'default@mail.com','c43f32cde45e15f413dd996cf8ada80e9d8eaef8a5dbb9e920840497f6216fc7','1020184119810822201710161',0,'2021-06-30 15:49:36','2021-06-30 15:52:54','2018-01-03 10:43:19',NULL,NULL,NULL,NULL,NULL,'10.15.32.219','Bagus Kurniawan','1020184119810822201710161',0),
(115,'default@mail.com','027286b52d62bcfb7e80e12fb498a2c2f82bff8939f44b153b8e23c6e19e8bd4','1020184119750610200501004',0,'2021-06-22 08:56:42','2021-06-22 08:57:25','2018-01-03 10:43:19',NULL,NULL,NULL,NULL,NULL,'10.15.32.219','Saikin','1020184119750610200501004',0),
(116,'default@mail.com','db8c97afc8e60d443f0994cb7c702aaa506a74a69ff1d47f70ec4c892da88200','Liada',0,'2021-07-06 14:05:15','2021-07-06 14:07:58','2018-01-03 10:43:19',NULL,NULL,NULL,NULL,NULL,'10.15.32.219','Liada','1020184119890410201304046',1),
(117,'default@mail.com','b5c2bf957cdd0e3bb293fbb62743a8ad5bf23eb53a57d7d46eb2740529b08d4f','nurul handayani',0,'2021-07-07 07:29:42','2021-07-07 07:30:05','2018-01-03 10:43:19',NULL,NULL,NULL,NULL,NULL,'10.15.32.218','Nurul Handayani','1020184119930729201304045',1),
(118,'default@mail.com','240014f6b28be192def9279d7bbf0a893bb4edce0dc6ca430c5152329244f938','skylab',0,'2021-07-06 10:03:09','2021-07-06 10:04:51','2018-01-03 10:43:20',NULL,NULL,NULL,NULL,NULL,'10.15.32.219','Skylab Sariyati','1020184119790712201308058',1),
(119,'default@mail.com','7734b863d53030a59ca1a285366c9fe05b404ed63c18402e8a3e7b9e61976822','1020184119801117200911015',0,'2021-06-30 14:37:41','2021-06-30 14:50:29','2018-01-03 10:43:20',NULL,NULL,NULL,NULL,NULL,'10.15.32.219','Alfriyano Arsie','1020184119801117200911015',0),
(120,'anyra_ivon@gmail.com','28fef570db3c7f1dc80ba9d2e522bb1d225f2e23aa0f008d341209aa25a488dd','arinanoviyanti',0,'2020-10-01 10:26:01','2020-10-01 10:30:43','2018-01-03 10:43:20',NULL,NULL,NULL,NULL,NULL,'10.15.32.218','Arina Novianti','1020184119821116201510070',1),
(121,'mei.rumiyati@gmail.com','d7ca8732cbf59c7c84e9450e26526d14a38bf2a40522a80047eb80e89be5e267','mymalakias',0,'2021-07-02 18:34:48','2021-07-02 18:41:56','2018-01-03 10:43:20',NULL,NULL,NULL,NULL,NULL,'10.15.32.219','M.G. Mei Rumiyati','1020184119710501200902014',1),
(122,'default@mail.com','eb938e57988447180c22d9e494330ebf0c013f37b435c5651c63d86db8a7183d','dr marloni',0,'2021-06-30 14:58:50','2021-06-30 15:14:09','2018-01-03 10:43:20',NULL,NULL,NULL,NULL,NULL,'10.15.32.219','Marloni Marsada Astrid','1020184119870429201510071',1),
(123,'default@mail.com','96eec153931787621b5f81b06e820137d230e4672befe803eb9ef9386e2f1877','MIKI',0,'2021-07-06 12:28:57','2021-07-06 12:38:10','2018-01-03 10:43:20',NULL,NULL,NULL,NULL,NULL,'10.15.32.219','Meike Pudjiastuti','1020184119760518201510072',1),
(124,'natmauziee@gmail.com','8787c06fae8abcd932423e84f2ef753563cc2976242f997d02cb0b9515ed4f9b','Natasya Sintawati',0,'2021-07-06 07:34:35','2021-07-06 07:36:36','2018-01-03 10:43:20',NULL,NULL,NULL,NULL,NULL,'10.15.32.219','Natasya Sintawati','1020184119830625201510073',1),
(125,'dewikrsna@gmail.com','dfe74955a0232bf271c6dc99fca3f1f7058a490a7fa4793d772e52d588debd74','dewikenken',0,'2021-07-06 08:30:04','2021-07-06 08:30:09','2018-01-03 10:43:20',NULL,NULL,NULL,NULL,NULL,'10.15.32.218','Ni Made Ayu Dewi','1020184119760920201201031',1),
(126,'dr.nuramalia@yahoo.co.id','84bd5ce391c153c43738ebd97d65ee1827dfdbd293c6d0601b166976e9c74429','Nur Amalia',0,'2021-06-30 13:52:07','2021-06-30 14:13:27','2018-01-03 10:43:21',NULL,NULL,NULL,NULL,NULL,'10.15.32.219','Nur Amalia Basri','1020184119830531201510074',1),
(127,'default@mail.com','1d2c3148682a936a6c7e30b4c086d4da5c6127840e9a27a57f60cdc713cb2fe9','Emma Junita',0,'2021-07-06 12:13:09','2021-07-06 12:13:26','2018-01-03 10:43:21',NULL,NULL,NULL,NULL,NULL,'10.15.32.219','Emma Junita','1020184119810620201605108',1),
(128,'laura.syerin.n@gmail.com','d8b924db166bc0ba7bc46999cdcf8797617d295f5e4a90d8161e985993413a87','drlaurasyerin',0,'2021-06-02 06:50:29','2021-06-02 06:50:36','2018-01-03 10:43:21',NULL,NULL,NULL,NULL,NULL,'10.15.32.218','Laura Syerin','1020184119900206201605109',1),
(129,'default@mail.com','c2ea718a8b20b206c232a82c41396581b7089c153c72b27acfc633bdd7aa6857','1020184119780703201605110',1,NULL,NULL,'2018-01-03 10:43:21',NULL,NULL,NULL,'',NULL,NULL,'Niken Sulastri','1020184119780703201605110',0),
(130,'immasyintia@gmail.com','f3600959fcffa9ff66415ebf33a410138f1a28db9e8110545d6c904dc5838337','mimmarose',1,'2018-12-31 18:22:25','2018-12-31 18:36:02','2018-01-03 10:43:21',NULL,NULL,NULL,'',NULL,'125.165.136.39','Imma Syintia Rose','1020184119850205201606111',1),
(131,'default@mail.com','eecdd17ab7981062fdf1a2e9ac6476933ef1b9c1ad08c02ce51466ca43df4b1a','muhamaddwiputra',0,'2021-06-30 22:58:23','2021-06-30 22:59:07','2018-01-03 10:43:22',NULL,NULL,NULL,NULL,NULL,'10.15.32.219','Muhamad Dwi Putra','1020184119920110201606112',1),
(132,'default@mail.com','4e83533f40c35077a8b5faa3123a79a7d726cf1ab8b858e1624228e13f917686','Dewi Novelina',0,'2021-07-06 10:32:16','2021-07-06 10:34:53','2018-01-03 10:43:22',NULL,NULL,NULL,NULL,NULL,'10.15.32.218','Normala Dewi Nainggolan','1020184119761124201606113',1),
(133,'default@mail.com','7b0f39934d3f3ba6c8de729baa1454963bc619816e4e6086309ed0db931c85a4','sulvitalaunda',0,'2021-06-30 18:02:39','2021-06-30 18:06:24','2018-01-03 10:43:22',NULL,NULL,NULL,NULL,NULL,'10.15.32.218','Sulfita Launda','1020184119900718201606114',1),
(134,'febynyanita@gmail.com','b8416042e9517eca4d7320bef9cad4f86bf0cb916a696ed4a9ba494d004b9770','DWINITA AMANDA',0,'2021-07-05 14:01:30','2021-07-05 14:18:49','2018-01-03 10:43:22',NULL,NULL,NULL,NULL,NULL,'10.15.32.218','Dwinita Amanda','1020184119890920201704145',1),
(135,'indahtrianaputri@gmail.com','65efa84a41283b2fe09bb3098f17967b69867a9fa497a6aa2f8960a7d697b163','indah triana putri',1,'2019-12-27 14:39:52','2019-12-27 14:41:38','2018-01-03 10:43:22',NULL,NULL,NULL,'',NULL,'36.69.243.219','Indah Triana Putri','1020184119930329201704146',1),
(136,'default@mail.com','16cf3fc728a9ceff34e2d73fa0937e39097732fce93c1a8d25c00b061fecd10b','yunitaekaputri',0,'2021-06-30 09:35:56','2021-06-30 11:42:09','2018-01-03 10:43:22',NULL,NULL,NULL,NULL,NULL,'10.15.32.219','Yunita Eka Putri','1020184119880609201605115',1),
(137,'default@mail.com','80fdabfd90b48d01d73e13fd681240e267fa2fd86a55e90241783832b25cb1be','b.anindita.p',0,'2019-01-02 06:22:23','2019-01-02 06:26:04','2018-01-03 10:43:22',NULL,NULL,NULL,NULL,NULL,'139.192.5.69','Besthari Anindita Pramitasari','199112162019032008',1),
(138,'default@mail.com','a0a8342fd888d26e67e669a5c608569b432f696f6c8f86493e9ab4582301b765','MAHESA',0,'2021-06-30 18:58:01','2021-06-30 19:10:48','2018-01-03 10:43:22',NULL,NULL,NULL,NULL,NULL,'10.15.32.218','Mahesa Bonang','1020184119900531201706149',1),
(139,'nandachaerully@gmail.com','1a843dc786b50128752a3e58a61b0be7fad52af1b4f0957e34ebc064a893c1b2','nandachaerully',0,'2019-01-02 14:47:55','2019-01-02 16:18:01','2018-01-03 10:43:22',NULL,NULL,NULL,NULL,NULL,'36.69.212.248','Nanda Chaerully','199204262019032018',1),
(140,'pujaadibimoseno@gmail.com','d2fbf81ac820949ed6b7dd81e96fe57c317124d0ce1f81bb9c9cd6cbde3bafdc','puja adi',0,'2021-06-30 14:26:36','2021-06-30 15:09:27','2018-01-03 10:43:23',NULL,NULL,NULL,NULL,NULL,'10.15.32.219','Puja Adi Bimoseno','1020184119870602201706151',1),
(141,'default@mail.com','718540b000cdbf0a97d46d52dab50083745cc9d8e5f754c8854b72b23ab457f6','hanipanda',0,'2018-12-31 16:18:05','2018-12-31 16:21:54','2018-01-03 10:43:23',NULL,NULL,NULL,NULL,NULL,'36.71.210.115','Hani Amalia','199004072019032006',1),
(142,'default@mail.com','8eeb09b81cdabf7a6331281995175b88eefe2cdd87e769a9616994be166cb5cb','dokcin',0,'2021-06-30 14:09:12','2021-06-30 15:05:48','2018-01-03 10:43:23',NULL,NULL,NULL,NULL,NULL,'10.15.32.218','Azelia Cinta Ayu','1020184119860903201404063',1),
(143,'default@mail.com','0ffbe60b512aa24360f0b1a848a63696526a34eb2684c9a2c906f23fd59de349','anggi hayani',0,'2021-06-30 23:05:10','2021-06-30 23:12:57','2018-01-03 10:43:23',NULL,NULL,NULL,NULL,NULL,'10.15.32.219','Anggi Hayani','1020184119900623201605116',1),
(144,'default@mail.com','6f628849fbfbb72be29ba388ec4e244b8c52253ba84c6314088dc2172f31b463','1020184119860306201605117',0,'2021-07-06 13:19:04','2021-07-06 13:23:59','2018-01-03 10:43:23',NULL,NULL,NULL,NULL,NULL,'10.15.32.218','Debora Veronika','1020184119860306201605117',0),
(145,'default@mail.com','26cc863391e787905fbd643996249a818b644268d7d80ffc8ac68ecec10bf283','1020184119840509201605118',0,'2021-07-05 11:51:52','2021-07-05 11:57:02','2018-01-03 10:43:23',NULL,NULL,NULL,NULL,NULL,'10.15.32.219','Denty Meira Nuswantari','1020184119840509201605118',0),
(146,'default@mail.com','d39444fe4e803505da88667bde2287fb8710e68c61a2fa13e0d2fdac552639d4','ZAENAL',0,'2021-07-05 10:33:15','2021-07-05 10:33:27','2018-01-03 10:43:23',NULL,NULL,NULL,NULL,NULL,'10.15.32.219','Ahmad Zaenal Abidin','1020184119870518201201032',1),
(147,'default@mail.com','78a64aa30082e9c97fec8c7cf3334f722ed5dd66e6c1dc8f7cc9a34b75320cdf','1020184119910527201510075',0,'2021-07-06 14:09:59','2021-07-06 14:10:33','2018-01-03 10:43:23',NULL,NULL,NULL,NULL,NULL,'10.15.32.219','Ambisi Sarjana Putri','1020184119910527201510075',0),
(148,'default@mail.com','e98d333a26ecbf5178f645e1aa8e80a2cf65865cfde52b2e2cd8f2002d4fc2dc','atiyyatul',0,'2021-06-26 05:21:50','2021-06-26 05:28:19','2018-01-03 10:43:23',NULL,NULL,NULL,NULL,NULL,'10.15.32.218','Atiyyatul Maula','1020184119900320201201033',1),
(149,'default@mail.com','21ddc6430115b452d269171d9a4473ebb2e1050b114145c10147e53a3991a25b','desdania',0,'2021-06-30 10:01:50','2021-06-30 10:55:55','2018-01-03 10:43:23',NULL,NULL,NULL,NULL,NULL,'10.15.32.218','Desdania','1020184119841211201304044',1),
(150,'dwi.sraharti@gmail.com','1caf74654edd5aec1853e1659b580ddc351949457d3cc45bcc07c48e42e35d28','dwiwahyu',0,'2021-07-01 06:18:49','2021-07-01 06:19:33','2018-01-03 10:43:23',NULL,NULL,NULL,NULL,NULL,'10.15.32.218','Dwi Wahyu Setyo Raharti','1020184119890122201102029',1),
(151,'ecca.utari@gmail.com','c12308921fba5c266aec9bd4eacc6455483cc948322e4d3ec9d9a6550ae7a5aa','1020184119940302201303036',0,'2021-06-30 15:28:11','2021-06-30 15:30:12','2018-01-03 10:43:24',NULL,NULL,NULL,NULL,NULL,'10.15.32.218','Eka Diah Utari','1020184119940302201303036',0),
(152,'margarethsgraces@gmail.com','310b93f2e380cb81ee72178ac776f1eadaca657b29d71afe850bc59c4e4cf5b4','GGajja',0,'2021-06-30 09:52:59','2021-06-30 10:01:26','2018-01-03 10:43:24',NULL,NULL,NULL,NULL,NULL,'10.15.32.218','Grace Margaretha','1020184119910411201510076',1),
(153,'default@mail.com','37e36327a5c3d3e2fe9f2b435af4aef489d6c86cad8604cdb6a83f8ac2d94458','mutiara astuti',0,'2021-07-02 21:41:29','2021-07-02 21:41:34','2018-01-03 10:43:24',NULL,NULL,NULL,NULL,NULL,'10.15.32.219','Mutiara Astuti','1020184119890501201201034',1),
(154,'default@mail.com','a2093e70a0ab2930d99bf3712d9e9d859bafe0c57b38950e95eb94421c16756a','Novi Fitriani Agustin',0,'2021-07-01 06:57:24','2021-07-01 07:03:04','2018-01-03 10:43:24',NULL,NULL,NULL,NULL,NULL,'10.15.32.219','Novi Fitriani Agustin','1020184119970824201510078',1),
(155,'default@mail.com','2f22702bbfaecce4611f49aad8f994ca3bdcc2662ce3ec0d8efbf6ac5de30c46','1020184119840316201102021',0,'2021-06-29 10:12:51','2021-06-29 10:12:58','2018-01-03 10:43:24',NULL,NULL,NULL,NULL,NULL,'10.15.32.219','Tri Mauresti','1020184119840316201102021',0),
(156,'default@mail.com','c653e088183dedc97a7c3fcc39fd0c836c969b967f5ec13acf1c58693bd1605f','tuty',0,'2021-07-01 14:40:34','2021-07-01 14:44:06','2018-01-03 10:43:24',NULL,NULL,NULL,NULL,NULL,'10.15.32.218','Tuty Sugiarti','1020184119800802201301035',1),
(157,'tha_yank@ymail.com','9745aa40dc28f7d4d59c56623f5a74843dff2fdd314d90e16dacb91b4447d297','citra',0,'2021-06-30 23:32:57','2021-06-30 23:39:44','2018-01-03 10:43:24',NULL,NULL,NULL,NULL,NULL,'10.15.32.218','Citra Purnama Sari','1020184119880820201605119',1),
(158,'farizal.akbar27@gmail.com','72cb3373c855ceb74caab2da86ff144f15488792f54ea440c3c7062f60082696','Farizal Akbar',0,'2021-07-01 19:40:17','2021-07-01 19:42:37','2018-01-03 10:43:24',NULL,NULL,NULL,NULL,NULL,'10.15.32.218','Farizal Akbar','1020184119851027201605120',1),
(159,'default@mail.com','fe068a98d2ce59335c5aa32e96118806c5e4ff190727edc7b9a6934c1783f9be','Ifah puspitasari',0,'2021-07-07 07:49:50','2021-07-07 08:07:05','2018-01-03 10:43:24',NULL,NULL,NULL,NULL,NULL,'10.15.32.219','Ifah Puspitasari','1020184119890129201605121',1),
(160,'default@mail.com','b81c29560be68fad5553d8644c36926742fae585c4a74e6ec314e1435fd84189','trisye Nurpuspitarini',0,'2021-07-01 08:45:30','2021-07-01 08:46:44','2018-01-03 10:43:25',NULL,NULL,NULL,NULL,NULL,'10.15.32.219','Trisye Nurpita','1020184119820223201605122',1),
(161,'default@mail.com','4153a64ba760d56894f38544ae4cc6364b84bfe2ee1d0f8c39f42b3545a2a697','Erni Nopianti',0,'2021-07-03 08:13:03','2021-07-03 08:21:12','2018-01-03 10:43:25',NULL,NULL,NULL,NULL,NULL,'10.15.32.219','Erni Nopianti','1020184119811106200701011',1),
(162,'iivanvoice@gmail.com','696b9baa6ccc5bdc8d94031642fa2b5a013c4bb22e5d619373ecde4beef151ff','Irvan Sofana',0,'2021-06-25 13:15:45','2021-06-25 13:18:40','2018-01-03 10:43:25',NULL,NULL,NULL,NULL,NULL,'10.15.32.219','Irvan Sofana','1020184119920711201510079',1),
(163,'default@mail.com','091bd5f34b4c84c57414ae8c07720b20a41e0448cae010216fbddbcd464721d9','1020184119720930200708007',0,'2021-06-30 16:19:26','2021-06-30 17:25:59','2018-01-03 10:43:25',NULL,NULL,NULL,NULL,NULL,'10.15.32.218','Kuatno','1020184119720930200708007',0),
(164,'maulina.kurniasih@gmail.com','85124df4b5034bb69d7aab874b04d8f613a4714144a1192a2eb939ffeaf3523b','maulina',0,'2021-07-01 15:23:32','2021-07-01 15:26:17','2018-01-03 10:43:25',NULL,NULL,NULL,NULL,NULL,'10.15.32.218','Maulina Kurniasih','1020184119810107200601005',1),
(165,'default@mail.com','e5f207a36c6d9dfda0696c7c1338f9fbb32e09cd90032e64c12f70fd3b61cc41','essya',0,'2021-07-01 07:39:23','2021-07-01 07:41:50','2018-01-03 10:43:25',NULL,NULL,NULL,NULL,NULL,'10.15.32.219','Mira Damayanti','1020184119830520201104025',1),
(166,'www.saintsaiya28@gmail.com','db14f781f28a73d20c21d71d7b020faa655baf46f621bf2e7b477fad1e46fef4','Nurul HUda',0,'2021-07-05 13:45:34','2021-07-05 13:59:51','2018-01-03 10:43:25',NULL,NULL,NULL,NULL,NULL,'10.15.32.219','Nurul Huda','1020184119850228201304057',1),
(167,'sumartiamira@gmail.com','ff29af6aeffa508671c671bc6b22b80dfcf6c62b8e286de03b955d907ccbe3a2','sumarti',0,'2021-07-05 08:01:07','2021-07-05 08:22:10','2018-01-03 10:43:25',NULL,NULL,NULL,NULL,NULL,'10.15.32.219','Sumarti','1020184119790401200701010',1),
(168,'ucipratami@ymail.com','99a63de057fffc4de7b8264d8e2f6716acc5478080565c38bb37024b0e002121','uci pratami',0,'2021-07-05 14:35:01','2021-07-05 14:42:58','2018-01-03 10:43:26',NULL,NULL,NULL,NULL,NULL,'10.15.32.218','Uci Pratami','1020184119890121201510080',1),
(169,'wiji.nurkolip@gmail.com','7440a9d4e1670a07375c9c7d8e95491498f7b7607140aee06def2657be97bc60','WIJI NURKOLIP',0,'2021-07-01 15:23:21','2021-07-01 15:42:20','2018-01-03 10:43:26',NULL,NULL,NULL,NULL,NULL,'10.15.32.219','Wiji Nur Kolip','1020184119830529201304043',1),
(170,'wiwinsetiani048@gmai.lcom','77d7d0cb307d05e5a7cc6cd72cd71f0ca84a20caacc11f324e76d0a952482fa1','wiwinsetiani',1,'2019-12-27 14:47:27','2019-12-27 14:55:28','2018-01-03 10:43:26',NULL,NULL,NULL,'',NULL,'180.242.180.9','Wiwin Satiani','1020184119910330201510081',1),
(171,'default@mail.com','3c92f7ae51a0fe280cd7a86fab5cac3b4a8f4db8d1e2d03e56d24028b7dfd683','1020184119880527201304059',0,'2021-07-07 07:11:28','2021-07-07 07:12:57','2018-01-03 10:43:26',NULL,NULL,NULL,NULL,NULL,'10.15.32.219','Yonas Pahala','1020184119880527201304059',0),
(172,'default@mail.com','e097eb38254c2eb1ea6f4f9da5df46df5f2d9d08f3076f3bdb8a89bc95eefcec','1020184119880718201510082',0,'2021-06-30 16:26:25','2021-06-30 19:02:15','2018-01-03 10:43:26',NULL,NULL,NULL,NULL,NULL,'10.15.32.219','Yuli Supriyani','1020184119880718201510082',0),
(173,'agus.2014.au@gmail.com','6e0aeacf5d41a89a93070b0de297077e234a84959b1c285f84233aaba7facd74','agus eko saputro',0,'2021-06-30 20:37:33','2021-06-30 21:12:15','2018-01-03 10:43:26',NULL,NULL,NULL,NULL,NULL,'10.15.32.219','Agus Eko Saputro','1020184119920822201605123',1),
(174,'ekifimi@mail.com','b68441936c43692de49f41f84ce5b530102ff994f8376e629c71d0f13657aedb','Eki fitriani Miandari',0,'2021-07-02 15:33:34','2021-07-02 15:40:19','2018-01-03 10:43:26',NULL,NULL,NULL,NULL,NULL,'10.15.32.219','Eki Fitriani M','1020184119920402201605124',1),
(175,'default@mail.com','eb882e26fd8d1ac484c2556b09bf1d102ae8657391e252918fe54c1352ed58dc','ferawati',0,'2021-06-30 20:37:23','2021-06-30 21:10:19','2018-01-03 10:43:26',NULL,NULL,NULL,NULL,NULL,'10.15.32.218','Ferawati ','1020184119890829201605125',1),
(176,'tanzafiq@gmail.com','6124a98d57d6108bb3345f5ab5b98ec2da45a1a83ae34ab82672d75fc3ecbf9b','tanza',0,'2021-07-01 07:39:34','2021-07-01 07:48:28','2018-01-03 10:43:26',NULL,NULL,NULL,NULL,NULL,'10.15.32.218','Fiqri Tanza','1020184119931101201605126',1),
(177,'indra.anggapermana@gmail.com','9f962a6252510681589bacb94886a1b3c3d7fe188dcb5e6e47f5077738386a00','indra angga permana',0,'2021-06-30 15:27:01','2021-06-30 15:35:42','2018-01-03 10:43:27',NULL,NULL,NULL,NULL,NULL,'10.15.32.218','Indra Angga P','1020184119930607201605127',1),
(178,'linggawannahari@gmail.com','145c1a88ccbbc4b6373df9942ef618fe0822b2e3b5898c2b72945c2946838d83','linggawannahari',0,'2021-06-30 12:00:25','2021-06-30 12:25:52','2018-01-03 10:43:27',NULL,NULL,NULL,NULL,NULL,'10.15.32.219','Lingga Wannahari S','1020184119940819201605128',1),
(179,'ttommad55@gmail.com','2709bd930153c415777561e7d330c48f5c6315247a214a55fc4b6a78313dca52','mastomi',0,'2021-06-30 14:49:23','2021-06-30 15:48:56','2018-01-03 10:43:27',NULL,NULL,NULL,NULL,NULL,'10.15.32.219','Mastomi','1020184119911018201605129',1),
(180,'default@mail.com','5aff59b5d0d4212812ebbfdf91247dc1090e0df49d026daede67d1431dbdde7d','nurulhidayati',0,'2021-07-04 13:32:21','2021-07-04 13:34:59','2018-01-03 10:43:27',NULL,NULL,NULL,NULL,NULL,'10.15.32.218','Nurul Hidayati','1020184119871106201605130',1),
(181,'default@mail.com','4a5d681deaeb017955394890d4a032cec8614e566513d1a0a658c458aab97d37','PUJITRIUTAMI',0,'2021-07-06 13:59:11','2021-07-06 14:01:41','2018-01-03 10:43:27',NULL,NULL,NULL,NULL,NULL,'10.15.32.218','Puji Tri Utami','1020184119930226201605131',1),
(182,'default@mail.com','70aa67321b53b34522a3c362b61ab201b6365b857443012ce0cade0e0db1be16','Riska Anggraini',0,'2021-07-04 21:18:50','2021-07-04 21:22:55','2018-01-03 10:43:27',NULL,NULL,NULL,NULL,NULL,'10.15.32.218','Riska Anggraini','1020184119901128201605132',1),
(183,'pushchubz@gmail.com','3518c90988c74911d57c7fbb5a549ede5b53acea38b09f44e018430ff2bd3d0c','bilbar',0,'2021-07-05 14:01:11','2021-07-05 14:07:46','2018-01-03 10:43:27',NULL,NULL,NULL,NULL,NULL,'10.15.32.218','Sri Puspa','1020184119860808201605133',1),
(184,'wahyusaputra315@gmail.com','50276131c829264435079d1d70151fe5c9f0fad9f999a0a00a0c8654b5e3cad4','wahyusky',0,'2021-06-30 01:35:14','2021-06-30 01:51:55','2018-01-03 10:43:27',NULL,NULL,NULL,NULL,NULL,'10.15.32.219','Wahyu Saputro','1020184119880124201605134',1),
(185,'default@mail.com','ef27b4f95bac8cdacb01bd98f67bccfdd6e03ca2322cf310204c99756fbb14ff','pejuanghalal90',0,'2021-06-30 16:58:37','2021-06-30 16:59:47','2018-01-03 10:43:27',NULL,NULL,NULL,NULL,NULL,'10.15.32.218','Ahmad Pauzi','1020184119900302201705147',1),
(186,'default@mail.com','524fa23e9ffeee4f4ad9fc9a0638356f6542d640e25b533405d075929f41b9ad','elfitrianti',0,'2021-07-01 11:38:26','2021-07-01 11:51:51','2018-01-03 10:43:28',NULL,NULL,NULL,NULL,NULL,'10.15.32.219','Elfitrianti','1020184119840805201510083',1),
(187,'default@mail.com','a65736435dc394371090169570fafd65cd1c8319e7a0141d01bf059fdc9a2425','Siti Rihanah',0,'2021-06-30 10:31:25','2021-06-30 10:41:04','2018-01-03 10:43:28',NULL,NULL,NULL,NULL,NULL,'10.15.32.219','Siti Rihanah','1020184119931028201707153',1),
(188,'teresimbolon3@gmail.com','20ff438113b439065c0047bfe492905560a5d4436d1dd56a856553f006765e6f','theresiakristiani',1,'2018-12-28 15:15:30','2018-12-28 15:24:13','2018-01-03 10:43:28',NULL,NULL,NULL,'',NULL,'125.165.136.39','Theresia Kristiani','1020184119911201201707154',1),
(189,'default@mail.com','f5fa3e469af51c6bed95bf841cb4aa3ed34282fdd39d0e17078844f87c5480ce','1020184119820208201103024',0,'2021-07-02 16:23:09','2021-07-02 16:31:10','2018-01-03 10:43:28',NULL,NULL,NULL,NULL,NULL,'10.15.32.218','Prawita Sari','1020184119820208201103024',0),
(190,'default@mail.com','1fe9771a4950647d5b6a395a26a7589de3c7627a9d0db21c3a3308863a1177df','nurhaeni',0,'2021-07-06 13:37:42','2021-07-06 13:44:14','2018-01-03 10:43:28',NULL,NULL,NULL,NULL,NULL,'10.15.32.219','Nurhaeni','1020184119940525201605135',1),
(191,'haryanti_yayang26@yahoo.co.id','77ca1f95fe5e8584b0788d1433c8e68b43dccbd55380e7abf4d328d2373e6480','haryanti',0,'2021-06-30 14:58:39','2021-06-30 14:59:48','2018-01-03 10:43:28',NULL,NULL,NULL,NULL,NULL,'10.15.32.218','Haryanti','1020184119900922201606136',1),
(192,'default@mail.com','a2bafda8a12a13e2512d701c2bcb84a39bbc1ae3ceb8243668de2a877d64ef0d','dehol',0,'2021-06-30 14:54:57','2021-06-30 15:00:34','2018-01-03 10:43:28',NULL,NULL,NULL,NULL,NULL,'10.15.32.219','Dewi Holistiyani','1020184119930502201707155',1),
(193,'default@mail.com','113e8329095087163486e9536e3720467d3a2fcc04ecbaf962940dde0f2fc367','ARUMHERTIANA',0,'2021-06-27 19:34:10','2021-06-27 19:55:12','2018-01-03 10:43:28',NULL,NULL,NULL,NULL,NULL,'10.15.32.219','Arum Hertiana N','1020184119911204201304042',1),
(194,'default@mail.com','f1c31eb14b9b405318f439588c8cff6861e981b6391c757cc7749b7554fc91be','1020184119900920201304041',1,'2019-08-02 15:22:51','2019-08-02 15:22:51','2018-01-03 10:43:28',NULL,NULL,NULL,'',NULL,'125.160.255.215','Atik Wulandari','1020184119900920201304041',0),
(195,'default@mail.com','0febbb9f90eec8a26c194bd94ed56e0d626aebb1e505a52b567e613192af4986','diniarmita',1,'2020-05-28 14:58:26','2020-05-28 14:58:32','2018-01-03 10:43:28',NULL,NULL,NULL,'',NULL,'10.15.32.218','Dini Armita Hasibuan','1020184119870914201304051',1),
(196,'dwioktapiana@gmail.com','0e76c941423c27ead5065c208b8376b6603786f5c31f131236d5ddd947faa058','dwioktapiana23',0,'2021-07-06 12:33:25','2021-07-06 12:36:13','2018-01-03 10:43:29',NULL,NULL,NULL,NULL,NULL,'10.15.32.218','Dwi Oktapiana','1020184119921023201510084',1),
(197,'default@mail.com','0ae0f3f66b0fcc08808ff7b35a60555575a787bb3c727b6154b52f5fd8706614','Dyan Prafitasari',0,'2021-07-06 13:28:21','2021-07-06 13:37:24','2018-01-03 10:43:29',NULL,NULL,NULL,NULL,NULL,'10.15.32.218','Dyan Prafitasari','1020184119900425201304050',1),
(198,'default@mail.com','cc2df5cd40330ba074f5b9e930dba925bc579be49cb6c27a4cc837fb781072a7','1020184119910219201510085',0,'2021-06-26 16:13:27','2021-06-26 20:13:57','2018-01-03 10:43:29',NULL,NULL,NULL,NULL,NULL,'10.15.32.218','Febri Yulianti','1020184119910219201510085',0),
(199,'default@mail.com','fc121aa210bd0885f7adcf3021bd7311657a5fb7e5f56952cde8b886d9273e74','furiwidya05',0,'2021-07-01 15:40:35','2021-07-01 16:02:49','2018-01-03 10:43:29',NULL,NULL,NULL,NULL,NULL,'10.15.32.218','Furi Widyaningsih','1020184119930205201510086',1),
(200,'Nitavab@mail.com','5eaaeceeb45c82708fd02806be0afd642411803ddf70977e729d9247435a4a72','hernita27',0,'2021-06-30 12:54:19','2021-06-30 12:57:50','2018-01-03 10:43:29',NULL,NULL,NULL,NULL,NULL,'10.15.32.218','Hernita','1020184119820827200601006',1),
(201,'default@mail.com','6f92183992068b6719c159e5e0380dd577cf0c8bca45247004347062638529bf','1020184119920522201510087',0,'2021-06-29 14:17:02','2021-06-29 14:32:14','2018-01-03 10:43:29',NULL,NULL,NULL,NULL,NULL,'10.15.32.219','Intan Nur Kholifah','1020184119920522201510087',0),
(202,'default@mail.com','9fb3db5324d2a36593d314224e5d7ca3a5ae0d19db2e6a6fbebe155c029fd715','Kiki Apriani',0,'2021-06-29 14:36:01','2021-06-29 15:10:57','2018-01-03 10:43:29',NULL,NULL,NULL,NULL,NULL,'10.15.32.219','Kiki Apriani','1020184119940422201510088',1),
(203,'default@mail.com','299478c98a753ce0c7732ee05988ced131d46bc0514ef60747d90be38bf5109e','1020184119730410200905013',0,'2021-06-21 13:37:24','2021-06-21 14:41:42','2018-01-03 10:43:29',NULL,NULL,NULL,NULL,NULL,'10.15.32.218','Laelatul Hasanah','1020184119730410200905013',0),
(204,'default@mail.com','359498244a6320463e394d24e2cd2befd22fc599cd0e47650b8c7bcfc3aef5ef','Mega',0,'2021-06-30 14:46:58','2021-06-30 15:57:46','2018-01-03 10:43:29',NULL,NULL,NULL,NULL,NULL,'10.15.32.218','Mega Pertiwi','1020184119920802201510089',1),
(205,'default@mail.com','636f45af05c7378552aaa315ceffccb93b468936ea8ad9d908aca245163cb469','1020184119910517201510090',0,'2021-06-30 19:56:44','2021-06-30 22:25:49','2018-01-03 10:43:29',NULL,NULL,NULL,NULL,NULL,'10.15.32.219','Meiriza Andarwati','1020184119910517201510090',0),
(206,'default@mail.com','3aee2285f7c9834d21336bf1e6c7e1936cac3be9cf8d4090c146e853daf18c55','muainafirdaus',0,'2021-06-23 13:04:36','2021-06-23 13:38:37','2018-01-03 10:43:30',NULL,NULL,NULL,NULL,NULL,'10.15.32.219','Muaina Firdaus','1020184119810616201103023',1),
(207,'default@mail.com','e57b2d84b330c565fe230461b35bf7f23c5c60a7d76661426c0b729b8ffa890e','1020184119911213201510091',0,'2021-06-11 08:51:56','2021-06-11 08:56:43','2018-01-03 10:43:30',NULL,NULL,NULL,NULL,NULL,'10.15.32.219','Natalia Feranika Sirait','1020184119911213201510091',0),
(208,'default@mail.com','6b03e84a723099ebd8590062a01985eb66acd3c36a0d8782e91c1102d31b4da6','NIKEN',0,'2021-06-30 07:21:49','2021-06-30 07:35:11','2018-01-03 10:43:30',NULL,NULL,NULL,NULL,NULL,'10.15.32.218','Niken Yunita','1020184119850626201011019',0),
(209,'default@mail.com','80ee25cddf4bb8b68f79b988cb89166247520e18cd4f91c194232b2b7c2a697c','1020184119860523201510092',0,'2021-06-30 23:08:23','2021-07-01 00:23:24','2018-01-03 10:43:30',NULL,NULL,NULL,NULL,NULL,'10.15.32.219','Ninik Suyanti','1020184119860523201510092',0),
(210,'novikasari.ns@gmail.com','54c0de8c52d6499fca7125bff6ca8a95bacfdb4aa7e108a642878b63fa0e63f9','vika',0,'2021-07-04 12:41:36','2021-07-04 12:41:45','2018-01-03 10:43:30',NULL,NULL,NULL,NULL,NULL,'10.15.32.219','Novika Sari','1020184119921123201510093',1),
(211,'anjani.baitul@gmail.com','581d1ac655f7caa76cf69742932da8ed633389432f96f7b710f532c82f995f56','nuranjanibaitul22romadona',1,'2018-12-31 14:43:18','2018-12-31 15:31:47','2018-01-03 10:43:30',NULL,NULL,NULL,'',NULL,'125.165.136.39','Nuranjani Baitul Romadona','1020184119940222201510094',1),
(212,'default@mail.com','9a289f087c28d1795376254b42e1353f51edfecdeceb0a56f3accc6ff484ca23','RATI SANDI SAPUTRA',0,'2021-06-29 11:36:27','2021-06-29 12:07:13','2018-01-03 10:43:30',NULL,NULL,NULL,NULL,NULL,'10.15.32.218','Rati Sandi Saputra','1020184119820315200811012',1),
(213,'default@mail.com','4283dfacdab50e10b3b87de2427e836cbe1528485a60f6e50c014dea33f3d6d7','rissadyne',0,'2021-07-05 19:13:30','2021-07-05 19:18:20','2018-01-03 10:43:30',NULL,NULL,NULL,NULL,NULL,'10.15.32.218','Rissa Dyne Wardhani','1020184119900915201510095',1),
(214,'default@mail.com','71c452782a98e7875ca43ff57121f249cccec70a3ecaa00b41fdc770298c3d7b','1020184119851205201104027',0,'2021-07-03 18:30:44','2021-07-03 18:38:13','2018-01-03 10:43:30',NULL,NULL,NULL,NULL,NULL,'10.15.32.218','Ronika Natalie Saragi','1020184119851205201104027',0),
(215,'linsamanalu@gmail.com','8c6991f0692480483ea1af11cdd8c77e77c037c2e60109eb698a748eb4439482','linsamanalu',0,'2021-07-03 13:45:20','2021-07-03 13:45:26','2018-01-03 10:43:31',NULL,NULL,NULL,NULL,NULL,'10.15.32.218','Sariana Rolinsana Manalu','1020184119880910201304049',1),
(216,'default@mail.com','57bafe1f88a61a5447f73268eb60c47ff6e0b2b0691a4380668e8847d96c419d','shellavirginia',0,'2021-06-30 17:53:48','2021-06-30 21:00:43','2018-01-03 10:43:31',NULL,NULL,NULL,NULL,NULL,'10.15.32.219','Shella Virginia','1020184119930501201510096',1),
(217,'tri.isnani04@gmail.com','196a5d647e6b5e222af8d116a2db8214cae63e7af08aa034c599a4a0af8a6b36','Tri Isnani',0,'2021-07-01 11:43:47','2021-07-01 11:51:12','2018-01-03 10:43:31',NULL,NULL,NULL,NULL,NULL,'10.15.32.218','Tri Isnani','1020184119800204200704009',1),
(218,'default@mail.com','289c329a84b3c3a1f7c51ca4a98fabb26fdcd3eaaf36d298405d94c16b97ba42','1020184119890125201304040',0,'2021-06-30 15:21:14','2021-06-30 15:58:13','2018-01-03 10:43:31',NULL,NULL,NULL,NULL,NULL,'10.15.32.219','Wahyu Tri Wulandari','1020184119890125201304040',0),
(219,'windyhendriani.wh@gmail.com','fb74774e7519ef175739faf0d385951fd98175efe832ce248e1fe045e98a5e19','1020184119840215200705008',0,'2021-07-01 10:09:06','2021-07-01 10:47:45','2018-01-03 10:43:31',NULL,NULL,NULL,NULL,NULL,'10.15.32.219','Windy Hendriani','1020184119840215200705008',0),
(220,'default@mail.com','7fcd41b433915afdcc5566b2cf07bdef197b68c7f40cf9f4df63c9cdadc88645','winnapuspita4290',0,'2021-07-01 09:01:43','2021-07-01 11:57:34','2018-01-03 10:43:31',NULL,NULL,NULL,NULL,NULL,'10.15.32.218','Winna Puspitasariningrum','1020184119900204201510097',1),
(221,'default@mail.com','1b46a90b5fa7c8aafccae0392f74b6d0574bfff15713ebed49a4cd4c9840157e','wiwit2',0,'2021-05-31 12:44:39','2021-05-31 12:50:22','2018-01-03 10:43:31',NULL,NULL,NULL,NULL,NULL,'10.15.32.218','Wiwit Rahayu','1020184119840914201103022',1),
(222,'default@mail.com','aae980825573a03e27bb5e7012a7f889bdc1b025413deacff45c98b2442368ec','yari',0,'2021-06-29 07:51:30','2021-06-29 08:21:01','2018-01-03 10:43:31',NULL,NULL,NULL,NULL,NULL,'10.15.32.218','Yari Suni Fauziah','1020184119910121201510098',1),
(223,'default@mail.com','06c7648970735aa6455c8fc76794573706845d19d8932cba2200f0d25ec49697','Yuli Rini',0,'2021-06-30 15:46:13','2021-06-30 16:04:21','2018-01-03 10:43:31',NULL,NULL,NULL,NULL,NULL,'10.15.32.218','Yuli Rini','1020184119770717201304048',1),
(224,'default@mail.com','1c78adeda79432a64658ac702740d985506e9db1fb1aea29ea36eb173258198f','1020184119910411201605137',0,'2021-06-30 22:54:19','2021-06-30 23:19:34','2018-01-03 10:43:32',NULL,NULL,NULL,NULL,NULL,'10.15.32.218','Misrah Kiranawati','1020184119910411201605137',0),
(225,'default@mail.com','b0474cfecff1c75c85750949f9232989bc748a9355051083480542e2cee7d570','1993',0,'2021-07-01 12:58:48','2021-07-01 13:09:03','2018-01-03 10:43:32',NULL,NULL,NULL,NULL,NULL,'10.15.32.219','Nurry Oktaviyana','1020184119931007201605138',1),
(226,'srishantiwahyuni94@gmail.com','aa8d45418076822c964ca48f2a69f69cf1b96ecda935662461abacbf8fccbdd6','srishantiw',1,'2020-05-30 20:02:48','2020-05-30 20:40:11','2018-01-03 10:43:32',NULL,NULL,NULL,'',NULL,'10.15.32.219','Sri Shanti Wahyuni','1020184119940907201708159',1),
(227,'default@mail.com','17c5b6263fe5428724448c4db64400071decd55457d1343dd658fea0a957edf6','1020184119950102201712161',1,'2019-01-01 13:54:15','2019-01-01 18:16:04','2018-01-03 10:43:32',NULL,NULL,NULL,'',NULL,'120.188.78.233','Elyana Agatia','1020184119950102201712161',0),
(228,'larasati.wj@gmail.com','966f234504037bff957ff1357c005e8096e6db893898642afbfe5db25f58db0c','larasatiwj',0,'2021-07-01 09:31:45','2021-07-01 09:33:40','2018-01-03 10:43:32',NULL,NULL,NULL,NULL,NULL,'10.15.32.218','Larasati Wijayanti','1020184119941014201712162',1),
(229,'default@mail.com','0f4b2a0f168972f2590a973d1e42277fe38b3f0bb991eb4035f46fa2b7ca3b52','nurinalistyap96',0,'2021-07-01 21:01:17','2021-07-01 22:39:10','2018-01-03 10:43:32',NULL,NULL,NULL,NULL,NULL,'10.15.32.219','Nurina Listya Paramitha','1020184119960903201712163',1),
(230,'nurma.tyani.cunha@gmail.com','9bead79abe34547ae7b5b6d08918c0224ba87cbe0b80fdaed330e6f2f9c0287e','Nurma tyani cunha',0,'2021-06-30 13:03:13','2021-06-30 13:21:00','2018-01-03 10:43:32',NULL,NULL,NULL,NULL,NULL,'10.15.32.219','Nurma Sulistyani','1020184119911126201303037',1),
(231,'default@mail.com','1c02add82e2aed678a13ab02a2d2707370b6761f69f27f094d324b4f666d5b55','farida',0,'2021-06-30 14:10:38','2021-06-30 14:14:05','2018-01-03 10:43:32',NULL,NULL,NULL,NULL,NULL,'10.15.32.219','Ai Faridatunnisa','1020184119830404201605139',1),
(232,'ayufatonah14@gmail.com','4c0ab8434529b66d5970f955caf1ee54d08f94dae90b03f85b3863c6737ee0f0','ayufatonah',0,'2021-07-05 12:14:35','2021-07-05 12:26:14','2018-01-03 10:43:32',NULL,NULL,NULL,NULL,NULL,'10.15.32.218','Ayu Fatonah','1020184119940714201605140',1),
(233,'default@mail.com','f03a101ab32e013ae6835056df5123a75a21198a871ba94c65fcc7a9a215e322','nisa',0,'2021-06-29 07:49:37','2021-06-29 07:54:49','2018-01-03 10:43:33',NULL,NULL,NULL,NULL,NULL,'10.15.32.219','Khoirunnisa Eka Novitasari','1020184119921113201605141',1),
(234,'misrysusantrym@yahoo.com','e10b871bbc0020d69dd7b41a0d0e6f49954303c48c6564199f40a1f7e1df33bf','misrymarpaung',0,'2021-07-01 11:21:41','2021-07-01 11:23:01','2018-01-03 10:43:33',NULL,NULL,NULL,NULL,NULL,'10.15.32.219','Misry Susanty Marpaung','1020184119870326201605142',1),
(235,'default@mail.com','4e7bccd6ad93da9d7c8ab72c22393ce93f32dd2496a77cc9117592d227d15ce3','trisukmaningrum',0,'2021-04-26 07:56:11','2021-04-26 07:56:37','2018-01-03 10:43:33',NULL,NULL,NULL,NULL,NULL,'10.15.32.219','Tri Sukmaningrum','1020184119930205201712164',1),
(236,'myozehn@gmail.com','da3f69803d0511b9f3256b37cd150594e84692869aa5b21f70390bea348af53d','adnan',0,'2021-07-07 08:18:50','2021-07-07 08:19:20','2018-01-03 10:43:33',NULL,NULL,NULL,NULL,NULL,'10.15.32.218','Adnan Rachman','1020184119940704201708156',1),
(237,'default@mail.com','fcecd073cbf72aaadb781868684dbe3705e69a84da937fd17e127163c2e35490','Radita',0,'2021-06-30 14:20:12','2021-06-30 14:51:54','2018-01-03 10:43:33',NULL,NULL,NULL,NULL,NULL,'10.15.32.219','Radita','1020184119950726201708157',1),
(238,'risyanurrizky4@gmail.com','4e2690149110628e642a365beb84a1e4f24ecd7f5b7014a7020eafc315ab1323','risya.caca',0,'2021-07-06 08:06:15','2021-07-06 08:23:24','2018-01-03 10:43:33',NULL,NULL,NULL,NULL,NULL,'10.15.32.219','Risya Nurrizky','1020184119940824201708158',1),
(239,'inibudi458@gmail.com','cd2f3eef7ecfd44f7d49b83f68779bf1f5c3f85c2fc4c1171b9f93a430163e61','budi',0,'2021-06-30 19:31:36','2021-06-30 19:45:31','2018-01-03 10:43:33',NULL,NULL,NULL,NULL,NULL,'10.15.32.219','Budi Hartanto','1020184119930113201605143',1),
(240,'santirosmiyati29@gmail.com','81b33f26e9fd0026ea711cbe92f80bc0dfd4c4b44725e9f76977e75f5011b4c0','Santi R',0,'2021-06-30 13:26:18','2021-06-30 13:29:52','2018-01-03 10:43:33',NULL,NULL,NULL,NULL,NULL,'10.15.32.219','Santi Rosmiyati','1020184119911029201403061',1),
(241,'dimaswirawan@gmail.com','ffe18f89dde33e4e2ac353bfb574207960c702b1334777dc5f1b7f031e8f6a16','dimaswirawan',0,'2020-07-30 16:53:26','2020-07-30 16:57:15','2018-01-31 13:25:55',NULL,NULL,NULL,NULL,NULL,'10.15.32.218','Dimas Wirawan Wicaksono','1020184119910919201801165',1),
(242,'rahayu@gmail.com','be0bd3725fd9aac0731cf7c27e863c2a1ef100a4e2fe060737fea1efb42fb28b','rahayuafiah',1,'2020-01-21 08:33:04','2020-01-21 08:33:16','2018-01-31 13:28:27',NULL,NULL,NULL,'',NULL,'10.15.32.218','Rahayu Afiah Surur','1020184119901227201801166',1),
(244,'arifnurmansyah59@yahoo.com','6731e028851256448d7c66a78914eb6e5d37e304ef1b59ede592d570379c0ce1','1020184119900623201802167',0,'2021-07-06 13:01:05','2021-07-06 13:01:05','2018-02-26 11:05:27',NULL,NULL,NULL,NULL,NULL,'10.15.32.219','Arif Nurmansyah','1020184119900623201802167',0),
(245,'default@mail.com','1e225b7d9f1d17f0d9170c1bd9e3bc9882267a9f5e92015cdf6c0418ef81ef41','1020184119950719201804168',0,'2020-09-30 19:40:01','2020-09-30 19:45:22','2018-04-20 10:59:54',NULL,NULL,NULL,NULL,NULL,'10.15.32.219','Fani Yonanda','1020184119950719201804168',0),
(246,'default@mail.com','e585f71683e7173a47401d129443a9fc313fdaa918c590f01c55f98f73440bd9','febrifitri',0,'2021-07-01 14:36:52','2021-07-01 14:36:53','2018-04-20 11:06:08',NULL,NULL,NULL,NULL,NULL,'10.15.32.219','Febri Fitriyanti','1020184119960221201804169',1),
(247,'irma.agustina17@gmail.com','1b0b389545aa002600c95211b849aea1d40eaf32ff86d40ff1abdbb541a594aa','irmaagustina',0,'2021-03-22 18:53:41','2021-03-22 18:53:50','2018-04-20 11:56:01',NULL,NULL,NULL,NULL,NULL,'10.15.32.219','Irma Agustina','1020184119940817201804170',1),
(248,'default@mail.com','bed961967011568a2e456ff30e7112419b7963abfdd512b2728ffa65e529070b','zumanis',0,'2021-07-03 19:19:32','2021-07-03 20:12:54','2018-04-20 11:57:48',NULL,NULL,NULL,NULL,NULL,'10.15.32.218','Eka Nurrizqi Zulfandiary','1020184119950606201804171',0),
(249,'earlene_88@yahoo.com','8a060c37e904944baa8aec51b569a14c0fe505c04e7663c57f4bf907c1418d5c','earlene',0,'2021-07-06 08:42:52','2021-07-06 09:00:27','2018-04-20 12:00:14',NULL,NULL,NULL,NULL,NULL,'10.15.32.219','Earlene','1020184119881019201804172',1),
(250,'fiqripuji@gmail.com','12f963ffdbd016647595a0ac9f9f8ef7ac000c6f73f8caeb337f57e9d2818e04','Tomo',0,'2021-06-29 19:59:27','2021-06-29 19:59:56','2018-04-20 12:01:21',NULL,NULL,NULL,NULL,NULL,'10.15.32.218','Fiqri Puji Utomo','1020184119960222201804173',1),
(251,'fatifatika8@gmail.com','8874b08c65514b3ba623981e27384206ca4c7901bcb1677fced83729d16a75ac','NurainiFatika',0,'2021-06-28 10:56:47','2021-06-28 11:22:48','2018-04-20 12:07:01',NULL,NULL,NULL,NULL,NULL,'10.15.32.219','Fatika Indah Nuraini','1020184119960731201804174',1),
(252,'default@mail.com','0120228ad4eaa1891eaa424122c4d34f00bbc773f683aa866fe414e0495f621c','thiara',0,'2021-06-24 06:36:36','2021-06-24 06:54:23','2018-04-20 12:08:23',NULL,NULL,NULL,NULL,NULL,'10.15.32.219','Thiara Yoestiti','1020184119930304201804175',1),
(253,'default@mail.com','91b0b8cff980c936729c42e48ecc30c806366ff985b29886b9ed2d80ca24ad4a','Kartikaasd',0,'2021-07-04 12:13:08','2021-07-04 12:25:49','2018-04-20 12:10:20',NULL,NULL,NULL,NULL,NULL,'10.15.32.219','Kartika Sita Dewi','1020184119960529201804176',1),
(254,'ekatiwiiw@gmail.com','11ead8b9609143db41c53f41de5ad9df30769c53b976a53381a7691f8a668840','Ayuditya',0,'2021-06-25 07:33:48','2021-06-25 07:37:17','2018-04-20 12:11:40',NULL,NULL,NULL,NULL,NULL,'10.15.32.218','Ayu Ditya Ekawati','1020184119960923201804177',1),
(255,'default@mail.com','ff89d2ce66dbf14b3be2f49dcbc1c83610c6f925230c6e3e608a9532a40062d2','1020184119960222201804178',0,'2021-07-02 08:36:38','2021-07-02 09:39:04','2018-04-20 12:12:54',NULL,NULL,NULL,NULL,NULL,'10.15.32.218','Khantsa Rabbani Akbar','1020184119960222201804178',0),
(256,'dessy.indah11@ymail.com','f6bef850451753e22307d3b34515f3afc38a65d021561ea3761105a5c192e28b','dessyip',0,'2021-06-28 16:51:47','2021-06-28 17:29:31','2018-04-20 12:14:00',NULL,NULL,NULL,NULL,NULL,'10.15.32.219','Dessy Indah Pratiwi','1020184119941211201804179',1),
(257,'ojiknasron@ymail.com','5b41d69011e19e149b3691cd7098c617ec1911140a932a81770c7dac3c38fc41','fakhrurrozy nasron',0,'2021-06-30 14:54:58','2021-06-30 15:46:45','2018-04-20 12:19:28',NULL,NULL,NULL,NULL,NULL,'10.15.32.219','Fakhrurrozy Nasron','1020184119920503201804180',1),
(258,'dheararara@gmail.com','1df13ad6a0a6831389e4a572faae5aba18c116b1e6dc81c2eba7c3d5d9fb3321','dhea',0,'2021-07-02 14:23:22','2021-07-02 14:32:28','2018-04-20 12:20:29',NULL,NULL,NULL,NULL,NULL,'10.15.32.218','Dhea Rachmawati','1020184119920127201804181',1),
(259,'ziaulhag@yahoo.com','71a47aa6d2012b071bb05c447b02f75f1329041bc6de98e013895d6ee2f71930','zia ulhag',0,'2021-06-24 07:51:04','2021-06-24 07:53:13','2018-04-20 12:22:25',NULL,NULL,NULL,NULL,NULL,'10.15.32.219','Zia Ulhag','1020184119910204201804182',1),
(260,'default@mail.com','a1eb2c88222797aaafedda8901e26e0d7b29bf23359afc9ef166ac4f2e134a53','1020184119780620201804183',0,'2021-07-06 13:19:11','2021-07-06 13:26:43','2018-04-20 12:23:21',NULL,NULL,NULL,NULL,NULL,'10.15.32.218','Erni','1020184119780620201804183',0),
(261,'default@mail.com','0aad97c0ab16799aab2a3fdfbbf2a398d9838ca7adaa4fa0d5d29d9b93988c82','dewi',0,'2021-06-30 14:26:44','2021-06-30 16:01:58','2018-04-20 12:25:17',NULL,NULL,NULL,NULL,NULL,'10.15.32.219','Dewi Rachmawati','1020184119960626201804184',1),
(262,'asriparamythas@gmail.com','77dc20c1fb98ce9ede5e3775b79e696bcb8da1c6b084cda2fc2277bf9ec29437','asri paramytha',0,'2021-06-30 22:03:59','2021-06-30 22:05:32','2018-05-23 13:08:37',NULL,NULL,NULL,NULL,NULL,'10.15.32.218','Asri Paramytha Supriyandini','1020184119921124201805186',1),
(263,'default@mail.com','a9cc1c11f7abf91291e14160e9256028a4734dab6b240d63a222274092a29523','1020184119950815201805187',0,'2021-04-30 10:52:42','2021-04-30 10:52:49','2018-05-23 13:10:13',NULL,NULL,NULL,NULL,NULL,'10.15.32.218','Nailatul Fadila','1020184119950815201805187',0),
(264,'zu.raya@yahoo.com','d3d3a139381e49f7d669a96a833077275338b1b120bee39e0533f01fddacae9f','ayuzuraya',0,'2021-07-04 17:46:09','2021-07-04 17:52:35','2018-05-23 13:11:13',NULL,NULL,NULL,NULL,NULL,'10.15.32.218','Ayu Zuraya','1020184119920616201805185',1),
(265,'renggaprima.r27@gmail.com','2f4134263c0504a71d21542f670753c7af0b67c58a7abf46a6b5ad561cff4905','Rengga Prima Rachim',0,'2021-01-12 13:44:33','2021-01-12 13:46:24','2018-05-23 13:12:12',NULL,NULL,NULL,NULL,NULL,'10.15.32.218','Rengga Prima Rachim','1020184119930627201805188',1),
(266,'default@mail.com','267f6fc034df7eed8f0671ab9e3921107064487e90775f11569ec10090b189c4','kety hasanah',0,'2021-06-30 18:56:31','2021-06-30 19:21:03','2018-05-23 13:13:24',NULL,NULL,NULL,NULL,NULL,'10.15.32.218','Kety Hasanah','1020184119911025201805189',1),
(267,'default@mail.com','d437b0bdfe458158878720814ca739bdbf1c3c3ec42435508f765b7f5361a280','Merry Veronika',0,'2021-07-05 12:23:37','2021-07-05 12:27:59','2018-06-25 08:05:37',NULL,NULL,NULL,'',NULL,'10.15.32.219','Merry Panggabean','1020184119940522201806190',1),
(268,'ari_schatz@yahoo.com','3833a1606df51f31c8fab4b1a7337766bdb2c04cc39ef6e1020043439e5047b6','Arlong',0,'2021-06-30 06:58:26','2021-06-30 07:50:11','2018-06-25 08:12:20',NULL,NULL,NULL,NULL,NULL,'10.15.32.219','Muhammad Ari Wibowo','1020184119870226201806191',1),
(269,'rentygupitarg@gmail.com','db04afe51a3b6f6cc87c6ef7a2508df8143a80e7401c7cb3743d6675b91245ae','rentygupita',0,'2021-07-01 15:24:50','2021-07-01 15:31:38','2018-06-25 08:17:32',NULL,NULL,NULL,NULL,NULL,'10.15.32.218','Renti Nurma Gupita','1020184119900903201806192',1),
(270,'nurmalanita2204@gmail.com','73c9d0c7a0be27a4cba374fa02c778a51cdeca2914c1faf96ab71d312db6b509','nita nurmala',0,'2021-07-05 13:46:59','2021-07-05 14:09:15','2018-08-27 08:40:51',NULL,NULL,NULL,NULL,NULL,'10.15.32.218','Nita Nurmala','1020184119920225201808193',1),
(271,'lailihayati26@gmail.com','eedb06ae555071b00370bf4068c0ae0c5434ee387a2d8ed3809293606522358c','lailihayati',0,'2021-02-05 08:33:36','2021-02-05 09:00:25','2018-08-27 08:41:59',NULL,NULL,NULL,NULL,NULL,'10.15.32.218','Laili Hayati','1020184119950708201808194',1),
(272,'default@mail.com','a808d6ac17f33617746454ac08fe950d598ee1e35f0c88bf2a188584aaaed70b','197407072014081002',0,'2019-09-19 10:02:40','2019-09-19 10:03:59','2019-01-21 08:52:49',NULL,NULL,NULL,NULL,NULL,'110.138.85.245','Al Ashar','197407072014081002',0),
(273,'default@mail.com','93895caac050d5b9601591f5daa9188bcfcedd55a6898f8c75378eeb6211e4d1','196111061988022001',0,'2021-07-06 11:19:25','2021-07-06 11:25:16','2019-01-21 08:56:19',NULL,NULL,NULL,NULL,NULL,'10.15.32.219','dr. Angliana Dianawati','196111061988022001',0),
(274,'diegomaradona244@gmail.com','13887151559af21781519a0dc9999bce7822592df363486c8d12389099856b22','diegomaradona',0,'2021-07-06 07:59:48','2021-07-06 08:21:54','2019-02-07 08:22:04',NULL,NULL,NULL,NULL,NULL,'10.15.32.219','MARADONA','1020184119860626201901195',1),
(275,'melindanzaniputri@yahoo.com','146dab88d2dd6601c969045f20ed8cc93d5abae4531280373a88c853c74f7b12','melinda anzani putri',0,'2021-06-30 17:51:07','2021-06-30 17:53:53','2019-02-25 08:25:53',NULL,NULL,NULL,NULL,NULL,'10.15.32.218','Melinda Anzani Putri','1020184119930526201902196',1),
(276,'oktavia112129@gmail.com','d526c4926bc0bd0880fe6209f7e859fd68b469a52c2750a376745e1acdea15a1','OktaviaR',0,'2021-07-01 21:05:15','2021-07-01 22:21:53','2019-02-25 08:57:05',NULL,NULL,NULL,NULL,NULL,'10.15.32.219','Oktavia Rianti','1020184119951029201902197',1),
(277,'chaerunisamaulidantika@gmail.com','d3655d6fedc2ff395b00bb78bbc7618405a931474fd4fad04063c98a42597df5','1020184119950803201903198',0,'2021-06-30 14:36:49','2021-06-30 14:41:35','2019-03-14 14:08:27',NULL,NULL,NULL,NULL,NULL,'10.15.32.218','Chaerunisa','1020184119950803201903198',0),
(278,'example@mail.com','c7a2e7120bf87b7d77fb58db49e75d1011cb38ac26374dd3f03797e8e8d8817f','karmeliadr',0,'2021-07-05 12:58:09','2021-07-05 12:58:28','2019-04-15 08:14:02',NULL,NULL,NULL,NULL,NULL,'10.15.32.219','Karmelia Desiliyani Rusch','1020184119930102201904200',1),
(279,'default@mail.com','0095cd5b7a5638b2cb8eb7c29d54c633cc1a8985c4b0d8bb4c32d02cf3864ed6','19941104',0,'2021-07-01 08:01:47','2021-07-01 08:22:38','2019-04-15 08:18:19',NULL,NULL,NULL,NULL,NULL,'10.15.32.218','Ihsan Fadhielah Novtayana','1020184119941104201904199',1),
(280,'default@mail.com','5eb6ccd213da580ba32b5dcb2ed0984c4642a635254c75165f0eb4ae79651950','MUHAMMADSYAHRIRAMADHAN',0,'2021-02-09 13:51:27','2021-02-09 13:51:27','2019-04-15 08:20:58',NULL,NULL,NULL,NULL,NULL,'10.15.32.219','Muhammad Syahri Ramadhan','1020184119960213201904201',1),
(281,'default@mail.com','c2f7f4c146e7d394d51699817eef6ab4ccad22e3d892e8259a976badb16ee428','1020184119930604201904202',0,'2021-06-01 22:47:38','2021-06-01 22:50:02','2019-04-15 08:22:13',NULL,NULL,NULL,NULL,NULL,'10.15.32.219','Siti Hajar','1020184119930604201904202',0),
(282,'default@mail.com','20d46965f52468b1240644da886cc8dffc3800fec2493631a152d36ca211bc9c','1020184119940727201904203',0,'2021-07-01 01:31:26','2021-07-01 03:22:58','2019-04-15 08:23:46',NULL,NULL,NULL,NULL,NULL,'10.15.32.219','Tresna Yulianty','1020184119940727201904203',0),
(283,'example@mail.com','fdbfe2dc8705074ec50982ae28791683c3ab4f20352df28ed386e5d8e715aab3','rara ferly desilva',0,'2021-07-01 08:56:37','2021-07-01 09:11:19','2019-05-29 11:47:51',NULL,NULL,NULL,NULL,NULL,'10.15.32.218','Rara Ferly Desilva','1020184119950101201905204',1),
(285,'resty@gmail.com','40e3560c8c862980c39cb5d66008d76d06a73d0273e0384c7282fa7cc665879a','resty',0,'2021-06-30 16:29:14','2021-06-30 16:36:03','2019-10-21 11:19:34',NULL,NULL,NULL,NULL,NULL,'10.15.32.219','Resty Putri Sastika','1020184119921108201910205',1),
(286,'rhezapd@gmail.com','11ad86f44946f74db977cae86b1cbad695bfbde171429168aab55961aef0f707','rhezapd',0,'2021-06-30 13:09:58','2021-06-30 17:14:23','2020-02-11 10:15:41',NULL,NULL,NULL,NULL,NULL,'10.15.32.218','Rheza Pratama Dharmawan','1020184119941109202002206',1),
(287,'setiadyrudy@hotmail.com','feb84eb618beb9376094fc00c653ae076a56928648ade398672e85e631494e53','setiadyrudy',0,'2021-06-30 22:35:23','2021-06-30 23:04:36','2020-02-11 10:28:19',NULL,NULL,NULL,NULL,NULL,'10.15.32.218','Rudy Setiady','1020184119940430202002207',1),
(288,'sofizahranbl@gmail.com','9d965eff78a1a72eaf97146990521a4a7f38ab889c1dbb0b6a1dd2e0e34a03d8','sofiazahra',0,'2021-06-30 22:41:51','2021-07-01 01:16:00','2020-02-11 10:30:30',NULL,NULL,NULL,NULL,NULL,'10.15.32.219','Sofia Zahra Nabila W','1020184119980515202002208',1),
(289,'ayudiazadh@gmail.com','8c35d47040523840233ea71b4e7131ead5aa06315291281d2afc03da4eb5afd4','183446',0,'2021-05-18 09:11:32','2021-05-18 09:11:43','2020-06-08 08:41:20',NULL,NULL,NULL,NULL,NULL,'10.15.32.219','Ayu Diaz Adhiyanti','199112172014032002',1),
(290,'default@mail.com','eec16b14b6c03c8e878de37beef1fdba0de0eac8b2ec120ca04c8dc8c6807fe2','199005282019032011',0,'2020-09-21 08:28:17','2020-09-21 08:28:27','2020-07-23 09:35:16',NULL,NULL,NULL,NULL,NULL,'10.15.32.219','Tri Mustikawati','199005282019032011',NULL),
(291,'default@mail.com','7a66d23b0ab7723b0e5d4b1456639980aed69f1d800a48e691de259814ce5344','199303202019031006',0,NULL,NULL,'2020-07-23 09:37:57',NULL,NULL,NULL,NULL,NULL,NULL,'Yoseph Marlin','199303202019031006',NULL),
(293,'default@mail.com','a152f44a4f2ddbb064de40886e54eae4ab95ef922720aa3b6af927c647e06a17','199011132019032006',0,NULL,NULL,'2020-07-23 09:53:23',NULL,NULL,NULL,NULL,NULL,NULL,'Dewi Ayu Wulandari','199011132019032006',NULL),
(294,'default@mail.com','3eda03bcd97e11ff82321f919e615d7c0bf51ac9f0bf116f013e5df79a35a78b','199105042019031011',0,'2021-03-10 11:41:04','2021-03-10 11:50:39','2020-07-23 09:55:15',NULL,NULL,NULL,NULL,NULL,'10.15.32.219','Nizar Haqiki','199105042019031011',NULL),
(295,'default@mail.com','00d144cde5945e62487f59a844ebab6bd9a29fbfecd04c9cf53b07da793cb667','199509042019032007',0,'2020-12-23 19:48:38','2020-12-23 20:02:46','2020-07-23 09:55:51',NULL,NULL,NULL,NULL,NULL,'10.15.32.219','Anggraini Pangestu Widiasih','199509042019032007',NULL),
(296,'default@mail.com','abe175f194cae8f6c45d30a7be639c3791de041af67e3d4b9d1d1776d08c6c87','199104182019031004',0,'2020-11-16 08:08:48','2020-11-16 08:17:36','2020-07-23 09:56:34',NULL,NULL,NULL,NULL,NULL,'10.15.32.219','Sandi Aprianto','199104182019031004',NULL),
(297,'default@mail.com','5b22e67f430c3a2e684295cb26bf27b51727786a8aafefd36f73d82a9d3a53b1','199308022019032012',0,NULL,NULL,'2020-07-23 09:57:19',NULL,NULL,NULL,NULL,NULL,NULL,'Nila Rosliana','199308022019032012',NULL),
(298,'mail@mail.com','63bdfffa4da8d79e1b340d929e4b31828b47a28b613938146a04eba79093c456','Ali',0,'2021-06-30 14:08:10','2021-06-30 14:18:17','2021-01-06 08:36:59',NULL,NULL,NULL,NULL,NULL,'10.15.32.219','Ali Munsip','1020184119901109201602188',1),
(299,'mail@gmail.com','995edbacbbf22e9930813f519cffedde662dad8a6fda5a70a4dd02928d7cb5e8','12345',0,'2021-01-27 16:34:58','2021-01-27 17:00:32','2021-01-27 15:55:55',NULL,NULL,NULL,NULL,NULL,'10.15.32.219','Dummy','12345',NULL),
(300,'rizalpurnomo@gmail.com','c6318323cc5693ce1f8d220cc9a5030e','rizal',0,'2021-07-15 02:23:59','2021-07-15 02:23:59','2021-07-07 14:58:11',NULL,NULL,NULL,NULL,NULL,'192.168.101.93','Rizal Purnomo','1020184119860919202107210',NULL);

/*Table structure for table `_aauth_userslog` */

DROP TABLE IF EXISTS `_aauth_userslog`;

CREATE TABLE `_aauth_userslog` (
  `log_id` int(11) NOT NULL AUTO_INCREMENT,
  `user_id` int(11) DEFAULT NULL,
  `perms` varchar(200) DEFAULT NULL,
  `dateactivity` timestamp NULL DEFAULT current_timestamp(),
  `page` varchar(500) DEFAULT NULL,
  `comments` text DEFAULT NULL,
  `ipaddr` varchar(100) DEFAULT NULL,
  PRIMARY KEY (`log_id`)
) ENGINE=MyISAM AUTO_INCREMENT=517249 DEFAULT CHARSET=latin1;

/*Data for the table `_aauth_userslog` */

insert  into `_aauth_userslog`(`log_id`,`user_id`,`perms`,`dateactivity`,`page`,`comments`,`ipaddr`) values 
(517225,NULL,'member_login','2021-07-08 10:57:50','http://192.168.101.78/sibening/login/login','Login attempt failed with username : rizal','192.168.101.78'),
(517226,99,'member_login','2021-07-08 11:07:12','http://192.168.101.78/sibening/login/login','Login Success with username : geniouz','192.168.101.78'),
(517227,99,'member_login','2021-07-08 11:17:04','http://192.168.101.78/sibening/login/login','Login Success with username : geniouz','192.168.101.78'),
(517228,99,'member_login','2021-07-08 11:18:56','http://192.168.101.78/sibening/login/login','Login Success with username : geniouz','192.168.101.78'),
(517229,NULL,'member_login','2021-07-08 11:25:03','http://192.168.101.78/sibening/login/login','Login attempt failed with username : riayoppaputrisari','192.168.101.78'),
(517230,98,'member_login','2021-07-08 11:25:30','http://192.168.101.78/sibening/login/login','Login Success with username : ria yoppa putri sari','192.168.101.78'),
(517231,NULL,'member_login','2021-07-08 12:35:29','http://192.168.101.78/sibening/login/login','Login attempt failed with username : rizal','192.168.101.78'),
(517232,NULL,'member_login','2021-07-08 12:35:45','http://192.168.101.78/sibening/login/login','Login attempt failed with username : rizal','192.168.101.78'),
(517233,NULL,'member_login','2021-07-08 12:35:54','http://192.168.101.78/sibening/login/login','Login attempt failed with username : rizal','192.168.101.78'),
(517234,99,'member_login','2021-07-08 12:36:12','http://192.168.101.78/sibening/login/login','Login Success with username : geniouz','192.168.101.78'),
(517235,NULL,'member_login','2021-07-08 12:36:51','http://192.168.101.78/sibening/login/login','Login attempt failed with username : rizal','192.168.101.78'),
(517236,NULL,'member_login','2021-07-08 12:37:54','http://192.168.101.78/sibening/login/login','Login attempt failed with username : rizal','192.168.101.78'),
(517237,NULL,'member_login','2021-07-08 12:39:03','http://192.168.101.78/sibening/login/login','Login attempt failed with username : rizal','192.168.101.78'),
(517238,NULL,'member_login','2021-07-08 12:53:37','http://192.168.101.78/sibening/login/login','Login attempt failed with username : rizal','192.168.101.78'),
(517239,99,'member_login','2021-07-08 12:53:41','http://192.168.101.78/sibening/login/login','Login Success with username : geniouz','192.168.101.78'),
(517240,NULL,'member_login','2021-07-08 12:55:38','http://192.168.101.78/sibening/login/login','Login attempt failed with username : rizal','192.168.101.78'),
(517241,NULL,'member_login','2021-07-08 08:01:25','http://192.168.101.78/sibening/login/login','Login attempt failed with username : rizal','192.168.101.78'),
(517242,99,'member_login','2021-07-08 08:01:32','http://192.168.101.78/sibening/login/login','Login Success with username : geniouz','192.168.101.78'),
(517243,300,'member_login','2021-07-08 08:03:18','http://192.168.101.78/sibening/login/login','Login Success with username : rizal','192.168.101.78'),
(517244,300,'member_login','2021-07-09 02:35:33','http://192.168.101.78/sibening/login/login','Login Success with username : rizal','192.168.101.78'),
(517245,300,'member_login','2021-07-09 02:48:01','http://192.168.101.78/sibening/login/login','Login Success with username : rizal','192.168.101.78'),
(517246,300,'member_login','2021-07-13 06:09:35','http://192.168.101.126/sibening/login/login','Login Success with username : rizal','192.168.101.126'),
(517247,300,'member_login','2021-07-14 02:45:50','http://192.168.101.93/sibening/login/login','Login Success with username : rizal','192.168.101.93'),
(517248,300,'member_login','2021-07-15 02:24:00','http://192.168.101.93/sibening/login/login','Login Success with username : rizal','192.168.101.93');

/*Table structure for table `aksescourse` */

DROP TABLE IF EXISTS `aksescourse`;

CREATE TABLE `aksescourse` (
  `idaksescourse` int(11) NOT NULL AUTO_INCREMENT,
  `idbagian` int(11) DEFAULT NULL,
  `idkategori` int(11) DEFAULT NULL,
  PRIMARY KEY (`idaksescourse`)
) ENGINE=InnoDB AUTO_INCREMENT=6 DEFAULT CHARSET=utf8mb4;

/*Data for the table `aksescourse` */

insert  into `aksescourse`(`idaksescourse`,`idbagian`,`idkategori`) values 
(1,34,9),
(2,34,1),
(3,32,1),
(4,33,1),
(5,35,1);

/*Table structure for table `answer` */

DROP TABLE IF EXISTS `answer`;

CREATE TABLE `answer` (
  `idanswer` int(11) NOT NULL AUTO_INCREMENT,
  `idgetcourse` int(11) DEFAULT NULL,
  `idquestion` int(11) DEFAULT NULL,
  `answer` varchar(10) DEFAULT NULL,
  `key` varchar(10) DEFAULT NULL,
  `benar` varchar(2) DEFAULT NULL,
  PRIMARY KEY (`idanswer`),
  KEY `idgetcourse` (`idgetcourse`),
  CONSTRAINT `answer_ibfk_1` FOREIGN KEY (`idgetcourse`) REFERENCES `getcourse` (`idgetcourse`) ON UPDATE CASCADE
) ENGINE=InnoDB AUTO_INCREMENT=109 DEFAULT CHARSET=utf8mb4;

/*Data for the table `answer` */

insert  into `answer`(`idanswer`,`idgetcourse`,`idquestion`,`answer`,`key`,`benar`) values 
(99,20,18,'A','A','y'),
(100,20,19,'A','A','y'),
(101,20,20,'A','E','n'),
(102,20,21,'A','B','n'),
(103,20,22,'A','D','n'),
(104,20,23,'A','C','n'),
(105,20,24,'A','D','n'),
(106,20,25,'A','E','n'),
(107,20,26,'A','C','n'),
(108,20,27,'A','E','n');

/*Table structure for table `answerpost` */

DROP TABLE IF EXISTS `answerpost`;

CREATE TABLE `answerpost` (
  `idanswerpost` int(11) NOT NULL AUTO_INCREMENT,
  `idgetcourse` int(11) DEFAULT NULL,
  `idquestion` int(11) DEFAULT NULL,
  `answerpost` varchar(10) DEFAULT NULL,
  `key` varchar(10) DEFAULT NULL,
  `benarpost` varchar(2) DEFAULT NULL,
  PRIMARY KEY (`idanswerpost`)
) ENGINE=InnoDB AUTO_INCREMENT=79 DEFAULT CHARSET=utf8mb4;

/*Data for the table `answerpost` */

insert  into `answerpost`(`idanswerpost`,`idgetcourse`,`idquestion`,`answerpost`,`key`,`benarpost`) values 
(69,20,18,'A','A','y'),
(70,20,19,'A','A','y'),
(71,20,20,'E','E','y'),
(72,20,21,'B','B','y'),
(73,20,22,'D','D','y'),
(74,20,23,'C','C','y'),
(75,20,24,'D','D','y'),
(76,20,25,'E','E','y'),
(77,20,26,'C','C','y'),
(78,20,27,'E','E','y');

/*Table structure for table `getcourse` */

DROP TABLE IF EXISTS `getcourse`;

CREATE TABLE `getcourse` (
  `idgetcourse` int(11) NOT NULL AUTO_INCREMENT,
  `datecourse` datetime DEFAULT NULL,
  `idpeserta` int(11) NOT NULL,
  `idcourse` int(11) DEFAULT NULL,
  `flag` varchar(20) DEFAULT NULL,
  PRIMARY KEY (`idgetcourse`),
  KEY `idpeserta` (`idpeserta`),
  KEY `idcourse` (`idcourse`),
  CONSTRAINT `getcourse_ibfk_2` FOREIGN KEY (`idcourse`) REFERENCES `mcourse` (`idcourse`) ON UPDATE CASCADE
) ENGINE=InnoDB AUTO_INCREMENT=23 DEFAULT CHARSET=utf8mb4;

/*Data for the table `getcourse` */

insert  into `getcourse`(`idgetcourse`,`datecourse`,`idpeserta`,`idcourse`,`flag`) values 
(20,'2021-07-08 03:03:40',1,6,'finish'),
(21,'2021-07-08 06:09:54',2,6,'pre'),
(22,'2021-07-08 06:26:07',5,6,'pre');

/*Table structure for table `mbagian` */

DROP TABLE IF EXISTS `mbagian`;

CREATE TABLE `mbagian` (
  `bagian_id` int(11) NOT NULL AUTO_INCREMENT,
  `bagian_nama` varchar(50) NOT NULL,
  `kordinator_id` int(11) DEFAULT NULL,
  `pj_cuti` int(11) DEFAULT NULL,
  PRIMARY KEY (`bagian_id`)
) ENGINE=MyISAM AUTO_INCREMENT=38 DEFAULT CHARSET=latin1;

/*Data for the table `mbagian` */

insert  into `mbagian`(`bagian_id`,`bagian_nama`,`kordinator_id`,`pj_cuti`) values 
(1,'POLI BPU',22,22),
(2,'UP 24 Jam',27,27),
(3,'Apotek',38,38),
(5,'Poli BP Gigi',33,33),
(6,'Tata Usaha',2,2),
(8,'Loket',85,85),
(9,'Driver',48,48),
(10,'Rumah Bersalin (RB)',61,61),
(11,'Poli Seroja',128,22),
(12,'Poli Tulip',28,22),
(13,'Poli TB',27,22),
(14,'Poli Lavender',30,22),
(15,'Poli Anak',31,22),
(16,'Poli KIA/KB',268,22),
(17,'Laboratorium',128,128),
(18,'Poli Gizi',15,22),
(19,'Kesehatan Lingkungan',68,68),
(20,'Puskesmas Kel. Kayumanis',25,25),
(21,'Puskesmas Kel. Palmeriam',24,24),
(22,'Puskesmas Kel. Kb manggis',23,23),
(23,'Puskesmas Kel. UKS 1',26,26),
(24,'Puskesmas Kel. UKS 2',16,16),
(25,'Puskesmas Kel. UKUT',35,35),
(26,'Promkes',30,30),
(27,'Poli MTBS',29,22),
(28,'POLI PKPR',31,22),
(29,'Fisioterapi',71,22),
(34,'Data dan Informasi',50,50),
(32,'Perencanaan',27,27),
(33,'Kepegawaian',27,27),
(35,'Pengadaan',31,31),
(36,'Barang dan Jasa',10,10),
(37,'Keuangan',3,3);

/*Table structure for table `mcourse` */

DROP TABLE IF EXISTS `mcourse`;

CREATE TABLE `mcourse` (
  `idcourse` int(11) NOT NULL AUTO_INCREMENT,
  `kategori` varchar(20) DEFAULT NULL,
  `title` varchar(50) DEFAULT NULL,
  `jpl` int(11) DEFAULT NULL,
  `materi` text DEFAULT NULL,
  PRIMARY KEY (`idcourse`)
) ENGINE=InnoDB AUTO_INCREMENT=10 DEFAULT CHARSET=utf8mb4;

/*Data for the table `mcourse` */

insert  into `mcourse`(`idcourse`,`kategori`,`title`,`jpl`,`materi`) values 
(6,'Data dan Informasi','Ujian Rekrutmen Pranata Komputer',1,'<p><a href=\"https://docs.google.com/forms/d/e/1FAIpQLSdmDdQ6D3pTBvxCM63fZY9uZ310FAqwy2b37_HnvSoA_oOsFA/formResponse\" target=\"_blank\">Link Ujian</a><br></p>'),
(7,'Dokter','Course Kategori Dokter',2,'<p>Course Kategori Dokter</p><p><a href=\"http://192.168.101.93/sibening/admin\" target=\"_blank\">Link</a><br></p>'),
(9,'Umum','Course Kategori Umum',2,'<p>Course Kategori Umum</p>');

/*Table structure for table `mkategori` */

DROP TABLE IF EXISTS `mkategori`;

CREATE TABLE `mkategori` (
  `idkategori` int(11) NOT NULL AUTO_INCREMENT,
  `kategori` varchar(50) DEFAULT NULL,
  PRIMARY KEY (`idkategori`)
) ENGINE=InnoDB AUTO_INCREMENT=15 DEFAULT CHARSET=utf8mb4;

/*Data for the table `mkategori` */

insert  into `mkategori`(`idkategori`,`kategori`) values 
(1,'Umum'),
(2,'Dokter'),
(3,'Perawat'),
(4,'Tata Usaha'),
(5,'Laboratorium'),
(6,'Kesehatan Lingkungan'),
(7,'Promkes'),
(8,'Fisioterapi'),
(9,'Data dan Informasi'),
(10,'Perencanaan'),
(11,'Kepegawaian'),
(12,'Pengadaan'),
(13,'Barang dan Jasa'),
(14,'Keuangan');

/*Table structure for table `mpeserta` */

DROP TABLE IF EXISTS `mpeserta`;

CREATE TABLE `mpeserta` (
  `idpeserta` int(11) NOT NULL AUTO_INCREMENT,
  `username` varchar(50) DEFAULT NULL,
  `namapeserta` varchar(100) DEFAULT NULL,
  `password` varchar(50) DEFAULT NULL,
  `lastlogin` datetime DEFAULT NULL,
  `bagian_id` int(11) DEFAULT NULL,
  PRIMARY KEY (`idpeserta`)
) ENGINE=InnoDB AUTO_INCREMENT=6 DEFAULT CHARSET=utf8mb4;

/*Data for the table `mpeserta` */

insert  into `mpeserta`(`idpeserta`,`username`,`namapeserta`,`password`,`lastlogin`,`bagian_id`) values 
(1,'rizalpurnomo@gmail.com','Rizal Purnomo','c6318323cc5693ce1f8d220cc9a5030e','2021-07-05 08:21:31',34),
(2,'sidikpurnomo@gmail.com','Sidik Purnomo','eb6b3f6d9a488a9ecb28738cc9911ed8','2021-07-05 08:21:07',34),
(5,'husnulfakhri@gmail.com','Husnul Fakhri','a6870fd395279883571ee16d0c8a0960',NULL,34);

/*Table structure for table `mprofile` */

DROP TABLE IF EXISTS `mprofile`;

CREATE TABLE `mprofile` (
  `id` int(11) NOT NULL AUTO_INCREMENT,
  `appname` varchar(100) DEFAULT NULL,
  PRIMARY KEY (`id`)
) ENGINE=InnoDB AUTO_INCREMENT=2 DEFAULT CHARSET=utf8mb4;

/*Data for the table `mprofile` */

insert  into `mprofile`(`id`,`appname`) values 
(1,'Sibening Apps');

/*Table structure for table `mquestion` */

DROP TABLE IF EXISTS `mquestion`;

CREATE TABLE `mquestion` (
  `idquestion` int(11) NOT NULL AUTO_INCREMENT,
  `idcourse` int(11) DEFAULT NULL,
  `nomor` int(11) DEFAULT NULL,
  `question` longtext DEFAULT NULL,
  `pila` longtext DEFAULT NULL,
  `pilb` longtext DEFAULT NULL,
  `pilc` longtext DEFAULT NULL,
  `pild` longtext DEFAULT NULL,
  `pile` longtext DEFAULT NULL,
  `key` varchar(1) DEFAULT NULL,
  PRIMARY KEY (`idquestion`),
  KEY `idcourse` (`idcourse`),
  CONSTRAINT `mquestion_ibfk_1` FOREIGN KEY (`idcourse`) REFERENCES `mcourse` (`idcourse`) ON UPDATE CASCADE
) ENGINE=InnoDB AUTO_INCREMENT=38 DEFAULT CHARSET=utf8mb4;

/*Data for the table `mquestion` */

insert  into `mquestion`(`idquestion`,`idcourse`,`nomor`,`question`,`pila`,`pilb`,`pilc`,`pild`,`pile`,`key`) values 
(18,6,NULL,'<p><span style=\"color: rgb(32, 33, 36); font-family: &quot;Google Sans&quot;, Roboto, Helvetica, Arial, sans-serif; font-size: 16px; letter-spacing: 0.1px;\">Perintah untuk koneksi PHP di database yang benar dibawah ini adalah</span><br></p>','$conn = mysqli_connect($servername, $username, $password, $database);','$conn = mysql_connect($servername, $username, $password, $database)','$connect = mysqli_connect($servername, $username, $password, $database)','$connect = mysql_connect($servername, $username, $password, $database);','$connect = mysqli_connect($servername, $username, $password, $database);','A'),
(19,6,NULL,'<p><span style=\"color: rgb(32, 33, 36); font-family: &quot;Google Sans&quot;, Roboto, Helvetica, Arial, sans-serif; font-size: 16px; letter-spacing: 0.1px;\">Termasuk network service tipe apakah UDP itu?</span><br></p>','Connectionless','Flow Control','Error correction','Connection-oriented','Buffering-oriented','A'),
(20,6,NULL,'<p><span style=\"color: rgb(32, 33, 36); font-family: &quot;Google Sans&quot;, Roboto, Helvetica, Arial, sans-serif; font-size: 16px; letter-spacing: 0.1px;\">Manakah yang bukan elemen di dalam framework Codeigniter?</span><span class=\"freebirdFormviewerComponentsQuestionBaseRequiredAsterisk\" id=\"i198\" aria-label=\"Pertanyaan wajib\" style=\"color: rgb(217, 48, 37); font-family: &quot;Google Sans&quot;, Roboto, Helvetica, Arial, sans-serif; font-size: 16px; letter-spacing: 0.1px;\">&nbsp;</span><br></p>','Header','Plugin','Library','Helper','Hook','E'),
(21,6,NULL,'<p><span style=\"color: rgb(32, 33, 36); font-family: &quot;Google Sans&quot;, Roboto, Helvetica, Arial, sans-serif; font-size: 16px; letter-spacing: 0.1px;\">Cara memanggil model dalam suatu controller pada Codeigniter adalah</span><br></p>','system.load.model(nama_model);','$this->load->model(nama_model);','$system->load->model(nama_model);','this.load.model(nama_model);','$system->load->model<nama_model>;','B'),
(22,6,NULL,'<p><span style=\"color: rgb(32, 33, 36); font-family: \"Google Sans\", Roboto, Helvetica, Arial, sans-serif; font-size: 16px; letter-spacing: 0.1px;\">Perintah linux untuk melihat isi dalam suatu direktori adalah</span><br></p>','/cd','chmod','cp','ls','ifconfig','D'),
(23,6,NULL,'<p><span style=\"color: rgb(32, 33, 36); font-family: &quot;Google Sans&quot;, Roboto, Helvetica, Arial, sans-serif; font-size: 16px; letter-spacing: 0.1px;\">Perhatikan kode berikut: $nama = array(\"Dina\", \"Aldi\", \"Okta\",\"Bayu\",\"Mirza\"); echo $nama[2]; Kode tersebut menghasilkan output?</span><br></p>','Dina','Aldi','Okta','Bayu','Mirza','C'),
(24,6,NULL,'<p><span style=\"color: rgb(32, 33, 36); font-family: \"Google Sans\", Roboto, Helvetica, Arial, sans-serif; font-size: 16px; letter-spacing: 0.1px;\">Helper dalam Codeigniter adalah</span><br></p>','Kumpulan informasi penjelasan dan tutorial codeigniter','Kumpulan dari library','Sebuah kelas (class)','Kumpulan fungsi untuk melakukan tugas tertentu','Yang mengatur hubungan antara model dengan view','D'),
(25,6,NULL,'<p><span style=\"color: rgb(32, 33, 36); font-family: \"Google Sans\", Roboto, Helvetica, Arial, sans-serif; font-size: 16px; letter-spacing: 0.1px;\">Perhatikan kode Berikut : $a = 50; $b = 10; if ($b>=$a) { echo $b; } Kode tersebut menghasilkan output?</span><span class=\"freebirdFormviewerComponentsQuestionBaseRequiredAsterisk\" id=\"i141\" aria-label=\"Pertanyaan wajib\" style=\"color: rgb(217, 48, 37); font-family: \"Google Sans\", Roboto, Helvetica, Arial, sans-serif; font-size: 16px; letter-spacing: 0.1px;\"></span><br></p>','50','10','40','Error pada sintak program','Tidak menghasilkan output','E'),
(26,6,NULL,'<p><span style=\"color: rgb(32, 33, 36); font-family: \"Google Sans\", Roboto, Helvetica, Arial, sans-serif; font-size: 16px; letter-spacing: 0.1px;\">Manakah di bawah ini yang terjadi pertama kali ketika koneksi tersambung?</span><br></p>','Service Request Coordination','Response Coordination','Synchronization and Acknowledgement','Flow control and error recovery','Information download','C'),
(27,6,NULL,'<p><span style=\"color: rgb(32, 33, 36); font-family: &quot;Google Sans&quot;, Roboto, Helvetica, Arial, sans-serif; font-size: 16px; letter-spacing: 0.1px;\">Berikut adalah fitur yang terdapat pada file konfigurasi SSH, kecuali</span><br></p>','Port','ListenAddress','HostKey','RandomSeed','UserLog','E'),
(28,7,NULL,'','','','','','',''),
(29,7,NULL,'','','','','','',''),
(30,7,NULL,'','','','','','',''),
(31,7,NULL,'','','','','','',''),
(32,7,NULL,'','','','','','',''),
(33,7,NULL,'','','','','','',''),
(34,7,NULL,'','','','','','',''),
(35,7,NULL,'','','','','','',''),
(36,7,NULL,'','','','','','',''),
(37,7,NULL,'','','','','','','');

/*Table structure for table `muser` */

DROP TABLE IF EXISTS `muser`;

CREATE TABLE `muser` (
  `iduser` int(11) NOT NULL AUTO_INCREMENT,
  `username` varchar(50) DEFAULT NULL,
  `realname` varchar(100) DEFAULT NULL,
  `password` varchar(200) DEFAULT NULL,
  `lastlogin` datetime DEFAULT NULL,
  PRIMARY KEY (`iduser`)
) ENGINE=InnoDB AUTO_INCREMENT=2 DEFAULT CHARSET=utf8mb4;

/*Data for the table `muser` */

insert  into `muser`(`iduser`,`username`,`realname`,`password`,`lastlogin`) values 
(1,'rizal','Rizal Purnomo','c6318323cc5693ce1f8d220cc9a5030e','2021-07-15 08:27:38');

/*!40101 SET SQL_MODE=@OLD_SQL_MODE */;
/*!40014 SET FOREIGN_KEY_CHECKS=@OLD_FOREIGN_KEY_CHECKS */;
/*!40014 SET UNIQUE_CHECKS=@OLD_UNIQUE_CHECKS */;
/*!40111 SET SQL_NOTES=@OLD_SQL_NOTES */;
